date,panchayat_id,block,block_rainfall_forecast,temperature,humidity,wind_speed,actual_rainfall
2024-06-01,kanheri,Baramati,41.1,24.9,89,10.9,41.4
2024-06-01,jalochi,Baramati,41.1,24.9,89,10.9,37.1
2024-06-01,medad,Baramati,41.1,24.9,89,10.9,40.4
2024-06-01,nimbut,Baramati,41.1,24.9,89,10.9,38.3
2024-06-01,songaon,Baramati,41.1,24.9,89,10.9,43.3
2024-06-01,gunawadi,Baramati,41.1,24.9,89,10.9,41.6
2024-06-01,pandare,Baramati,41.1,24.9,89,10.9,36.1
2024-06-01,korhale,Baramati,41.1,24.9,89,10.9,49.5
2024-06-01,lasalgaon,Niphad,0.0,29.2,83,12.8,0.0
2024-06-01,pimpalgaon,Niphad,0.0,29.2,83,12.8,0.0
2024-06-01,vinchur,Niphad,0.0,29.2,83,12.8,0.0
2024-06-01,ozar,Niphad,0.0,29.2,83,12.8,0.0
2024-06-01,shendurni,Jamner,73.5,23.1,99,12.6,95.7
2024-06-01,pahur,Jamner,73.5,23.1,99,12.6,73.1
2024-06-01,neri,Jamner,73.5,23.1,99,12.6,69.9
2024-06-01,lohara,Jamner,73.5,23.1,99,12.6,60.9
2024-06-02,kanheri,Baramati,0.0,26.4,72,13.8,0.0
2024-06-02,jalochi,Baramati,0.0,26.4,72,13.8,0.0
2024-06-02,medad,Baramati,0.0,26.4,72,13.8,0.0
2024-06-02,nimbut,Baramati,0.0,26.4,72,13.8,0.0
2024-06-02,songaon,Baramati,0.0,26.4,72,13.8,0.0
2024-06-02,gunawadi,Baramati,0.0,26.4,72,13.8,0.0
2024-06-02,pandare,Baramati,0.0,26.4,72,13.8,0.0
2024-06-02,korhale,Baramati,0.0,26.4,72,13.8,0.0
2024-06-02,lasalgaon,Niphad,48.1,23.7,96,9.7,35.9
2024-06-02,pimpalgaon,Niphad,48.1,23.7,96,9.7,39.3
2024-06-02,vinchur,Niphad,48.1,23.7,96,9.7,60.2
2024-06-02,ozar,Niphad,48.1,23.7,96,9.7,55.7
2024-06-02,shendurni,Jamner,32.9,24.2,90,16.1,55.1
2024-06-02,pahur,Jamner,32.9,24.2,90,16.1,37.7
2024-06-02,neri,Jamner,32.9,24.2,90,16.1,22.7
2024-06-02,lohara,Jamner,32.9,24.2,90,16.1,21.3
2024-06-03,kanheri,Baramati,3.6,28.0,73,9.1,3.7
2024-06-03,jalochi,Baramati,3.6,28.0,73,9.1,3.3
2024-06-03,medad,Baramati,3.6,28.0,73,9.1,4.2
2024-06-03,nimbut,Baramati,3.6,28.0,73,9.1,4.6
2024-06-03,songaon,Baramati,3.6,28.0,73,9.1,3.6
2024-06-03,gunawadi,Baramati,3.6,28.0,73,9.1,2.4
2024-06-03,pandare,Baramati,3.6,28.0,73,9.1,3.6
2024-06-03,korhale,Baramati,3.6,28.0,73,9.1,4.5
2024-06-03,lasalgaon,Niphad,22.4,26.5,80,11.5,21.9
2024-06-03,pimpalgaon,Niphad,22.4,26.5,80,11.5,21.6
2024-06-03,vinchur,Niphad,22.4,26.5,80,11.5,25.3
2024-06-03,ozar,Niphad,22.4,26.5,80,11.5,27.0
2024-06-03,shendurni,Jamner,6.7,26.7,73,14.2,6.6
2024-06-03,pahur,Jamner,6.7,26.7,73,14.2,7.3
2024-06-03,neri,Jamner,6.7,26.7,73,14.2,6.0
2024-06-03,lohara,Jamner,6.7,26.7,73,14.2,6.1
2024-06-04,kanheri,Baramati,28.8,25.1,85,7.1,28.5
2024-06-04,jalochi,Baramati,28.8,25.1,85,7.1,27.9
2024-06-04,medad,Baramati,28.8,25.1,85,7.1,28.2
2024-06-04,nimbut,Baramati,28.8,25.1,85,7.1,28.5
2024-06-04,songaon,Baramati,28.8,25.1,85,7.1,20.8
2024-06-04,gunawadi,Baramati,28.8,25.1,85,7.1,21.8
2024-06-04,pandare,Baramati,28.8,25.1,85,7.1,24.6
2024-06-04,korhale,Baramati,28.8,25.1,85,7.1,34.8
2024-06-04,lasalgaon,Niphad,21.6,28.0,85,15.8,19.1
2024-06-04,pimpalgaon,Niphad,21.6,28.0,85,15.8,22.1
2024-06-04,vinchur,Niphad,21.6,28.0,85,15.8,24.4
2024-06-04,ozar,Niphad,21.6,28.0,85,15.8,28.0
2024-06-04,shendurni,Jamner,22.9,25.7,82,9.8,24.0
2024-06-04,pahur,Jamner,22.9,25.7,82,9.8,27.7
2024-06-04,neri,Jamner,22.9,25.7,82,9.8,24.6
2024-06-04,lohara,Jamner,22.9,25.7,82,9.8,15.9
2024-06-05,kanheri,Baramati,18.0,27.5,85,8.8,22.2
2024-06-05,jalochi,Baramati,18.0,27.5,85,8.8,15.5
2024-06-05,medad,Baramati,18.0,27.5,85,8.8,17.3
2024-06-05,nimbut,Baramati,18.0,27.5,85,8.8,17.6
2024-06-05,songaon,Baramati,18.0,27.5,85,8.8,14.9
2024-06-05,gunawadi,Baramati,18.0,27.5,85,8.8,16.4
2024-06-05,pandare,Baramati,18.0,27.5,85,8.8,17.9
2024-06-05,korhale,Baramati,18.0,27.5,85,8.8,23.0
2024-06-05,lasalgaon,Niphad,32.1,25.8,87,17.4,35.1
2024-06-05,pimpalgaon,Niphad,32.1,25.8,87,17.4,36.8
2024-06-05,vinchur,Niphad,32.1,25.8,87,17.4,30.9
2024-06-05,ozar,Niphad,32.1,25.8,87,17.4,40.3
2024-06-05,shendurni,Jamner,0.0,29.3,78,15.7,0.0
2024-06-05,pahur,Jamner,0.0,29.3,78,15.7,0.0
2024-06-05,neri,Jamner,0.0,29.3,78,15.7,0.0
2024-06-05,lohara,Jamner,0.0,29.3,78,15.7,0.0
2024-06-06,kanheri,Baramati,0.0,26.7,76,21.3,0.0
2024-06-06,jalochi,Baramati,0.0,26.7,76,21.3,0.0
2024-06-06,medad,Baramati,0.0,26.7,76,21.3,0.0
2024-06-06,nimbut,Baramati,0.0,26.7,76,21.3,0.0
2024-06-06,songaon,Baramati,0.0,26.7,76,21.3,0.0
2024-06-06,gunawadi,Baramati,0.0,26.7,76,21.3,0.0
2024-06-06,pandare,Baramati,0.0,26.7,76,21.3,0.0
2024-06-06,korhale,Baramati,0.0,26.7,76,21.3,0.0
2024-06-06,lasalgaon,Niphad,0.0,28.3,75,15.8,0.0
2024-06-06,pimpalgaon,Niphad,0.0,28.3,75,15.8,0.0
2024-06-06,vinchur,Niphad,0.0,28.3,75,15.8,0.0
2024-06-06,ozar,Niphad,0.0,28.3,75,15.8,0.0
2024-06-06,shendurni,Jamner,53.4,23.8,95,11.5,63.7
2024-06-06,pahur,Jamner,53.4,23.8,95,11.5,47.3
2024-06-06,neri,Jamner,53.4,23.8,95,11.5,36.6
2024-06-06,lohara,Jamner,53.4,23.8,95,11.5,41.7
2024-06-07,kanheri,Baramati,3.5,27.6,66,20.8,4.2
2024-06-07,jalochi,Baramati,3.5,27.6,66,20.8,2.9
2024-06-07,medad,Baramati,3.5,27.6,66,20.8,3.4
2024-06-07,nimbut,Baramati,3.5,27.6,66,20.8,4.4
2024-06-07,songaon,Baramati,3.5,27.6,66,20.8,3.1
2024-06-07,gunawadi,Baramati,3.5,27.6,66,20.8,3.8
2024-06-07,pandare,Baramati,3.5,27.6,66,20.8,3.1
2024-06-07,korhale,Baramati,3.5,27.6,66,20.8,4.5
2024-06-07,lasalgaon,Niphad,0.0,28.9,70,11.2,0.0
2024-06-07,pimpalgaon,Niphad,0.0,28.9,70,11.2,0.0
2024-06-07,vinchur,Niphad,0.0,28.9,70,11.2,0.0
2024-06-07,ozar,Niphad,0.0,28.9,70,11.2,0.0
2024-06-07,shendurni,Jamner,0.0,27.9,86,14.8,0.0
2024-06-07,pahur,Jamner,0.0,27.9,86,14.8,0.0
2024-06-07,neri,Jamner,0.0,27.9,86,14.8,0.0
2024-06-07,lohara,Jamner,0.0,27.9,86,14.8,0.0
2024-06-08,kanheri,Baramati,30.2,24.4,85,15.1,24.9
2024-06-08,jalochi,Baramati,30.2,24.4,85,15.1,36.0
2024-06-08,medad,Baramati,30.2,24.4,85,15.1,29.5
2024-06-08,nimbut,Baramati,30.2,24.4,85,15.1,30.1
2024-06-08,songaon,Baramati,30.2,24.4,85,15.1,21.5
2024-06-08,gunawadi,Baramati,30.2,24.4,85,15.1,31.9
2024-06-08,pandare,Baramati,30.2,24.4,85,15.1,19.8
2024-06-08,korhale,Baramati,30.2,24.4,85,15.1,39.6
2024-06-08,lasalgaon,Niphad,10.3,27.3,75,13.4,10.3
2024-06-08,pimpalgaon,Niphad,10.3,27.3,75,13.4,6.9
2024-06-08,vinchur,Niphad,10.3,27.3,75,13.4,14.6
2024-06-08,ozar,Niphad,10.3,27.3,75,13.4,10.3
2024-06-08,shendurni,Jamner,41.6,26.5,95,10.7,45.9
2024-06-08,pahur,Jamner,41.6,26.5,95,10.7,33.1
2024-06-08,neri,Jamner,41.6,26.5,95,10.7,41.5
2024-06-08,lohara,Jamner,41.6,26.5,95,10.7,44.6
2024-06-09,kanheri,Baramati,0.0,27.1,77,18.3,0.0
2024-06-09,jalochi,Baramati,0.0,27.1,77,18.3,0.0
2024-06-09,medad,Baramati,0.0,27.1,77,18.3,0.0
2024-06-09,nimbut,Baramati,0.0,27.1,77,18.3,0.0
2024-06-09,songaon,Baramati,0.0,27.1,77,18.3,0.0
2024-06-09,gunawadi,Baramati,0.0,27.1,77,18.3,0.0
2024-06-09,pandare,Baramati,0.0,27.1,77,18.3,0.0
2024-06-09,korhale,Baramati,0.0,27.1,77,18.3,0.0
2024-06-09,lasalgaon,Niphad,40.9,24.1,99,17.4,31.2
2024-06-09,pimpalgaon,Niphad,40.9,24.1,99,17.4,40.3
2024-06-09,vinchur,Niphad,40.9,24.1,99,17.4,34.2
2024-06-09,ozar,Niphad,40.9,24.1,99,17.4,48.1
2024-06-09,shendurni,Jamner,0.0,29.8,74,13.3,0.0
2024-06-09,pahur,Jamner,0.0,29.8,74,13.3,0.0
2024-06-09,neri,Jamner,0.0,29.8,74,13.3,0.0
2024-06-09,lohara,Jamner,0.0,29.8,74,13.3,0.0
2024-06-10,kanheri,Baramati,20.4,27.2,83,13.9,25.1
2024-06-10,jalochi,Baramati,20.4,27.2,83,13.9,16.3
2024-06-10,medad,Baramati,20.4,27.2,83,13.9,27.4
2024-06-10,nimbut,Baramati,20.4,27.2,83,13.9,26.5
2024-06-10,songaon,Baramati,20.4,27.2,83,13.9,25.1
2024-06-10,gunawadi,Baramati,20.4,27.2,83,13.9,16.7
2024-06-10,pandare,Baramati,20.4,27.2,83,13.9,18.7
2024-06-10,korhale,Baramati,20.4,27.2,83,13.9,21.7
2024-06-10,lasalgaon,Niphad,0.0,28.8,72,15.8,0.0
2024-06-10,pimpalgaon,Niphad,0.0,28.8,72,15.8,0.0
2024-06-10,vinchur,Niphad,0.0,28.8,72,15.8,0.0
2024-06-10,ozar,Niphad,0.0,28.8,72,15.8,0.0
2024-06-10,shendurni,Jamner,0.0,28.1,80,18.3,0.0
2024-06-10,pahur,Jamner,0.0,28.1,80,18.3,0.0
2024-06-10,neri,Jamner,0.0,28.1,80,18.3,0.0
2024-06-10,lohara,Jamner,0.0,28.1,80,18.3,0.0
2024-06-11,kanheri,Baramati,0.0,27.5,71,9.7,0.0
2024-06-11,jalochi,Baramati,0.0,27.5,71,9.7,0.0
2024-06-11,medad,Baramati,0.0,27.5,71,9.7,0.0
2024-06-11,nimbut,Baramati,0.0,27.5,71,9.7,0.0
2024-06-11,songaon,Baramati,0.0,27.5,71,9.7,0.0
2024-06-11,gunawadi,Baramati,0.0,27.5,71,9.7,0.0
2024-06-11,pandare,Baramati,0.0,27.5,71,9.7,0.0
2024-06-11,korhale,Baramati,0.0,27.5,71,9.7,0.0
2024-06-11,lasalgaon,Niphad,0.0,30.3,75,5.4,0.0
2024-06-11,pimpalgaon,Niphad,0.0,30.3,75,5.4,0.0
2024-06-11,vinchur,Niphad,0.0,30.3,75,5.4,0.0
2024-06-11,ozar,Niphad,0.0,30.3,75,5.4,0.0
2024-06-11,shendurni,Jamner,0.0,28.9,71,7.2,0.0
2024-06-11,pahur,Jamner,0.0,28.9,71,7.2,0.0
2024-06-11,neri,Jamner,0.0,28.9,71,7.2,0.0
2024-06-11,lohara,Jamner,0.0,28.9,71,7.2,0.0
2024-06-12,kanheri,Baramati,14.5,27.4,78,16.0,14.7
2024-06-12,jalochi,Baramati,14.5,27.4,78,16.0,15.8
2024-06-12,medad,Baramati,14.5,27.4,78,16.0,16.0
2024-06-12,nimbut,Baramati,14.5,27.4,78,16.0,16.3
2024-06-12,songaon,Baramati,14.5,27.4,78,16.0,13.5
2024-06-12,gunawadi,Baramati,14.5,27.4,78,16.0,15.5
2024-06-12,pandare,Baramati,14.5,27.4,78,16.0,12.7
2024-06-12,korhale,Baramati,14.5,27.4,78,16.0,19.7
2024-06-12,lasalgaon,Niphad,24.2,26.0,81,13.9,25.9
2024-06-12,pimpalgaon,Niphad,24.2,26.0,81,13.9,24.0
2024-06-12,vinchur,Niphad,24.2,26.0,81,13.9,24.0
2024-06-12,ozar,Niphad,24.2,26.0,81,13.9,30.7
2024-06-12,shendurni,Jamner,55.3,25.9,99,13.8,60.7
2024-06-12,pahur,Jamner,55.3,25.9,99,13.8,46.6
2024-06-12,neri,Jamner,55.3,25.9,99,13.8,52.3
2024-06-12,lohara,Jamner,55.3,25.9,99,13.8,46.1
2024-06-13,kanheri,Baramati,10.0,26.9,73,14.2,9.6
2024-06-13,jalochi,Baramati,10.0,26.9,73,14.2,9.8
2024-06-13,medad,Baramati,10.0,26.9,73,14.2,12.9
2024-06-13,nimbut,Baramati,10.0,26.9,73,14.2,9.1
2024-06-13,songaon,Baramati,10.0,26.9,73,14.2,8.3
2024-06-13,gunawadi,Baramati,10.0,26.9,73,14.2,10.3
2024-06-13,pandare,Baramati,10.0,26.9,73,14.2,5.5
2024-06-13,korhale,Baramati,10.0,26.9,73,14.2,11.1
2024-06-13,lasalgaon,Niphad,51.0,25.4,97,14.2,51.2
2024-06-13,pimpalgaon,Niphad,51.0,25.4,97,14.2,37.7
2024-06-13,vinchur,Niphad,51.0,25.4,97,14.2,46.9
2024-06-13,ozar,Niphad,51.0,25.4,97,14.2,56.3
2024-06-13,shendurni,Jamner,48.3,21.6,99,11.7,65.2
2024-06-13,pahur,Jamner,48.3,21.6,99,11.7,56.7
2024-06-13,neri,Jamner,48.3,21.6,99,11.7,39.1
2024-06-13,lohara,Jamner,48.3,21.6,99,11.7,37.7
2024-06-14,kanheri,Baramati,7.0,27.5,78,15.6,8.9
2024-06-14,jalochi,Baramati,7.0,27.5,78,15.6,7.9
2024-06-14,medad,Baramati,7.0,27.5,78,15.6,7.0
2024-06-14,nimbut,Baramati,7.0,27.5,78,15.6,6.6
2024-06-14,songaon,Baramati,7.0,27.5,78,15.6,6.4
2024-06-14,gunawadi,Baramati,7.0,27.5,78,15.6,5.7
2024-06-14,pandare,Baramati,7.0,27.5,78,15.6,6.1
2024-06-14,korhale,Baramati,7.0,27.5,78,15.6,6.6
2024-06-14,lasalgaon,Niphad,0.0,30.4,77,14.7,0.0
2024-06-14,pimpalgaon,Niphad,0.0,30.4,77,14.7,0.0
2024-06-14,vinchur,Niphad,0.0,30.4,77,14.7,0.0
2024-06-14,ozar,Niphad,0.0,30.4,77,14.7,0.0
2024-06-14,shendurni,Jamner,0.0,27.7,76,9.6,0.0
2024-06-14,pahur,Jamner,0.0,27.7,76,9.6,0.0
2024-06-14,neri,Jamner,0.0,27.7,76,9.6,0.0
2024-06-14,lohara,Jamner,0.0,27.7,76,9.6,0.0
2024-06-15,kanheri,Baramati,0.0,26.6,81,14.2,0.0
2024-06-15,jalochi,Baramati,0.0,26.6,81,14.2,0.0
2024-06-15,medad,Baramati,0.0,26.6,81,14.2,0.0
2024-06-15,nimbut,Baramati,0.0,26.6,81,14.2,0.0
2024-06-15,songaon,Baramati,0.0,26.6,81,14.2,0.0
2024-06-15,gunawadi,Baramati,0.0,26.6,81,14.2,0.0
2024-06-15,pandare,Baramati,0.0,26.6,81,14.2,0.0
2024-06-15,korhale,Baramati,0.0,26.6,81,14.2,0.0
2024-06-15,lasalgaon,Niphad,61.4,25.3,93,15.9,53.8
2024-06-15,pimpalgaon,Niphad,61.4,25.3,93,15.9,41.5
2024-06-15,vinchur,Niphad,61.4,25.3,93,15.9,71.1
2024-06-15,ozar,Niphad,61.4,25.3,93,15.9,77.0
2024-06-15,shendurni,Jamner,49.8,23.6,96,23.5,49.0
2024-06-15,pahur,Jamner,49.8,23.6,96,23.5,47.7
2024-06-15,neri,Jamner,49.8,23.6,96,23.5,41.5
2024-06-15,lohara,Jamner,49.8,23.6,96,23.5,35.7
2024-06-16,kanheri,Baramati,0.0,28.6,76,14.0,0.0
2024-06-16,jalochi,Baramati,0.0,28.6,76,14.0,0.0
2024-06-16,medad,Baramati,0.0,28.6,76,14.0,0.0
2024-06-16,nimbut,Baramati,0.0,28.6,76,14.0,0.0
2024-06-16,songaon,Baramati,0.0,28.6,76,14.0,0.0
2024-06-16,gunawadi,Baramati,0.0,28.6,76,14.0,0.0
2024-06-16,pandare,Baramati,0.0,28.6,76,14.0,0.0
2024-06-16,korhale,Baramati,0.0,28.6,76,14.0,0.0
2024-06-16,lasalgaon,Niphad,35.8,25.7,90,12.1,24.8
2024-06-16,pimpalgaon,Niphad,35.8,25.7,90,12.1,34.6
2024-06-16,vinchur,Niphad,35.8,25.7,90,12.1,33.6
2024-06-16,ozar,Niphad,35.8,25.7,90,12.1,39.1
2024-06-16,shendurni,Jamner,23.1,26.6,92,12.4,23.5
2024-06-16,pahur,Jamner,23.1,26.6,92,12.4,21.5
2024-06-16,neri,Jamner,23.1,26.6,92,12.4,22.9
2024-06-16,lohara,Jamner,23.1,26.6,92,12.4,18.3
2024-06-17,kanheri,Baramati,10.9,27.8,86,10.1,13.6
2024-06-17,jalochi,Baramati,10.9,27.8,86,10.1,10.1
2024-06-17,medad,Baramati,10.9,27.8,86,10.1,13.6
2024-06-17,nimbut,Baramati,10.9,27.8,86,10.1,10.3
2024-06-17,songaon,Baramati,10.9,27.8,86,10.1,11.5
2024-06-17,gunawadi,Baramati,10.9,27.8,86,10.1,9.4
2024-06-17,pandare,Baramati,10.9,27.8,86,10.1,9.0
2024-06-17,korhale,Baramati,10.9,27.8,86,10.1,13.5
2024-06-17,lasalgaon,Niphad,30.4,27.2,83,9.7,21.4
2024-06-17,pimpalgaon,Niphad,30.4,27.2,83,9.7,24.9
2024-06-17,vinchur,Niphad,30.4,27.2,83,9.7,31.8
2024-06-17,ozar,Niphad,30.4,27.2,83,9.7,31.9
2024-06-17,shendurni,Jamner,54.5,24.7,96,10.7,52.3
2024-06-17,pahur,Jamner,54.5,24.7,96,10.7,59.1
2024-06-17,neri,Jamner,54.5,24.7,96,10.7,41.1
2024-06-17,lohara,Jamner,54.5,24.7,96,10.7,43.7
2024-06-18,kanheri,Baramati,16.4,26.6,85,10.6,16.5
2024-06-18,jalochi,Baramati,16.4,26.6,85,10.6,16.7
2024-06-18,medad,Baramati,16.4,26.6,85,10.6,18.3
2024-06-18,nimbut,Baramati,16.4,26.6,85,10.6,17.9
2024-06-18,songaon,Baramati,16.4,26.6,85,10.6,13.5
2024-06-18,gunawadi,Baramati,16.4,26.6,85,10.6,15.6
2024-06-18,pandare,Baramati,16.4,26.6,85,10.6,11.2
2024-06-18,korhale,Baramati,16.4,26.6,85,10.6,18.9
2024-06-18,lasalgaon,Niphad,37.2,23.7,90,11.6,28.0
2024-06-18,pimpalgaon,Niphad,37.2,23.7,90,11.6,27.2
2024-06-18,vinchur,Niphad,37.2,23.7,90,11.6,39.3
2024-06-18,ozar,Niphad,37.2,23.7,90,11.6,33.7
2024-06-18,shendurni,Jamner,19.1,25.9,85,11.9,19.6
2024-06-18,pahur,Jamner,19.1,25.9,85,11.9,18.7
2024-06-18,neri,Jamner,19.1,25.9,85,11.9,14.5
2024-06-18,lohara,Jamner,19.1,25.9,85,11.9,15.0
2024-06-19,kanheri,Baramati,16.2,28.7,79,13.8,18.6
2024-06-19,jalochi,Baramati,16.2,28.7,79,13.8,12.8
2024-06-19,medad,Baramati,16.2,28.7,79,13.8,20.4
2024-06-19,nimbut,Baramati,16.2,28.7,79,13.8,15.3
2024-06-19,songaon,Baramati,16.2,28.7,79,13.8,13.4
2024-06-19,gunawadi,Baramati,16.2,28.7,79,13.8,12.9
2024-06-19,pandare,Baramati,16.2,28.7,79,13.8,14.8
2024-06-19,korhale,Baramati,16.2,28.7,79,13.8,17.6
2024-06-19,lasalgaon,Niphad,76.2,25.0,99,12.6,72.9
2024-06-19,pimpalgaon,Niphad,76.2,25.0,99,12.6,71.2
2024-06-19,vinchur,Niphad,76.2,25.0,99,12.6,87.3
2024-06-19,ozar,Niphad,76.2,25.0,99,12.6,69.5
2024-06-19,shendurni,Jamner,23.5,27.2,81,9.6,28.3
2024-06-19,pahur,Jamner,23.5,27.2,81,9.6,24.0
2024-06-19,neri,Jamner,23.5,27.2,81,9.6,19.7
2024-06-19,lohara,Jamner,23.5,27.2,81,9.6,14.4
2024-06-20,kanheri,Baramati,24.4,23.3,85,11.6,21.9
2024-06-20,jalochi,Baramati,24.4,23.3,85,11.6,24.5
2024-06-20,medad,Baramati,24.4,23.3,85,11.6,34.8
2024-06-20,nimbut,Baramati,24.4,23.3,85,11.6,20.6
2024-06-20,songaon,Baramati,24.4,23.3,85,11.6,20.3
2024-06-20,gunawadi,Baramati,24.4,23.3,85,11.6,21.8
2024-06-20,pandare,Baramati,24.4,23.3,85,11.6,17.3
2024-06-20,korhale,Baramati,24.4,23.3,85,11.6,24.1
2024-06-20,lasalgaon,Niphad,0.0,25.5,78,16.0,0.0
2024-06-20,pimpalgaon,Niphad,0.0,25.5,78,16.0,0.0
2024-06-20,vinchur,Niphad,0.0,25.5,78,16.0,0.0
2024-06-20,ozar,Niphad,0.0,25.5,78,16.0,0.0
2024-06-20,shendurni,Jamner,11.2,28.0,77,15.8,15.6
2024-06-20,pahur,Jamner,11.2,28.0,77,15.8,12.8
2024-06-20,neri,Jamner,11.2,28.0,77,15.8,10.2
2024-06-20,lohara,Jamner,11.2,28.0,77,15.8,8.4
2024-06-21,kanheri,Baramati,21.8,25.0,86,4.0,24.4
2024-06-21,jalochi,Baramati,21.8,25.0,86,4.0,17.5
2024-06-21,medad,Baramati,21.8,25.0,86,4.0,25.6
2024-06-21,nimbut,Baramati,21.8,25.0,86,4.0,17.7
2024-06-21,songaon,Baramati,21.8,25.0,86,4.0,22.4
2024-06-21,gunawadi,Baramati,21.8,25.0,86,4.0,21.3
2024-06-21,pandare,Baramati,21.8,25.0,86,4.0,17.3
2024-06-21,korhale,Baramati,21.8,25.0,86,4.0,25.2
2024-06-21,lasalgaon,Niphad,44.0,22.7,89,14.8,39.3
2024-06-21,pimpalgaon,Niphad,44.0,22.7,89,14.8,30.0
2024-06-21,vinchur,Niphad,44.0,22.7,89,14.8,47.0
2024-06-21,ozar,Niphad,44.0,22.7,89,14.8,53.8
2024-06-21,shendurni,Jamner,18.8,26.0,78,14.0,22.0
2024-06-21,pahur,Jamner,18.8,26.0,78,14.0,20.4
2024-06-21,neri,Jamner,18.8,26.0,78,14.0,13.1
2024-06-21,lohara,Jamner,18.8,26.0,78,14.0,17.5
2024-06-22,kanheri,Baramati,6.2,29.1,80,11.1,5.4
2024-06-22,jalochi,Baramati,6.2,29.1,80,11.1,4.7
2024-06-22,medad,Baramati,6.2,29.1,80,11.1,7.6
2024-06-22,nimbut,Baramati,6.2,29.1,80,11.1,6.5
2024-06-22,songaon,Baramati,6.2,29.1,80,11.1,4.8
2024-06-22,gunawadi,Baramati,6.2,29.1,80,11.1,5.2
2024-06-22,pandare,Baramati,6.2,29.1,80,11.1,5.5
2024-06-22,korhale,Baramati,6.2,29.1,80,11.1,7.7
2024-06-22,lasalgaon,Niphad,48.4,25.3,91,13.9,45.6
2024-06-22,pimpalgaon,Niphad,48.4,25.3,91,13.9,36.7
2024-06-22,vinchur,Niphad,48.4,25.3,91,13.9,51.4
2024-06-22,ozar,Niphad,48.4,25.3,91,13.9,70.2
2024-06-22,shendurni,Jamner,33.4,25.2,84,23.7,37.8
2024-06-22,pahur,Jamner,33.4,25.2,84,23.7,39.8
2024-06-22,neri,Jamner,33.4,25.2,84,23.7,22.9
2024-06-22,lohara,Jamner,33.4,25.2,84,23.7,23.6
2024-06-23,kanheri,Baramati,22.2,25.7,90,9.1,20.7
2024-06-23,jalochi,Baramati,22.2,25.7,90,9.1,19.7
2024-06-23,medad,Baramati,22.2,25.7,90,9.1,22.8
2024-06-23,nimbut,Baramati,22.2,25.7,90,9.1,19.6
2024-06-23,songaon,Baramati,22.2,25.7,90,9.1,16.9
2024-06-23,gunawadi,Baramati,22.2,25.7,90,9.1,22.5
2024-06-23,pandare,Baramati,22.2,25.7,90,9.1,16.4
2024-06-23,korhale,Baramati,22.2,25.7,90,9.1,31.6
2024-06-23,lasalgaon,Niphad,14.5,25.9,74,9.1,13.6
2024-06-23,pimpalgaon,Niphad,14.5,25.9,74,9.1,10.1
2024-06-23,vinchur,Niphad,14.5,25.9,74,9.1,13.0
2024-06-23,ozar,Niphad,14.5,25.9,74,9.1,19.7
2024-06-23,shendurni,Jamner,82.2,21.9,90,17.7,71.7
2024-06-23,pahur,Jamner,82.2,21.9,90,17.7,116.9
2024-06-23,neri,Jamner,82.2,21.9,90,17.7,90.4
2024-06-23,lohara,Jamner,82.2,21.9,90,17.7,60.8
2024-06-24,kanheri,Baramati,29.4,25.8,90,20.4,31.0
2024-06-24,jalochi,Baramati,29.4,25.8,90,20.4,34.0
2024-06-24,medad,Baramati,29.4,25.8,90,20.4,27.3
2024-06-24,nimbut,Baramati,29.4,25.8,90,20.4,39.5
2024-06-24,songaon,Baramati,29.4,25.8,90,20.4,20.3
2024-06-24,gunawadi,Baramati,29.4,25.8,90,20.4,24.9
2024-06-24,pandare,Baramati,29.4,25.8,90,20.4,24.9
2024-06-24,korhale,Baramati,29.4,25.8,90,20.4,37.7
2024-06-24,lasalgaon,Niphad,21.6,26.8,86,6.1,18.2
2024-06-24,pimpalgaon,Niphad,21.6,26.8,86,6.1,22.4
2024-06-24,vinchur,Niphad,21.6,26.8,86,6.1,23.6
2024-06-24,ozar,Niphad,21.6,26.8,86,6.1,26.5
2024-06-24,shendurni,Jamner,52.6,23.2,99,18.1,49.1
2024-06-24,pahur,Jamner,52.6,23.2,99,18.1,51.4
2024-06-24,neri,Jamner,52.6,23.2,99,18.1,44.5
2024-06-24,lohara,Jamner,52.6,23.2,99,18.1,39.6
2024-06-25,kanheri,Baramati,13.7,30.1,84,15.2,14.5
2024-06-25,jalochi,Baramati,13.7,30.1,84,15.2,12.1
2024-06-25,medad,Baramati,13.7,30.1,84,15.2,14.4
2024-06-25,nimbut,Baramati,13.7,30.1,84,15.2,13.6
2024-06-25,songaon,Baramati,13.7,30.1,84,15.2,14.3
2024-06-25,gunawadi,Baramati,13.7,30.1,84,15.2,10.8
2024-06-25,pandare,Baramati,13.7,30.1,84,15.2,12.0
2024-06-25,korhale,Baramati,13.7,30.1,84,15.2,15.1
2024-06-25,lasalgaon,Niphad,92.5,23.3,96,15.5,89.6
2024-06-25,pimpalgaon,Niphad,92.5,23.3,96,15.5,103.5
2024-06-25,vinchur,Niphad,92.5,23.3,96,15.5,78.2
2024-06-25,ozar,Niphad,92.5,23.3,96,15.5,127.4
2024-06-25,shendurni,Jamner,26.1,25.1,85,19.3,32.5
2024-06-25,pahur,Jamner,26.1,25.1,85,19.3,26.3
2024-06-25,neri,Jamner,26.1,25.1,85,19.3,31.9
2024-06-25,lohara,Jamner,26.1,25.1,85,19.3,22.2
2024-06-26,kanheri,Baramati,55.1,25.6,99,11.5,50.6
2024-06-26,jalochi,Baramati,55.1,25.6,99,11.5,45.1
2024-06-26,medad,Baramati,55.1,25.6,99,11.5,64.4
2024-06-26,nimbut,Baramati,55.1,25.6,99,11.5,69.0
2024-06-26,songaon,Baramati,55.1,25.6,99,11.5,55.4
2024-06-26,gunawadi,Baramati,55.1,25.6,99,11.5,55.7
2024-06-26,pandare,Baramati,55.1,25.6,99,11.5,53.5
2024-06-26,korhale,Baramati,55.1,25.6,99,11.5,72.5
2024-06-26,lasalgaon,Niphad,5.9,27.3,73,14.9,4.7
2024-06-26,pimpalgaon,Niphad,5.9,27.3,73,14.9,6.6
2024-06-26,vinchur,Niphad,5.9,27.3,73,14.9,6.9
2024-06-26,ozar,Niphad,5.9,27.3,73,14.9,8.1
2024-06-26,shendurni,Jamner,43.9,25.8,99,19.6,58.3
2024-06-26,pahur,Jamner,43.9,25.8,99,19.6,42.5
2024-06-26,neri,Jamner,43.9,25.8,99,19.6,39.6
2024-06-26,lohara,Jamner,43.9,25.8,99,19.6,44.1
2024-06-27,kanheri,Baramati,97.1,24.4,99,21.8,103.7
2024-06-27,jalochi,Baramati,97.1,24.4,99,21.8,68.9
2024-06-27,medad,Baramati,97.1,24.4,99,21.8,150.4
2024-06-27,nimbut,Baramati,97.1,24.4,99,21.8,123.7
2024-06-27,songaon,Baramati,97.1,24.4,99,21.8,76.8
2024-06-27,gunawadi,Baramati,97.1,24.4,99,21.8,86.8
2024-06-27,pandare,Baramati,97.1,24.4,99,21.8,80.5
2024-06-27,korhale,Baramati,97.1,24.4,99,21.8,109.4
2024-06-27,lasalgaon,Niphad,41.2,24.5,99,11.2,45.2
2024-06-27,pimpalgaon,Niphad,41.2,24.5,99,11.2,32.9
2024-06-27,vinchur,Niphad,41.2,24.5,99,11.2,37.7
2024-06-27,ozar,Niphad,41.2,24.5,99,11.2,42.4
2024-06-27,shendurni,Jamner,21.8,25.9,81,18.5,23.0
2024-06-27,pahur,Jamner,21.8,25.9,81,18.5,21.1
2024-06-27,neri,Jamner,21.8,25.9,81,18.5,17.5
2024-06-27,lohara,Jamner,21.8,25.9,81,18.5,14.3
2024-06-28,kanheri,Baramati,27.7,26.0,82,18.0,22.4
2024-06-28,jalochi,Baramati,27.7,26.0,82,18.0,23.9
2024-06-28,medad,Baramati,27.7,26.0,82,18.0,26.6
2024-06-28,nimbut,Baramati,27.7,26.0,82,18.0,26.0
2024-06-28,songaon,Baramati,27.7,26.0,82,18.0,24.2
2024-06-28,gunawadi,Baramati,27.7,26.0,82,18.0,20.8
2024-06-28,pandare,Baramati,27.7,26.0,82,18.0,20.2
2024-06-28,korhale,Baramati,27.7,26.0,82,18.0,38.3
2024-06-28,lasalgaon,Niphad,19.0,22.0,84,15.9,17.3
2024-06-28,pimpalgaon,Niphad,19.0,22.0,84,15.9,21.4
2024-06-28,vinchur,Niphad,19.0,22.0,84,15.9,19.5
2024-06-28,ozar,Niphad,19.0,22.0,84,15.9,27.2
2024-06-28,shendurni,Jamner,0.0,28.4,79,13.9,0.0
2024-06-28,pahur,Jamner,0.0,28.4,79,13.9,0.0
2024-06-28,neri,Jamner,0.0,28.4,79,13.9,0.0
2024-06-28,lohara,Jamner,0.0,28.4,79,13.9,0.0
2024-06-29,kanheri,Baramati,14.5,26.6,88,9.1,14.4
2024-06-29,jalochi,Baramati,14.5,26.6,88,9.1,11.8
2024-06-29,medad,Baramati,14.5,26.6,88,9.1,15.4
2024-06-29,nimbut,Baramati,14.5,26.6,88,9.1,15.0
2024-06-29,songaon,Baramati,14.5,26.6,88,9.1,15.6
2024-06-29,gunawadi,Baramati,14.5,26.6,88,9.1,15.5
2024-06-29,pandare,Baramati,14.5,26.6,88,9.1,12.9
2024-06-29,korhale,Baramati,14.5,26.6,88,9.1,21.7
2024-06-29,lasalgaon,Niphad,0.0,27.2,77,11.7,0.0
2024-06-29,pimpalgaon,Niphad,0.0,27.2,77,11.7,0.0
2024-06-29,vinchur,Niphad,0.0,27.2,77,11.7,0.0
2024-06-29,ozar,Niphad,0.0,27.2,77,11.7,0.0
2024-06-29,shendurni,Jamner,7.8,28.5,66,8.9,7.7
2024-06-29,pahur,Jamner,7.8,28.5,66,8.9,6.7
2024-06-29,neri,Jamner,7.8,28.5,66,8.9,7.2
2024-06-29,lohara,Jamner,7.8,28.5,66,8.9,6.1
2024-06-30,kanheri,Baramati,0.0,27.6,75,15.7,0.0
2024-06-30,jalochi,Baramati,0.0,27.6,75,15.7,0.0
2024-06-30,medad,Baramati,0.0,27.6,75,15.7,0.0
2024-06-30,nimbut,Baramati,0.0,27.6,75,15.7,0.0
2024-06-30,songaon,Baramati,0.0,27.6,75,15.7,0.0
2024-06-30,gunawadi,Baramati,0.0,27.6,75,15.7,0.0
2024-06-30,pandare,Baramati,0.0,27.6,75,15.7,0.0
2024-06-30,korhale,Baramati,0.0,27.6,75,15.7,0.0
2024-06-30,lasalgaon,Niphad,30.4,25.4,92,11.1,24.9
2024-06-30,pimpalgaon,Niphad,30.4,25.4,92,11.1,23.2
2024-06-30,vinchur,Niphad,30.4,25.4,92,11.1,24.1
2024-06-30,ozar,Niphad,30.4,25.4,92,11.1,36.5
2024-06-30,shendurni,Jamner,70.9,21.8,99,18.0,81.9
2024-06-30,pahur,Jamner,70.9,21.8,99,18.0,91.3
2024-06-30,neri,Jamner,70.9,21.8,99,18.0,48.1
2024-06-30,lohara,Jamner,70.9,21.8,99,18.0,52.8
2024-07-01,kanheri,Baramati,65.7,24.8,99,14.1,57.9
2024-07-01,jalochi,Baramati,65.7,24.8,99,14.1,65.9
2024-07-01,medad,Baramati,65.7,24.8,99,14.1,70.7
2024-07-01,nimbut,Baramati,65.7,24.8,99,14.1,57.4
2024-07-01,songaon,Baramati,65.7,24.8,99,14.1,69.7
2024-07-01,gunawadi,Baramati,65.7,24.8,99,14.1,42.7
2024-07-01,pandare,Baramati,65.7,24.8,99,14.1,44.5
2024-07-01,korhale,Baramati,65.7,24.8,99,14.1,82.4
2024-07-01,lasalgaon,Niphad,44.2,24.7,86,15.6,36.0
2024-07-01,pimpalgaon,Niphad,44.2,24.7,86,15.6,39.2
2024-07-01,vinchur,Niphad,44.2,24.7,86,15.6,56.6
2024-07-01,ozar,Niphad,44.2,24.7,86,15.6,49.8
2024-07-01,shendurni,Jamner,19.7,27.4,81,11.3,23.5
2024-07-01,pahur,Jamner,19.7,27.4,81,11.3,19.2
2024-07-01,neri,Jamner,19.7,27.4,81,11.3,16.4
2024-07-01,lohara,Jamner,19.7,27.4,81,11.3,15.0
2024-07-02,kanheri,Baramati,17.0,25.8,82,14.3,16.0
2024-07-02,jalochi,Baramati,17.0,25.8,82,14.3,13.8
2024-07-02,medad,Baramati,17.0,25.8,82,14.3,19.5
2024-07-02,nimbut,Baramati,17.0,25.8,82,14.3,19.2
2024-07-02,songaon,Baramati,17.0,25.8,82,14.3,15.5
2024-07-02,gunawadi,Baramati,17.0,25.8,82,14.3,20.6
2024-07-02,pandare,Baramati,17.0,25.8,82,14.3,21.1
2024-07-02,korhale,Baramati,17.0,25.8,82,14.3,16.7
2024-07-02,lasalgaon,Niphad,49.7,23.9,93,8.3,33.7
2024-07-02,pimpalgaon,Niphad,49.7,23.9,93,8.3,53.9
2024-07-02,vinchur,Niphad,49.7,23.9,93,8.3,45.4
2024-07-02,ozar,Niphad,49.7,23.9,93,8.3,55.5
2024-07-02,shendurni,Jamner,0.0,29.3,71,11.2,0.0
2024-07-02,pahur,Jamner,0.0,29.3,71,11.2,0.0
2024-07-02,neri,Jamner,0.0,29.3,71,11.2,0.0
2024-07-02,lohara,Jamner,0.0,29.3,71,11.2,0.0
2024-07-03,kanheri,Baramati,0.0,28.5,68,21.2,0.0
2024-07-03,jalochi,Baramati,0.0,28.5,68,21.2,0.0
2024-07-03,medad,Baramati,0.0,28.5,68,21.2,0.0
2024-07-03,nimbut,Baramati,0.0,28.5,68,21.2,0.0
2024-07-03,songaon,Baramati,0.0,28.5,68,21.2,0.0
2024-07-03,gunawadi,Baramati,0.0,28.5,68,21.2,0.0
2024-07-03,pandare,Baramati,0.0,28.5,68,21.2,0.0
2024-07-03,korhale,Baramati,0.0,28.5,68,21.2,0.0
2024-07-03,lasalgaon,Niphad,6.6,29.3,85,8.2,5.7
2024-07-03,pimpalgaon,Niphad,6.6,29.3,85,8.2,6.3
2024-07-03,vinchur,Niphad,6.6,29.3,85,8.2,11.0
2024-07-03,ozar,Niphad,6.6,29.3,85,8.2,6.8
2024-07-03,shendurni,Jamner,35.7,25.1,85,17.5,43.6
2024-07-03,pahur,Jamner,35.7,25.1,85,17.5,34.2
2024-07-03,neri,Jamner,35.7,25.1,85,17.5,33.4
2024-07-03,lohara,Jamner,35.7,25.1,85,17.5,25.2
2024-07-04,kanheri,Baramati,0.0,27.6,73,7.9,0.0
2024-07-04,jalochi,Baramati,0.0,27.6,73,7.9,0.0
2024-07-04,medad,Baramati,0.0,27.6,73,7.9,0.0
2024-07-04,nimbut,Baramati,0.0,27.6,73,7.9,0.0
2024-07-04,songaon,Baramati,0.0,27.6,73,7.9,0.0
2024-07-04,gunawadi,Baramati,0.0,27.6,73,7.9,0.0
2024-07-04,pandare,Baramati,0.0,27.6,73,7.9,0.0
2024-07-04,korhale,Baramati,0.0,27.6,73,7.9,0.0
2024-07-04,lasalgaon,Niphad,0.0,27.5,78,14.5,0.0
2024-07-04,pimpalgaon,Niphad,0.0,27.5,78,14.5,0.0
2024-07-04,vinchur,Niphad,0.0,27.5,78,14.5,0.0
2024-07-04,ozar,Niphad,0.0,27.5,78,14.5,0.0
2024-07-04,shendurni,Jamner,3.7,27.0,76,17.7,4.2
2024-07-04,pahur,Jamner,3.7,27.0,76,17.7,3.2
2024-07-04,neri,Jamner,3.7,27.0,76,17.7,3.2
2024-07-04,lohara,Jamner,3.7,27.0,76,17.7,2.8
2024-07-05,kanheri,Baramati,69.2,23.6,91,12.7,56.8
2024-07-05,jalochi,Baramati,69.2,23.6,91,12.7,62.8
2024-07-05,medad,Baramati,69.2,23.6,91,12.7,77.7
2024-07-05,nimbut,Baramati,69.2,23.6,91,12.7,56.1
2024-07-05,songaon,Baramati,69.2,23.6,91,12.7,47.1
2024-07-05,gunawadi,Baramati,69.2,23.6,91,12.7,83.0
2024-07-05,pandare,Baramati,69.2,23.6,91,12.7,73.9
2024-07-05,korhale,Baramati,69.2,23.6,91,12.7,60.6
2024-07-05,lasalgaon,Niphad,41.3,22.9,93,11.3,35.9
2024-07-05,pimpalgaon,Niphad,41.3,22.9,93,11.3,43.4
2024-07-05,vinchur,Niphad,41.3,22.9,93,11.3,38.1
2024-07-05,ozar,Niphad,41.3,22.9,93,11.3,49.2
2024-07-05,shendurni,Jamner,42.8,23.8,92,14.5,49.1
2024-07-05,pahur,Jamner,42.8,23.8,92,14.5,37.4
2024-07-05,neri,Jamner,42.8,23.8,92,14.5,35.8
2024-07-05,lohara,Jamner,42.8,23.8,92,14.5,42.8
2024-07-06,kanheri,Baramati,2.5,28.5,80,11.3,2.4
2024-07-06,jalochi,Baramati,2.5,28.5,80,11.3,2.5
2024-07-06,medad,Baramati,2.5,28.5,80,11.3,2.9
2024-07-06,nimbut,Baramati,2.5,28.5,80,11.3,3.0
2024-07-06,songaon,Baramati,2.5,28.5,80,11.3,2.2
2024-07-06,gunawadi,Baramati,2.5,28.5,80,11.3,2.6
2024-07-06,pandare,Baramati,2.5,28.5,80,11.3,1.8
2024-07-06,korhale,Baramati,2.5,28.5,80,11.3,1.9
2024-07-06,lasalgaon,Niphad,6.2,28.7,80,17.4,4.0
2024-07-06,pimpalgaon,Niphad,6.2,28.7,80,17.4,5.5
2024-07-06,vinchur,Niphad,6.2,28.7,80,17.4,6.5
2024-07-06,ozar,Niphad,6.2,28.7,80,17.4,7.1
2024-07-06,shendurni,Jamner,39.4,26.9,86,9.1,38.7
2024-07-06,pahur,Jamner,39.4,26.9,86,9.1,34.1
2024-07-06,neri,Jamner,39.4,26.9,86,9.1,38.7
2024-07-06,lohara,Jamner,39.4,26.9,86,9.1,26.7
2024-07-07,kanheri,Baramati,17.6,28.6,75,17.6,15.3
2024-07-07,jalochi,Baramati,17.6,28.6,75,17.6,14.9
2024-07-07,medad,Baramati,17.6,28.6,75,17.6,20.9
2024-07-07,nimbut,Baramati,17.6,28.6,75,17.6,16.5
2024-07-07,songaon,Baramati,17.6,28.6,75,17.6,14.8
2024-07-07,gunawadi,Baramati,17.6,28.6,75,17.6,16.8
2024-07-07,pandare,Baramati,17.6,28.6,75,17.6,12.7
2024-07-07,korhale,Baramati,17.6,28.6,75,17.6,18.8
2024-07-07,lasalgaon,Niphad,28.7,25.7,88,15.4,25.0
2024-07-07,pimpalgaon,Niphad,28.7,25.7,88,15.4,26.1
2024-07-07,vinchur,Niphad,28.7,25.7,88,15.4,30.5
2024-07-07,ozar,Niphad,28.7,25.7,88,15.4,30.6
2024-07-07,shendurni,Jamner,45.1,24.8,99,14.6,47.5
2024-07-07,pahur,Jamner,45.1,24.8,99,14.6,54.4
2024-07-07,neri,Jamner,45.1,24.8,99,14.6,39.6
2024-07-07,lohara,Jamner,45.1,24.8,99,14.6,30.2
2024-07-08,kanheri,Baramati,43.9,24.0,96,14.9,48.5
2024-07-08,jalochi,Baramati,43.9,24.0,96,14.9,42.6
2024-07-08,medad,Baramati,43.9,24.0,96,14.9,40.3
2024-07-08,nimbut,Baramati,43.9,24.0,96,14.9,55.5
2024-07-08,songaon,Baramati,43.9,24.0,96,14.9,29.8
2024-07-08,gunawadi,Baramati,43.9,24.0,96,14.9,33.3
2024-07-08,pandare,Baramati,43.9,24.0,96,14.9,45.2
2024-07-08,korhale,Baramati,43.9,24.0,96,14.9,49.1
2024-07-08,lasalgaon,Niphad,7.5,27.0,81,21.0,6.4
2024-07-08,pimpalgaon,Niphad,7.5,27.0,81,21.0,7.2
2024-07-08,vinchur,Niphad,7.5,27.0,81,21.0,9.4
2024-07-08,ozar,Niphad,7.5,27.0,81,21.0,7.8
2024-07-08,shendurni,Jamner,0.0,30.3,78,14.3,0.0
2024-07-08,pahur,Jamner,0.0,30.3,78,14.3,0.0
2024-07-08,neri,Jamner,0.0,30.3,78,14.3,0.0
2024-07-08,lohara,Jamner,0.0,30.3,78,14.3,0.0
2024-07-09,kanheri,Baramati,27.1,26.3,84,13.6,29.1
2024-07-09,jalochi,Baramati,27.1,26.3,84,13.6,27.6
2024-07-09,medad,Baramati,27.1,26.3,84,13.6,43.1
2024-07-09,nimbut,Baramati,27.1,26.3,84,13.6,25.9
2024-07-09,songaon,Baramati,27.1,26.3,84,13.6,28.2
2024-07-09,gunawadi,Baramati,27.1,26.3,84,13.6,23.7
2024-07-09,pandare,Baramati,27.1,26.3,84,13.6,17.7
2024-07-09,korhale,Baramati,27.1,26.3,84,13.6,35.5
2024-07-09,lasalgaon,Niphad,30.3,24.4,84,18.8,25.9
2024-07-09,pimpalgaon,Niphad,30.3,24.4,84,18.8,29.6
2024-07-09,vinchur,Niphad,30.3,24.4,84,18.8,24.7
2024-07-09,ozar,Niphad,30.3,24.4,84,18.8,35.7
2024-07-09,shendurni,Jamner,47.6,24.0,96,16.6,74.0
2024-07-09,pahur,Jamner,47.6,24.0,96,16.6,60.4
2024-07-09,neri,Jamner,47.6,24.0,96,16.6,37.5
2024-07-09,lohara,Jamner,47.6,24.0,96,16.6,45.9
2024-07-10,kanheri,Baramati,6.9,26.4,80,10.9,7.4
2024-07-10,jalochi,Baramati,6.9,26.4,80,10.9,7.5
2024-07-10,medad,Baramati,6.9,26.4,80,10.9,8.0
2024-07-10,nimbut,Baramati,6.9,26.4,80,10.9,7.4
2024-07-10,songaon,Baramati,6.9,26.4,80,10.9,5.8
2024-07-10,gunawadi,Baramati,6.9,26.4,80,10.9,7.5
2024-07-10,pandare,Baramati,6.9,26.4,80,10.9,5.7
2024-07-10,korhale,Baramati,6.9,26.4,80,10.9,6.2
2024-07-10,lasalgaon,Niphad,37.3,25.2,93,12.9,34.2
2024-07-10,pimpalgaon,Niphad,37.3,25.2,93,12.9,35.5
2024-07-10,vinchur,Niphad,37.3,25.2,93,12.9,34.0
2024-07-10,ozar,Niphad,37.3,25.2,93,12.9,37.8
2024-07-10,shendurni,Jamner,0.0,27.4,77,7.7,0.0
2024-07-10,pahur,Jamner,0.0,27.4,77,7.7,0.0
2024-07-10,neri,Jamner,0.0,27.4,77,7.7,0.0
2024-07-10,lohara,Jamner,0.0,27.4,77,7.7,0.0
2024-07-11,kanheri,Baramati,15.7,27.2,81,14.8,12.2
2024-07-11,jalochi,Baramati,15.7,27.2,81,14.8,15.3
2024-07-11,medad,Baramati,15.7,27.2,81,14.8,18.1
2024-07-11,nimbut,Baramati,15.7,27.2,81,14.8,16.1
2024-07-11,songaon,Baramati,15.7,27.2,81,14.8,15.9
2024-07-11,gunawadi,Baramati,15.7,27.2,81,14.8,12.0
2024-07-11,pandare,Baramati,15.7,27.2,81,14.8,13.2
2024-07-11,korhale,Baramati,15.7,27.2,81,14.8,17.2
2024-07-11,lasalgaon,Niphad,52.2,25.9,96,8.9,40.9
2024-07-11,pimpalgaon,Niphad,52.2,25.9,96,8.9,49.1
2024-07-11,vinchur,Niphad,52.2,25.9,96,8.9,45.6
2024-07-11,ozar,Niphad,52.2,25.9,96,8.9,68.5
2024-07-11,shendurni,Jamner,8.7,27.3,76,12.6,8.0
2024-07-11,pahur,Jamner,8.7,27.3,76,12.6,7.3
2024-07-11,neri,Jamner,8.7,27.3,76,12.6,8.0
2024-07-11,lohara,Jamner,8.7,27.3,76,12.6,7.2
2024-07-12,kanheri,Baramati,11.2,27.3,80,20.5,12.5
2024-07-12,jalochi,Baramati,11.2,27.3,80,20.5,12.2
2024-07-12,medad,Baramati,11.2,27.3,80,20.5,13.0
2024-07-12,nimbut,Baramati,11.2,27.3,80,20.5,11.0
2024-07-12,songaon,Baramati,11.2,27.3,80,20.5,9.6
2024-07-12,gunawadi,Baramati,11.2,27.3,80,20.5,7.9
2024-07-12,pandare,Baramati,11.2,27.3,80,20.5,8.3
2024-07-12,korhale,Baramati,11.2,27.3,80,20.5,11.7
2024-07-12,lasalgaon,Niphad,15.8,25.7,84,8.4,16.5
2024-07-12,pimpalgaon,Niphad,15.8,25.7,84,8.4,14.8
2024-07-12,vinchur,Niphad,15.8,25.7,84,8.4,17.7
2024-07-12,ozar,Niphad,15.8,25.7,84,8.4,14.8
2024-07-12,shendurni,Jamner,46.6,23.7,92,11.8,48.0
2024-07-12,pahur,Jamner,46.6,23.7,92,11.8,45.7
2024-07-12,neri,Jamner,46.6,23.7,92,11.8,34.8
2024-07-12,lohara,Jamner,46.6,23.7,92,11.8,36.5
2024-07-13,kanheri,Baramati,17.5,28.4,82,9.6,24.6
2024-07-13,jalochi,Baramati,17.5,28.4,82,9.6,18.6
2024-07-13,medad,Baramati,17.5,28.4,82,9.6,23.6
2024-07-13,nimbut,Baramati,17.5,28.4,82,9.6,14.1
2024-07-13,songaon,Baramati,17.5,28.4,82,9.6,13.7
2024-07-13,gunawadi,Baramati,17.5,28.4,82,9.6,22.9
2024-07-13,pandare,Baramati,17.5,28.4,82,9.6,14.5
2024-07-13,korhale,Baramati,17.5,28.4,82,9.6,16.6
2024-07-13,lasalgaon,Niphad,62.1,22.8,90,15.5,57.1
2024-07-13,pimpalgaon,Niphad,62.1,22.8,90,15.5,61.9
2024-07-13,vinchur,Niphad,62.1,22.8,90,15.5,51.5
2024-07-13,ozar,Niphad,62.1,22.8,90,15.5,65.5
2024-07-13,shendurni,Jamner,59.2,26.2,99,12.9,76.4
2024-07-13,pahur,Jamner,59.2,26.2,99,12.9,60.8
2024-07-13,neri,Jamner,59.2,26.2,99,12.9,46.4
2024-07-13,lohara,Jamner,59.2,26.2,99,12.9,54.7
2024-07-14,kanheri,Baramati,73.6,23.2,97,17.1,74.6
2024-07-14,jalochi,Baramati,73.6,23.2,97,17.1,51.1
2024-07-14,medad,Baramati,73.6,23.2,97,17.1,85.2
2024-07-14,nimbut,Baramati,73.6,23.2,97,17.1,61.1
2024-07-14,songaon,Baramati,73.6,23.2,97,17.1,59.5
2024-07-14,gunawadi,Baramati,73.6,23.2,97,17.1,80.9
2024-07-14,pandare,Baramati,73.6,23.2,97,17.1,66.6
2024-07-14,korhale,Baramati,73.6,23.2,97,17.1,81.7
2024-07-14,lasalgaon,Niphad,0.0,26.9,74,16.7,0.0
2024-07-14,pimpalgaon,Niphad,0.0,26.9,74,16.7,0.0
2024-07-14,vinchur,Niphad,0.0,26.9,74,16.7,0.0
2024-07-14,ozar,Niphad,0.0,26.9,74,16.7,0.0
2024-07-14,shendurni,Jamner,0.0,26.8,66,12.4,0.0
2024-07-14,pahur,Jamner,0.0,26.8,66,12.4,0.0
2024-07-14,neri,Jamner,0.0,26.8,66,12.4,0.0
2024-07-14,lohara,Jamner,0.0,26.8,66,12.4,0.0
2024-07-15,kanheri,Baramati,28.9,25.1,94,8.2,28.9
2024-07-15,jalochi,Baramati,28.9,25.1,94,8.2,24.0
2024-07-15,medad,Baramati,28.9,25.1,94,8.2,31.8
2024-07-15,nimbut,Baramati,28.9,25.1,94,8.2,30.9
2024-07-15,songaon,Baramati,28.9,25.1,94,8.2,25.4
2024-07-15,gunawadi,Baramati,28.9,25.1,94,8.2,27.9
2024-07-15,pandare,Baramati,28.9,25.1,94,8.2,27.9
2024-07-15,korhale,Baramati,28.9,25.1,94,8.2,37.8
2024-07-15,lasalgaon,Niphad,23.3,27.4,82,4.8,22.9
2024-07-15,pimpalgaon,Niphad,23.3,27.4,82,4.8,26.3
2024-07-15,vinchur,Niphad,23.3,27.4,82,4.8,22.5
2024-07-15,ozar,Niphad,23.3,27.4,82,4.8,24.3
2024-07-15,shendurni,Jamner,26.9,26.3,82,17.3,27.9
2024-07-15,pahur,Jamner,26.9,26.3,82,17.3,22.6
2024-07-15,neri,Jamner,26.9,26.3,82,17.3,24.4
2024-07-15,lohara,Jamner,26.9,26.3,82,17.3,21.3
2024-07-16,kanheri,Baramati,10.8,27.3,81,15.2,12.9
2024-07-16,jalochi,Baramati,10.8,27.3,81,15.2,10.8
2024-07-16,medad,Baramati,10.8,27.3,81,15.2,11.4
2024-07-16,nimbut,Baramati,10.8,27.3,81,15.2,12.9
2024-07-16,songaon,Baramati,10.8,27.3,81,15.2,8.8
2024-07-16,gunawadi,Baramati,10.8,27.3,81,15.2,9.4
2024-07-16,pandare,Baramati,10.8,27.3,81,15.2,7.9
2024-07-16,korhale,Baramati,10.8,27.3,81,15.2,10.6
2024-07-16,lasalgaon,Niphad,0.0,29.6,78,15.9,0.0
2024-07-16,pimpalgaon,Niphad,0.0,29.6,78,15.9,0.0
2024-07-16,vinchur,Niphad,0.0,29.6,78,15.9,0.0
2024-07-16,ozar,Niphad,0.0,29.6,78,15.9,0.0
2024-07-16,shendurni,Jamner,146.0,26.8,99,10.7,175.9
2024-07-16,pahur,Jamner,146.0,26.8,99,10.7,125.8
2024-07-16,neri,Jamner,146.0,26.8,99,10.7,119.8
2024-07-16,lohara,Jamner,146.0,26.8,99,10.7,143.4
2024-07-17,kanheri,Baramati,0.0,30.6,77,15.4,0.0
2024-07-17,jalochi,Baramati,0.0,30.6,77,15.4,0.0
2024-07-17,medad,Baramati,0.0,30.6,77,15.4,0.0
2024-07-17,nimbut,Baramati,0.0,30.6,77,15.4,0.0
2024-07-17,songaon,Baramati,0.0,30.6,77,15.4,0.0
2024-07-17,gunawadi,Baramati,0.0,30.6,77,15.4,0.0
2024-07-17,pandare,Baramati,0.0,30.6,77,15.4,0.0
2024-07-17,korhale,Baramati,0.0,30.6,77,15.4,0.0
2024-07-17,lasalgaon,Niphad,28.5,27.1,88,12.7,32.4
2024-07-17,pimpalgaon,Niphad,28.5,27.1,88,12.7,27.1
2024-07-17,vinchur,Niphad,28.5,27.1,88,12.7,32.5
2024-07-17,ozar,Niphad,28.5,27.1,88,12.7,41.6
2024-07-17,shendurni,Jamner,87.5,24.5,99,3.8,100.7
2024-07-17,pahur,Jamner,87.5,24.5,99,3.8,96.4
2024-07-17,neri,Jamner,87.5,24.5,99,3.8,73.4
2024-07-17,lohara,Jamner,87.5,24.5,99,3.8,57.0
2024-07-18,kanheri,Baramati,15.9,26.4,79,22.8,15.9
2024-07-18,jalochi,Baramati,15.9,26.4,79,22.8,16.2
2024-07-18,medad,Baramati,15.9,26.4,79,22.8,19.2
2024-07-18,nimbut,Baramati,15.9,26.4,79,22.8,15.3
2024-07-18,songaon,Baramati,15.9,26.4,79,22.8,13.6
2024-07-18,gunawadi,Baramati,15.9,26.4,79,22.8,10.2
2024-07-18,pandare,Baramati,15.9,26.4,79,22.8,11.6
2024-07-18,korhale,Baramati,15.9,26.4,79,22.8,20.1
2024-07-18,lasalgaon,Niphad,50.4,24.1,99,15.1,40.8
2024-07-18,pimpalgaon,Niphad,50.4,24.1,99,15.1,40.3
2024-07-18,vinchur,Niphad,50.4,24.1,99,15.1,52.8
2024-07-18,ozar,Niphad,50.4,24.1,99,15.1,59.1
2024-07-18,shendurni,Jamner,27.4,27.2,87,16.8,26.0
2024-07-18,pahur,Jamner,27.4,27.2,87,16.8,25.6
2024-07-18,neri,Jamner,27.4,27.2,87,16.8,22.7
2024-07-18,lohara,Jamner,27.4,27.2,87,16.8,22.9
2024-07-19,kanheri,Baramati,0.0,29.3,74,16.2,0.0
2024-07-19,jalochi,Baramati,0.0,29.3,74,16.2,0.0
2024-07-19,medad,Baramati,0.0,29.3,74,16.2,0.0
2024-07-19,nimbut,Baramati,0.0,29.3,74,16.2,0.0
2024-07-19,songaon,Baramati,0.0,29.3,74,16.2,0.0
2024-07-19,gunawadi,Baramati,0.0,29.3,74,16.2,0.0
2024-07-19,pandare,Baramati,0.0,29.3,74,16.2,0.0
2024-07-19,korhale,Baramati,0.0,29.3,74,16.2,0.0
2024-07-19,lasalgaon,Niphad,18.0,26.3,81,17.9,12.7
2024-07-19,pimpalgaon,Niphad,18.0,26.3,81,17.9,17.8
2024-07-19,vinchur,Niphad,18.0,26.3,81,17.9,21.5
2024-07-19,ozar,Niphad,18.0,26.3,81,17.9,22.0
2024-07-19,shendurni,Jamner,15.8,25.9,83,22.3,20.3
2024-07-19,pahur,Jamner,15.8,25.9,83,22.3,13.8
2024-07-19,neri,Jamner,15.8,25.9,83,22.3,13.2
2024-07-19,lohara,Jamner,15.8,25.9,83,22.3,10.9
2024-07-20,kanheri,Baramati,0.0,27.0,77,9.0,0.0
2024-07-20,jalochi,Baramati,0.0,27.0,77,9.0,0.0
2024-07-20,medad,Baramati,0.0,27.0,77,9.0,0.0
2024-07-20,nimbut,Baramati,0.0,27.0,77,9.0,0.0
2024-07-20,songaon,Baramati,0.0,27.0,77,9.0,0.0
2024-07-20,gunawadi,Baramati,0.0,27.0,77,9.0,0.0
2024-07-20,pandare,Baramati,0.0,27.0,77,9.0,0.0
2024-07-20,korhale,Baramati,0.0,27.0,77,9.0,0.0
2024-07-20,lasalgaon,Niphad,0.0,29.6,80,19.1,0.0
2024-07-20,pimpalgaon,Niphad,0.0,29.6,80,19.1,0.0
2024-07-20,vinchur,Niphad,0.0,29.6,80,19.1,0.0
2024-07-20,ozar,Niphad,0.0,29.6,80,19.1,0.0
2024-07-20,shendurni,Jamner,26.1,25.0,91,17.1,23.1
2024-07-20,pahur,Jamner,26.1,25.0,91,17.1,24.0
2024-07-20,neri,Jamner,26.1,25.0,91,17.1,22.4
2024-07-20,lohara,Jamner,26.1,25.0,91,17.1,22.8
2024-07-21,kanheri,Baramati,25.3,25.3,81,12.1,27.2
2024-07-21,jalochi,Baramati,25.3,25.3,81,12.1,28.1
2024-07-21,medad,Baramati,25.3,25.3,81,12.1,27.1
2024-07-21,nimbut,Baramati,25.3,25.3,81,12.1,21.7
2024-07-21,songaon,Baramati,25.3,25.3,81,12.1,25.4
2024-07-21,gunawadi,Baramati,25.3,25.3,81,12.1,32.7
2024-07-21,pandare,Baramati,25.3,25.3,81,12.1,20.0
2024-07-21,korhale,Baramati,25.3,25.3,81,12.1,24.1
2024-07-21,lasalgaon,Niphad,119.4,25.9,99,11.1,103.6
2024-07-21,pimpalgaon,Niphad,119.4,25.9,99,11.1,89.5
2024-07-21,vinchur,Niphad,119.4,25.9,99,11.1,97.9
2024-07-21,ozar,Niphad,119.4,25.9,99,11.1,122.7
2024-07-21,shendurni,Jamner,73.8,23.8,94,16.6,82.9
2024-07-21,pahur,Jamner,73.8,23.8,94,16.6,87.0
2024-07-21,neri,Jamner,73.8,23.8,94,16.6,66.0
2024-07-21,lohara,Jamner,73.8,23.8,94,16.6,61.2
2024-07-22,kanheri,Baramati,131.6,25.4,94,14.9,115.4
2024-07-22,jalochi,Baramati,131.6,25.4,94,14.9,107.3
2024-07-22,medad,Baramati,131.6,25.4,94,14.9,166.5
2024-07-22,nimbut,Baramati,131.6,25.4,94,14.9,130.4
2024-07-22,songaon,Baramati,131.6,25.4,94,14.9,107.0
2024-07-22,gunawadi,Baramati,131.6,25.4,94,14.9,122.8
2024-07-22,pandare,Baramati,131.6,25.4,94,14.9,124.7
2024-07-22,korhale,Baramati,131.6,25.4,94,14.9,157.6
2024-07-22,lasalgaon,Niphad,32.2,24.6,90,14.5,31.0
2024-07-22,pimpalgaon,Niphad,32.2,24.6,90,14.5,28.5
2024-07-22,vinchur,Niphad,32.2,24.6,90,14.5,37.3
2024-07-22,ozar,Niphad,32.2,24.6,90,14.5,30.5
2024-07-22,shendurni,Jamner,15.9,28.2,87,10.6,18.6
2024-07-22,pahur,Jamner,15.9,28.2,87,10.6,22.6
2024-07-22,neri,Jamner,15.9,28.2,87,10.6,16.9
2024-07-22,lohara,Jamner,15.9,28.2,87,10.6,11.8
2024-07-23,kanheri,Baramati,16.8,28.4,81,5.6,17.5
2024-07-23,jalochi,Baramati,16.8,28.4,81,5.6,14.7
2024-07-23,medad,Baramati,16.8,28.4,81,5.6,19.1
2024-07-23,nimbut,Baramati,16.8,28.4,81,5.6,25.2
2024-07-23,songaon,Baramati,16.8,28.4,81,5.6,18.5
2024-07-23,gunawadi,Baramati,16.8,28.4,81,5.6,14.2
2024-07-23,pandare,Baramati,16.8,28.4,81,5.6,14.9
2024-07-23,korhale,Baramati,16.8,28.4,81,5.6,23.7
2024-07-23,lasalgaon,Niphad,16.4,25.7,75,16.1,13.9
2024-07-23,pimpalgaon,Niphad,16.4,25.7,75,16.1,17.8
2024-07-23,vinchur,Niphad,16.4,25.7,75,16.1,17.3
2024-07-23,ozar,Niphad,16.4,25.7,75,16.1,21.2
2024-07-23,shendurni,Jamner,0.0,27.5,75,12.0,0.0
2024-07-23,pahur,Jamner,0.0,27.5,75,12.0,0.0
2024-07-23,neri,Jamner,0.0,27.5,75,12.0,0.0
2024-07-23,lohara,Jamner,0.0,27.5,75,12.0,0.0
2024-07-24,kanheri,Baramati,1.4,28.7,82,10.4,1.3
2024-07-24,jalochi,Baramati,1.4,28.7,82,10.4,1.0
2024-07-24,medad,Baramati,1.4,28.7,82,10.4,1.5
2024-07-24,nimbut,Baramati,1.4,28.7,82,10.4,1.6
2024-07-24,songaon,Baramati,1.4,28.7,82,10.4,1.5
2024-07-24,gunawadi,Baramati,1.4,28.7,82,10.4,1.4
2024-07-24,pandare,Baramati,1.4,28.7,82,10.4,1.2
2024-07-24,korhale,Baramati,1.4,28.7,82,10.4,1.9
2024-07-24,lasalgaon,Niphad,13.5,26.4,82,18.4,12.1
2024-07-24,pimpalgaon,Niphad,13.5,26.4,82,18.4,13.5
2024-07-24,vinchur,Niphad,13.5,26.4,82,18.4,12.7
2024-07-24,ozar,Niphad,13.5,26.4,82,18.4,16.6
2024-07-24,shendurni,Jamner,0.0,27.9,64,12.4,0.0
2024-07-24,pahur,Jamner,0.0,27.9,64,12.4,0.0
2024-07-24,neri,Jamner,0.0,27.9,64,12.4,0.0
2024-07-24,lohara,Jamner,0.0,27.9,64,12.4,0.0
2024-07-25,kanheri,Baramati,21.1,27.4,79,14.2,24.5
2024-07-25,jalochi,Baramati,21.1,27.4,79,14.2,18.4
2024-07-25,medad,Baramati,21.1,27.4,79,14.2,23.5
2024-07-25,nimbut,Baramati,21.1,27.4,79,14.2,29.9
2024-07-25,songaon,Baramati,21.1,27.4,79,14.2,16.5
2024-07-25,gunawadi,Baramati,21.1,27.4,79,14.2,18.5
2024-07-25,pandare,Baramati,21.1,27.4,79,14.2,17.4
2024-07-25,korhale,Baramati,21.1,27.4,79,14.2,20.5
2024-07-25,lasalgaon,Niphad,111.6,23.8,95,18.5,95.3
2024-07-25,pimpalgaon,Niphad,111.6,23.8,95,18.5,114.4
2024-07-25,vinchur,Niphad,111.6,23.8,95,18.5,123.6
2024-07-25,ozar,Niphad,111.6,23.8,95,18.5,135.5
2024-07-25,shendurni,Jamner,4.9,26.7,77,12.3,4.0
2024-07-25,pahur,Jamner,4.9,26.7,77,12.3,4.8
2024-07-25,neri,Jamner,4.9,26.7,77,12.3,3.5
2024-07-25,lohara,Jamner,4.9,26.7,77,12.3,3.6
2024-07-26,kanheri,Baramati,0.0,29.5,72,9.1,0.0
2024-07-26,jalochi,Baramati,0.0,29.5,72,9.1,0.0
2024-07-26,medad,Baramati,0.0,29.5,72,9.1,0.0
2024-07-26,nimbut,Baramati,0.0,29.5,72,9.1,0.0
2024-07-26,songaon,Baramati,0.0,29.5,72,9.1,0.0
2024-07-26,gunawadi,Baramati,0.0,29.5,72,9.1,0.0
2024-07-26,pandare,Baramati,0.0,29.5,72,9.1,0.0
2024-07-26,korhale,Baramati,0.0,29.5,72,9.1,0.0
2024-07-26,lasalgaon,Niphad,17.8,26.9,87,15.0,20.4
2024-07-26,pimpalgaon,Niphad,17.8,26.9,87,15.0,20.7
2024-07-26,vinchur,Niphad,17.8,26.9,87,15.0,18.4
2024-07-26,ozar,Niphad,17.8,26.9,87,15.0,22.7
2024-07-26,shendurni,Jamner,5.7,26.3,80,14.1,6.3
2024-07-26,pahur,Jamner,5.7,26.3,80,14.1,5.4
2024-07-26,neri,Jamner,5.7,26.3,80,14.1,5.2
2024-07-26,lohara,Jamner,5.7,26.3,80,14.1,4.7
2024-07-27,kanheri,Baramati,0.0,29.6,76,16.1,0.0
2024-07-27,jalochi,Baramati,0.0,29.6,76,16.1,0.0
2024-07-27,medad,Baramati,0.0,29.6,76,16.1,0.0
2024-07-27,nimbut,Baramati,0.0,29.6,76,16.1,0.0
2024-07-27,songaon,Baramati,0.0,29.6,76,16.1,0.0
2024-07-27,gunawadi,Baramati,0.0,29.6,76,16.1,0.0
2024-07-27,pandare,Baramati,0.0,29.6,76,16.1,0.0
2024-07-27,korhale,Baramati,0.0,29.6,76,16.1,0.0
2024-07-27,lasalgaon,Niphad,26.5,25.2,88,14.5,31.2
2024-07-27,pimpalgaon,Niphad,26.5,25.2,88,14.5,32.1
2024-07-27,vinchur,Niphad,26.5,25.2,88,14.5,25.1
2024-07-27,ozar,Niphad,26.5,25.2,88,14.5,37.2
2024-07-27,shendurni,Jamner,42.1,24.4,85,13.6,36.6
2024-07-27,pahur,Jamner,42.1,24.4,85,13.6,42.8
2024-07-27,neri,Jamner,42.1,24.4,85,13.6,31.8
2024-07-27,lohara,Jamner,42.1,24.4,85,13.6,37.7
2024-07-28,kanheri,Baramati,5.1,27.3,80,12.5,5.2
2024-07-28,jalochi,Baramati,5.1,27.3,80,12.5,4.4
2024-07-28,medad,Baramati,5.1,27.3,80,12.5,4.9
2024-07-28,nimbut,Baramati,5.1,27.3,80,12.5,4.7
2024-07-28,songaon,Baramati,5.1,27.3,80,12.5,4.2
2024-07-28,gunawadi,Baramati,5.1,27.3,80,12.5,3.2
2024-07-28,pandare,Baramati,5.1,27.3,80,12.5,3.9
2024-07-28,korhale,Baramati,5.1,27.3,80,12.5,5.0
2024-07-28,lasalgaon,Niphad,18.8,26.6,89,15.3,13.9
2024-07-28,pimpalgaon,Niphad,18.8,26.6,89,15.3,14.7
2024-07-28,vinchur,Niphad,18.8,26.6,89,15.3,23.6
2024-07-28,ozar,Niphad,18.8,26.6,89,15.3,24.8
2024-07-28,shendurni,Jamner,25.3,22.5,84,13.5,31.0
2024-07-28,pahur,Jamner,25.3,22.5,84,13.5,29.4
2024-07-28,neri,Jamner,25.3,22.5,84,13.5,22.1
2024-07-28,lohara,Jamner,25.3,22.5,84,13.5,20.8
2024-07-29,kanheri,Baramati,20.6,25.6,79,13.6,23.5
2024-07-29,jalochi,Baramati,20.6,25.6,79,13.6,19.7
2024-07-29,medad,Baramati,20.6,25.6,79,13.6,24.0
2024-07-29,nimbut,Baramati,20.6,25.6,79,13.6,23.5
2024-07-29,songaon,Baramati,20.6,25.6,79,13.6,17.9
2024-07-29,gunawadi,Baramati,20.6,25.6,79,13.6,21.4
2024-07-29,pandare,Baramati,20.6,25.6,79,13.6,19.5
2024-07-29,korhale,Baramati,20.6,25.6,79,13.6,25.9
2024-07-29,lasalgaon,Niphad,0.0,29.2,82,18.3,0.0
2024-07-29,pimpalgaon,Niphad,0.0,29.2,82,18.3,0.0
2024-07-29,vinchur,Niphad,0.0,29.2,82,18.3,0.0
2024-07-29,ozar,Niphad,0.0,29.2,82,18.3,0.0
2024-07-29,shendurni,Jamner,90.1,25.5,90,24.5,109.5
2024-07-29,pahur,Jamner,90.1,25.5,90,24.5,102.6
2024-07-29,neri,Jamner,90.1,25.5,90,24.5,99.5
2024-07-29,lohara,Jamner,90.1,25.5,90,24.5,88.4
2024-07-30,kanheri,Baramati,0.0,29.0,73,17.5,0.0
2024-07-30,jalochi,Baramati,0.0,29.0,73,17.5,0.0
2024-07-30,medad,Baramati,0.0,29.0,73,17.5,0.0
2024-07-30,nimbut,Baramati,0.0,29.0,73,17.5,0.0
2024-07-30,songaon,Baramati,0.0,29.0,73,17.5,0.0
2024-07-30,gunawadi,Baramati,0.0,29.0,73,17.5,0.0
2024-07-30,pandare,Baramati,0.0,29.0,73,17.5,0.0
2024-07-30,korhale,Baramati,0.0,29.0,73,17.5,0.0
2024-07-30,lasalgaon,Niphad,2.8,28.3,75,11.3,2.5
2024-07-30,pimpalgaon,Niphad,2.8,28.3,75,11.3,2.3
2024-07-30,vinchur,Niphad,2.8,28.3,75,11.3,3.8
2024-07-30,ozar,Niphad,2.8,28.3,75,11.3,3.4
2024-07-30,shendurni,Jamner,41.0,24.2,80,3.5,53.7
2024-07-30,pahur,Jamner,41.0,24.2,80,3.5,38.0
2024-07-30,neri,Jamner,41.0,24.2,80,3.5,39.6
2024-07-30,lohara,Jamner,41.0,24.2,80,3.5,37.3
2024-07-31,kanheri,Baramati,8.4,26.9,78,13.8,7.6
2024-07-31,jalochi,Baramati,8.4,26.9,78,13.8,9.3
2024-07-31,medad,Baramati,8.4,26.9,78,13.8,10.3
2024-07-31,nimbut,Baramati,8.4,26.9,78,13.8,9.7
2024-07-31,songaon,Baramati,8.4,26.9,78,13.8,7.4
2024-07-31,gunawadi,Baramati,8.4,26.9,78,13.8,6.5
2024-07-31,pandare,Baramati,8.4,26.9,78,13.8,5.8
2024-07-31,korhale,Baramati,8.4,26.9,78,13.8,11.1
2024-07-31,lasalgaon,Niphad,57.1,24.0,99,12.4,50.0
2024-07-31,pimpalgaon,Niphad,57.1,24.0,99,12.4,43.3
2024-07-31,vinchur,Niphad,57.1,24.0,99,12.4,66.9
2024-07-31,ozar,Niphad,57.1,24.0,99,12.4,65.1
2024-07-31,shendurni,Jamner,33.6,27.0,90,14.5,39.8
2024-07-31,pahur,Jamner,33.6,27.0,90,14.5,33.4
2024-07-31,neri,Jamner,33.6,27.0,90,14.5,25.5
2024-07-31,lohara,Jamner,33.6,27.0,90,14.5,26.9
2024-08-01,kanheri,Baramati,28.3,27.0,89,14.5,30.7
2024-08-01,jalochi,Baramati,28.3,27.0,89,14.5,28.0
2024-08-01,medad,Baramati,28.3,27.0,89,14.5,35.9
2024-08-01,nimbut,Baramati,28.3,27.0,89,14.5,36.0
2024-08-01,songaon,Baramati,28.3,27.0,89,14.5,27.9
2024-08-01,gunawadi,Baramati,28.3,27.0,89,14.5,22.3
2024-08-01,pandare,Baramati,28.3,27.0,89,14.5,25.1
2024-08-01,korhale,Baramati,28.3,27.0,89,14.5,27.3
2024-08-01,lasalgaon,Niphad,13.2,28.0,79,19.1,10.9
2024-08-01,pimpalgaon,Niphad,13.2,28.0,79,19.1,12.3
2024-08-01,vinchur,Niphad,13.2,28.0,79,19.1,16.5
2024-08-01,ozar,Niphad,13.2,28.0,79,19.1,18.4
2024-08-01,shendurni,Jamner,0.0,27.3,75,13.9,0.0
2024-08-01,pahur,Jamner,0.0,27.3,75,13.9,0.0
2024-08-01,neri,Jamner,0.0,27.3,75,13.9,0.0
2024-08-01,lohara,Jamner,0.0,27.3,75,13.9,0.0
2024-08-02,kanheri,Baramati,56.0,24.2,95,9.4,47.6
2024-08-02,jalochi,Baramati,56.0,24.2,95,9.4,42.3
2024-08-02,medad,Baramati,56.0,24.2,95,9.4,67.3
2024-08-02,nimbut,Baramati,56.0,24.2,95,9.4,55.0
2024-08-02,songaon,Baramati,56.0,24.2,95,9.4,36.0
2024-08-02,gunawadi,Baramati,56.0,24.2,95,9.4,48.3
2024-08-02,pandare,Baramati,56.0,24.2,95,9.4,56.9
2024-08-02,korhale,Baramati,56.0,24.2,95,9.4,66.9
2024-08-02,lasalgaon,Niphad,2.8,28.8,82,10.0,2.0
2024-08-02,pimpalgaon,Niphad,2.8,28.8,82,10.0,2.5
2024-08-02,vinchur,Niphad,2.8,28.8,82,10.0,2.8
2024-08-02,ozar,Niphad,2.8,28.8,82,10.0,3.5
2024-08-02,shendurni,Jamner,12.2,26.7,87,18.8,12.9
2024-08-02,pahur,Jamner,12.2,26.7,87,18.8,10.6
2024-08-02,neri,Jamner,12.2,26.7,87,18.8,10.2
2024-08-02,lohara,Jamner,12.2,26.7,87,18.8,8.4
2024-08-03,kanheri,Baramati,21.1,25.3,85,17.5,24.3
2024-08-03,jalochi,Baramati,21.1,25.3,85,17.5,17.4
2024-08-03,medad,Baramati,21.1,25.3,85,17.5,25.4
2024-08-03,nimbut,Baramati,21.1,25.3,85,17.5,24.0
2024-08-03,songaon,Baramati,21.1,25.3,85,17.5,20.4
2024-08-03,gunawadi,Baramati,21.1,25.3,85,17.5,20.3
2024-08-03,pandare,Baramati,21.1,25.3,85,17.5,17.4
2024-08-03,korhale,Baramati,21.1,25.3,85,17.5,25.2
2024-08-03,lasalgaon,Niphad,0.0,29.3,77,10.3,0.0
2024-08-03,pimpalgaon,Niphad,0.0,29.3,77,10.3,0.0
2024-08-03,vinchur,Niphad,0.0,29.3,77,10.3,0.0
2024-08-03,ozar,Niphad,0.0,29.3,77,10.3,0.0
2024-08-03,shendurni,Jamner,0.0,26.0,70,16.2,0.0
2024-08-03,pahur,Jamner,0.0,26.0,70,16.2,0.0
2024-08-03,neri,Jamner,0.0,26.0,70,16.2,0.0
2024-08-03,lohara,Jamner,0.0,26.0,70,16.2,0.0
2024-08-04,kanheri,Baramati,60.0,26.7,96,19.2,63.4
2024-08-04,jalochi,Baramati,60.0,26.7,96,19.2,50.8
2024-08-04,medad,Baramati,60.0,26.7,96,19.2,69.1
2024-08-04,nimbut,Baramati,60.0,26.7,96,19.2,68.3
2024-08-04,songaon,Baramati,60.0,26.7,96,19.2,41.3
2024-08-04,gunawadi,Baramati,60.0,26.7,96,19.2,51.9
2024-08-04,pandare,Baramati,60.0,26.7,96,19.2,55.0
2024-08-04,korhale,Baramati,60.0,26.7,96,19.2,72.8
2024-08-04,lasalgaon,Niphad,74.1,23.9,95,17.0,68.2
2024-08-04,pimpalgaon,Niphad,74.1,23.9,95,17.0,68.0
2024-08-04,vinchur,Niphad,74.1,23.9,95,17.0,86.5
2024-08-04,ozar,Niphad,74.1,23.9,95,17.0,78.0
2024-08-04,shendurni,Jamner,87.4,24.3,99,7.0,87.3
2024-08-04,pahur,Jamner,87.4,24.3,99,7.0,104.8
2024-08-04,neri,Jamner,87.4,24.3,99,7.0,67.1
2024-08-04,lohara,Jamner,87.4,24.3,99,7.0,66.7
2024-08-05,kanheri,Baramati,54.2,25.4,99,14.3,49.3
2024-08-05,jalochi,Baramati,54.2,25.4,99,14.3,39.5
2024-08-05,medad,Baramati,54.2,25.4,99,14.3,68.9
2024-08-05,nimbut,Baramati,54.2,25.4,99,14.3,54.4
2024-08-05,songaon,Baramati,54.2,25.4,99,14.3,49.3
2024-08-05,gunawadi,Baramati,54.2,25.4,99,14.3,53.2
2024-08-05,pandare,Baramati,54.2,25.4,99,14.3,34.7
2024-08-05,korhale,Baramati,54.2,25.4,99,14.3,73.6
2024-08-05,lasalgaon,Niphad,13.4,27.4,81,9.5,12.2
2024-08-05,pimpalgaon,Niphad,13.4,27.4,81,9.5,13.6
2024-08-05,vinchur,Niphad,13.4,27.4,81,9.5,15.2
2024-08-05,ozar,Niphad,13.4,27.4,81,9.5,17.7
2024-08-05,shendurni,Jamner,0.0,28.1,75,13.1,0.0
2024-08-05,pahur,Jamner,0.0,28.1,75,13.1,0.0
2024-08-05,neri,Jamner,0.0,28.1,75,13.1,0.0
2024-08-05,lohara,Jamner,0.0,28.1,75,13.1,0.0
2024-08-06,kanheri,Baramati,23.7,24.3,89,8.6,20.8
2024-08-06,jalochi,Baramati,23.7,24.3,89,8.6,24.2
2024-08-06,medad,Baramati,23.7,24.3,89,8.6,28.5
2024-08-06,nimbut,Baramati,23.7,24.3,89,8.6,21.4
2024-08-06,songaon,Baramati,23.7,24.3,89,8.6,26.0
2024-08-06,gunawadi,Baramati,23.7,24.3,89,8.6,20.8
2024-08-06,pandare,Baramati,23.7,24.3,89,8.6,15.3
2024-08-06,korhale,Baramati,23.7,24.3,89,8.6,29.8
2024-08-06,lasalgaon,Niphad,10.1,25.8,76,15.0,9.5
2024-08-06,pimpalgaon,Niphad,10.1,25.8,76,15.0,7.2
2024-08-06,vinchur,Niphad,10.1,25.8,76,15.0,10.0
2024-08-06,ozar,Niphad,10.1,25.8,76,15.0,12.7
2024-08-06,shendurni,Jamner,3.8,25.6,77,13.8,4.3
2024-08-06,pahur,Jamner,3.8,25.6,77,13.8,4.0
2024-08-06,neri,Jamner,3.8,25.6,77,13.8,3.8
2024-08-06,lohara,Jamner,3.8,25.6,77,13.8,2.6
2024-08-07,kanheri,Baramati,27.7,26.0,80,11.8,25.1
2024-08-07,jalochi,Baramati,27.7,26.0,80,11.8,32.3
2024-08-07,medad,Baramati,27.7,26.0,80,11.8,35.2
2024-08-07,nimbut,Baramati,27.7,26.0,80,11.8,27.2
2024-08-07,songaon,Baramati,27.7,26.0,80,11.8,23.4
2024-08-07,gunawadi,Baramati,27.7,26.0,80,11.8,18.9
2024-08-07,pandare,Baramati,27.7,26.0,80,11.8,23.2
2024-08-07,korhale,Baramati,27.7,26.0,80,11.8,35.6
2024-08-07,lasalgaon,Niphad,0.0,27.6,74,12.6,0.0
2024-08-07,pimpalgaon,Niphad,0.0,27.6,74,12.6,0.0
2024-08-07,vinchur,Niphad,0.0,27.6,74,12.6,0.0
2024-08-07,ozar,Niphad,0.0,27.6,74,12.6,0.0
2024-08-07,shendurni,Jamner,40.5,23.1,91,10.1,43.5
2024-08-07,pahur,Jamner,40.5,23.1,91,10.1,42.5
2024-08-07,neri,Jamner,40.5,23.1,91,10.1,43.3
2024-08-07,lohara,Jamner,40.5,23.1,91,10.1,32.7
2024-08-08,kanheri,Baramati,9.6,27.7,70,18.6,9.2
2024-08-08,jalochi,Baramati,9.6,27.7,70,18.6,10.2
2024-08-08,medad,Baramati,9.6,27.7,70,18.6,11.8
2024-08-08,nimbut,Baramati,9.6,27.7,70,18.6,12.6
2024-08-08,songaon,Baramati,9.6,27.7,70,18.6,7.4
2024-08-08,gunawadi,Baramati,9.6,27.7,70,18.6,10.0
2024-08-08,pandare,Baramati,9.6,27.7,70,18.6,7.5
2024-08-08,korhale,Baramati,9.6,27.7,70,18.6,10.5
2024-08-08,lasalgaon,Niphad,0.0,26.0,76,16.5,0.0
2024-08-08,pimpalgaon,Niphad,0.0,26.0,76,16.5,0.0
2024-08-08,vinchur,Niphad,0.0,26.0,76,16.5,0.0
2024-08-08,ozar,Niphad,0.0,26.0,76,16.5,0.0
2024-08-08,shendurni,Jamner,36.0,24.4,84,15.4,41.1
2024-08-08,pahur,Jamner,36.0,24.4,84,15.4,44.0
2024-08-08,neri,Jamner,36.0,24.4,84,15.4,34.2
2024-08-08,lohara,Jamner,36.0,24.4,84,15.4,29.3
2024-08-09,kanheri,Baramati,34.2,27.1,98,14.2,39.3
2024-08-09,jalochi,Baramati,34.2,27.1,98,14.2,34.0
2024-08-09,medad,Baramati,34.2,27.1,98,14.2,35.6
2024-08-09,nimbut,Baramati,34.2,27.1,98,14.2,33.5
2024-08-09,songaon,Baramati,34.2,27.1,98,14.2,36.5
2024-08-09,gunawadi,Baramati,34.2,27.1,98,14.2,33.6
2024-08-09,pandare,Baramati,34.2,27.1,98,14.2,38.7
2024-08-09,korhale,Baramati,34.2,27.1,98,14.2,30.7
2024-08-09,lasalgaon,Niphad,6.6,27.8,77,17.3,7.0
2024-08-09,pimpalgaon,Niphad,6.6,27.8,77,17.3,4.2
2024-08-09,vinchur,Niphad,6.6,27.8,77,17.3,5.0
2024-08-09,ozar,Niphad,6.6,27.8,77,17.3,9.9
2024-08-09,shendurni,Jamner,15.6,27.7,85,11.2,18.7
2024-08-09,pahur,Jamner,15.6,27.7,85,11.2,16.3
2024-08-09,neri,Jamner,15.6,27.7,85,11.2,14.7
2024-08-09,lohara,Jamner,15.6,27.7,85,11.2,9.8
2024-08-10,kanheri,Baramati,0.0,29.5,69,13.5,0.0
2024-08-10,jalochi,Baramati,0.0,29.5,69,13.5,0.0
2024-08-10,medad,Baramati,0.0,29.5,69,13.5,0.0
2024-08-10,nimbut,Baramati,0.0,29.5,69,13.5,0.0
2024-08-10,songaon,Baramati,0.0,29.5,69,13.5,0.0
2024-08-10,gunawadi,Baramati,0.0,29.5,69,13.5,0.0
2024-08-10,pandare,Baramati,0.0,29.5,69,13.5,0.0
2024-08-10,korhale,Baramati,0.0,29.5,69,13.5,0.0
2024-08-10,lasalgaon,Niphad,13.2,28.5,90,12.5,12.1
2024-08-10,pimpalgaon,Niphad,13.2,28.5,90,12.5,14.4
2024-08-10,vinchur,Niphad,13.2,28.5,90,12.5,13.0
2024-08-10,ozar,Niphad,13.2,28.5,90,12.5,13.7
2024-08-10,shendurni,Jamner,22.5,25.2,86,15.7,20.7
2024-08-10,pahur,Jamner,22.5,25.2,86,15.7,23.1
2024-08-10,neri,Jamner,22.5,25.2,86,15.7,16.8
2024-08-10,lohara,Jamner,22.5,25.2,86,15.7,24.5
2024-08-11,kanheri,Baramati,3.1,29.8,75,14.9,3.5
2024-08-11,jalochi,Baramati,3.1,29.8,75,14.9,2.6
2024-08-11,medad,Baramati,3.1,29.8,75,14.9,3.5
2024-08-11,nimbut,Baramati,3.1,29.8,75,14.9,3.9
2024-08-11,songaon,Baramati,3.1,29.8,75,14.9,3.0
2024-08-11,gunawadi,Baramati,3.1,29.8,75,14.9,3.5
2024-08-11,pandare,Baramati,3.1,29.8,75,14.9,2.5
2024-08-11,korhale,Baramati,3.1,29.8,75,14.9,3.1
2024-08-11,lasalgaon,Niphad,35.6,27.9,90,10.0,29.1
2024-08-11,pimpalgaon,Niphad,35.6,27.9,90,10.0,39.3
2024-08-11,vinchur,Niphad,35.6,27.9,90,10.0,39.1
2024-08-11,ozar,Niphad,35.6,27.9,90,10.0,51.6
2024-08-11,shendurni,Jamner,32.0,25.2,87,15.3,30.0
2024-08-11,pahur,Jamner,32.0,25.2,87,15.3,37.7
2024-08-11,neri,Jamner,32.0,25.2,87,15.3,33.0
2024-08-11,lohara,Jamner,32.0,25.2,87,15.3,29.8
2024-08-12,kanheri,Baramati,78.1,24.4,99,15.7,84.6
2024-08-12,jalochi,Baramati,78.1,24.4,99,15.7,80.5
2024-08-12,medad,Baramati,78.1,24.4,99,15.7,80.6
2024-08-12,nimbut,Baramati,78.1,24.4,99,15.7,87.3
2024-08-12,songaon,Baramati,78.1,24.4,99,15.7,57.2
2024-08-12,gunawadi,Baramati,78.1,24.4,99,15.7,60.8
2024-08-12,pandare,Baramati,78.1,24.4,99,15.7,62.9
2024-08-12,korhale,Baramati,78.1,24.4,99,15.7,109.4
2024-08-12,lasalgaon,Niphad,0.0,29.7,83,17.9,0.0
2024-08-12,pimpalgaon,Niphad,0.0,29.7,83,17.9,0.0
2024-08-12,vinchur,Niphad,0.0,29.7,83,17.9,0.0
2024-08-12,ozar,Niphad,0.0,29.7,83,17.9,0.0
2024-08-12,shendurni,Jamner,15.2,26.7,78,13.0,18.0
2024-08-12,pahur,Jamner,15.2,26.7,78,13.0,14.0
2024-08-12,neri,Jamner,15.2,26.7,78,13.0,13.7
2024-08-12,lohara,Jamner,15.2,26.7,78,13.0,9.5
2024-08-13,kanheri,Baramati,0.0,29.5,75,15.9,0.0
2024-08-13,jalochi,Baramati,0.0,29.5,75,15.9,0.0
2024-08-13,medad,Baramati,0.0,29.5,75,15.9,0.0
2024-08-13,nimbut,Baramati,0.0,29.5,75,15.9,0.0
2024-08-13,songaon,Baramati,0.0,29.5,75,15.9,0.0
2024-08-13,gunawadi,Baramati,0.0,29.5,75,15.9,0.0
2024-08-13,pandare,Baramati,0.0,29.5,75,15.9,0.0
2024-08-13,korhale,Baramati,0.0,29.5,75,15.9,0.0
2024-08-13,lasalgaon,Niphad,20.3,26.2,82,2.7,22.2
2024-08-13,pimpalgaon,Niphad,20.3,26.2,82,2.7,18.7
2024-08-13,vinchur,Niphad,20.3,26.2,82,2.7,19.4
2024-08-13,ozar,Niphad,20.3,26.2,82,2.7,20.9
2024-08-13,shendurni,Jamner,31.3,27.9,84,13.3,27.2
2024-08-13,pahur,Jamner,31.3,27.9,84,13.3,32.9
2024-08-13,neri,Jamner,31.3,27.9,84,13.3,28.8
2024-08-13,lohara,Jamner,31.3,27.9,84,13.3,21.8
2024-08-14,kanheri,Baramati,0.0,26.3,73,14.5,0.0
2024-08-14,jalochi,Baramati,0.0,26.3,73,14.5,0.0
2024-08-14,medad,Baramati,0.0,26.3,73,14.5,0.0
2024-08-14,nimbut,Baramati,0.0,26.3,73,14.5,0.0
2024-08-14,songaon,Baramati,0.0,26.3,73,14.5,0.0
2024-08-14,gunawadi,Baramati,0.0,26.3,73,14.5,0.0
2024-08-14,pandare,Baramati,0.0,26.3,73,14.5,0.0
2024-08-14,korhale,Baramati,0.0,26.3,73,14.5,0.0
2024-08-14,lasalgaon,Niphad,0.0,29.7,74,9.8,0.0
2024-08-14,pimpalgaon,Niphad,0.0,29.7,74,9.8,0.0
2024-08-14,vinchur,Niphad,0.0,29.7,74,9.8,0.0
2024-08-14,ozar,Niphad,0.0,29.7,74,9.8,0.0
2024-08-14,shendurni,Jamner,34.0,25.9,89,16.4,36.6
2024-08-14,pahur,Jamner,34.0,25.9,89,16.4,34.5
2024-08-14,neri,Jamner,34.0,25.9,89,16.4,28.6
2024-08-14,lohara,Jamner,34.0,25.9,89,16.4,29.8
2024-08-15,kanheri,Baramati,16.5,26.5,79,14.8,14.9
2024-08-15,jalochi,Baramati,16.5,26.5,79,14.8,20.2
2024-08-15,medad,Baramati,16.5,26.5,79,14.8,21.9
2024-08-15,nimbut,Baramati,16.5,26.5,79,14.8,15.6
2024-08-15,songaon,Baramati,16.5,26.5,79,14.8,13.6
2024-08-15,gunawadi,Baramati,16.5,26.5,79,14.8,12.6
2024-08-15,pandare,Baramati,16.5,26.5,79,14.8,11.1
2024-08-15,korhale,Baramati,16.5,26.5,79,14.8,20.5
2024-08-15,lasalgaon,Niphad,0.0,26.1,79,18.6,0.0
2024-08-15,pimpalgaon,Niphad,0.0,26.1,79,18.6,0.0
2024-08-15,vinchur,Niphad,0.0,26.1,79,18.6,0.0
2024-08-15,ozar,Niphad,0.0,26.1,79,18.6,0.0
2024-08-15,shendurni,Jamner,22.7,26.3,85,14.9,24.8
2024-08-15,pahur,Jamner,22.7,26.3,85,14.9,23.5
2024-08-15,neri,Jamner,22.7,26.3,85,14.9,21.3
2024-08-15,lohara,Jamner,22.7,26.3,85,14.9,18.3
2024-08-16,kanheri,Baramati,129.9,22.5,98,11.5,157.2
2024-08-16,jalochi,Baramati,129.9,22.5,98,11.5,120.8
2024-08-16,medad,Baramati,129.9,22.5,98,11.5,156.1
2024-08-16,nimbut,Baramati,129.9,22.5,98,11.5,137.9
2024-08-16,songaon,Baramati,129.9,22.5,98,11.5,151.0
2024-08-16,gunawadi,Baramati,129.9,22.5,98,11.5,88.0
2024-08-16,pandare,Baramati,129.9,22.5,98,11.5,103.4
2024-08-16,korhale,Baramati,129.9,22.5,98,11.5,121.9
2024-08-16,lasalgaon,Niphad,12.2,28.1,80,14.5,13.9
2024-08-16,pimpalgaon,Niphad,12.2,28.1,80,14.5,11.1
2024-08-16,vinchur,Niphad,12.2,28.1,80,14.5,11.2
2024-08-16,ozar,Niphad,12.2,28.1,80,14.5,13.9
2024-08-16,shendurni,Jamner,17.9,28.2,84,11.9,21.8
2024-08-16,pahur,Jamner,17.9,28.2,84,11.9,21.0
2024-08-16,neri,Jamner,17.9,28.2,84,11.9,15.0
2024-08-16,lohara,Jamner,17.9,28.2,84,11.9,12.9
2024-08-17,kanheri,Baramati,13.4,26.5,83,21.2,14.1
2024-08-17,jalochi,Baramati,13.4,26.5,83,21.2,14.8
2024-08-17,medad,Baramati,13.4,26.5,83,21.2,19.1
2024-08-17,nimbut,Baramati,13.4,26.5,83,21.2,10.9
2024-08-17,songaon,Baramati,13.4,26.5,83,21.2,12.7
2024-08-17,gunawadi,Baramati,13.4,26.5,83,21.2,10.7
2024-08-17,pandare,Baramati,13.4,26.5,83,21.2,13.8
2024-08-17,korhale,Baramati,13.4,26.5,83,21.2,13.5
2024-08-17,lasalgaon,Niphad,42.0,25.1,95,17.4,25.8
2024-08-17,pimpalgaon,Niphad,42.0,25.1,95,17.4,41.6
2024-08-17,vinchur,Niphad,42.0,25.1,95,17.4,41.4
2024-08-17,ozar,Niphad,42.0,25.1,95,17.4,43.4
2024-08-17,shendurni,Jamner,0.0,29.8,75,12.6,0.0
2024-08-17,pahur,Jamner,0.0,29.8,75,12.6,0.0
2024-08-17,neri,Jamner,0.0,29.8,75,12.6,0.0
2024-08-17,lohara,Jamner,0.0,29.8,75,12.6,0.0
2024-08-18,kanheri,Baramati,15.7,27.8,70,17.0,17.8
2024-08-18,jalochi,Baramati,15.7,27.8,70,17.0,16.3
2024-08-18,medad,Baramati,15.7,27.8,70,17.0,17.5
2024-08-18,nimbut,Baramati,15.7,27.8,70,17.0,17.7
2024-08-18,songaon,Baramati,15.7,27.8,70,17.0,18.0
2024-08-18,gunawadi,Baramati,15.7,27.8,70,17.0,14.8
2024-08-18,pandare,Baramati,15.7,27.8,70,17.0,13.6
2024-08-18,korhale,Baramati,15.7,27.8,70,17.0,16.7
2024-08-18,lasalgaon,Niphad,28.6,27.2,88,11.0,29.1
2024-08-18,pimpalgaon,Niphad,28.6,27.2,88,11.0,20.0
2024-08-18,vinchur,Niphad,28.6,27.2,88,11.0,30.0
2024-08-18,ozar,Niphad,28.6,27.2,88,11.0,32.4
2024-08-18,shendurni,Jamner,21.1,27.0,84,16.0,22.8
2024-08-18,pahur,Jamner,21.1,27.0,84,16.0,18.4
2024-08-18,neri,Jamner,21.1,27.0,84,16.0,20.1
2024-08-18,lohara,Jamner,21.1,27.0,84,16.0,21.0
2024-08-19,kanheri,Baramati,42.6,24.2,98,14.2,37.4
2024-08-19,jalochi,Baramati,42.6,24.2,98,14.2,39.7
2024-08-19,medad,Baramati,42.6,24.2,98,14.2,40.2
2024-08-19,nimbut,Baramati,42.6,24.2,98,14.2,46.0
2024-08-19,songaon,Baramati,42.6,24.2,98,14.2,35.7
2024-08-19,gunawadi,Baramati,42.6,24.2,98,14.2,30.8
2024-08-19,pandare,Baramati,42.6,24.2,98,14.2,41.0
2024-08-19,korhale,Baramati,42.6,24.2,98,14.2,47.6
2024-08-19,lasalgaon,Niphad,59.8,25.6,99,16.6,58.7
2024-08-19,pimpalgaon,Niphad,59.8,25.6,99,16.6,59.4
2024-08-19,vinchur,Niphad,59.8,25.6,99,16.6,41.5
2024-08-19,ozar,Niphad,59.8,25.6,99,16.6,69.2
2024-08-19,shendurni,Jamner,31.5,25.8,89,9.3,35.0
2024-08-19,pahur,Jamner,31.5,25.8,89,9.3,28.7
2024-08-19,neri,Jamner,31.5,25.8,89,9.3,25.0
2024-08-19,lohara,Jamner,31.5,25.8,89,9.3,26.9
2024-08-20,kanheri,Baramati,0.0,28.7,76,15.4,0.0
2024-08-20,jalochi,Baramati,0.0,28.7,76,15.4,0.0
2024-08-20,medad,Baramati,0.0,28.7,76,15.4,0.0
2024-08-20,nimbut,Baramati,0.0,28.7,76,15.4,0.0
2024-08-20,songaon,Baramati,0.0,28.7,76,15.4,0.0
2024-08-20,gunawadi,Baramati,0.0,28.7,76,15.4,0.0
2024-08-20,pandare,Baramati,0.0,28.7,76,15.4,0.0
2024-08-20,korhale,Baramati,0.0,28.7,76,15.4,0.0
2024-08-20,lasalgaon,Niphad,0.0,26.8,75,8.0,0.0
2024-08-20,pimpalgaon,Niphad,0.0,26.8,75,8.0,0.0
2024-08-20,vinchur,Niphad,0.0,26.8,75,8.0,0.0
2024-08-20,ozar,Niphad,0.0,26.8,75,8.0,0.0
2024-08-20,shendurni,Jamner,0.0,26.0,71,6.0,0.0
2024-08-20,pahur,Jamner,0.0,26.0,71,6.0,0.0
2024-08-20,neri,Jamner,0.0,26.0,71,6.0,0.0
2024-08-20,lohara,Jamner,0.0,26.0,71,6.0,0.0
2024-08-21,kanheri,Baramati,25.1,27.2,87,17.4,18.6
2024-08-21,jalochi,Baramati,25.1,27.2,87,17.4,23.8
2024-08-21,medad,Baramati,25.1,27.2,87,17.4,35.4
2024-08-21,nimbut,Baramati,25.1,27.2,87,17.4,23.3
2024-08-21,songaon,Baramati,25.1,27.2,87,17.4,17.5
2024-08-21,gunawadi,Baramati,25.1,27.2,87,17.4,25.8
2024-08-21,pandare,Baramati,25.1,27.2,87,17.4,18.5
2024-08-21,korhale,Baramati,25.1,27.2,87,17.4,25.5
2024-08-21,lasalgaon,Niphad,1.0,27.9,71,18.2,0.9
2024-08-21,pimpalgaon,Niphad,1.0,27.9,71,18.2,0.8
2024-08-21,vinchur,Niphad,1.0,27.9,71,18.2,1.0
2024-08-21,ozar,Niphad,1.0,27.9,71,18.2,1.3
2024-08-21,shendurni,Jamner,7.2,26.9,72,14.5,10.0
2024-08-21,pahur,Jamner,7.2,26.9,72,14.5,7.9
2024-08-21,neri,Jamner,7.2,26.9,72,14.5,5.4
2024-08-21,lohara,Jamner,7.2,26.9,72,14.5,5.0
2024-08-22,kanheri,Baramati,7.7,28.1,79,5.6,8.0
2024-08-22,jalochi,Baramati,7.7,28.1,79,5.6,8.2
2024-08-22,medad,Baramati,7.7,28.1,79,5.6,12.9
2024-08-22,nimbut,Baramati,7.7,28.1,79,5.6,9.0
2024-08-22,songaon,Baramati,7.7,28.1,79,5.6,5.9
2024-08-22,gunawadi,Baramati,7.7,28.1,79,5.6,6.4
2024-08-22,pandare,Baramati,7.7,28.1,79,5.6,5.2
2024-08-22,korhale,Baramati,7.7,28.1,79,5.6,7.9
2024-08-22,lasalgaon,Niphad,86.1,23.5,99,15.7,73.6
2024-08-22,pimpalgaon,Niphad,86.1,23.5,99,15.7,81.7
2024-08-22,vinchur,Niphad,86.1,23.5,99,15.7,79.1
2024-08-22,ozar,Niphad,86.1,23.5,99,15.7,111.0
2024-08-22,shendurni,Jamner,39.3,23.6,86,12.3,43.2
2024-08-22,pahur,Jamner,39.3,23.6,86,12.3,43.9
2024-08-22,neri,Jamner,39.3,23.6,86,12.3,38.6
2024-08-22,lohara,Jamner,39.3,23.6,86,12.3,35.0
2024-08-23,kanheri,Baramati,0.0,28.8,77,15.0,0.0
2024-08-23,jalochi,Baramati,0.0,28.8,77,15.0,0.0
2024-08-23,medad,Baramati,0.0,28.8,77,15.0,0.0
2024-08-23,nimbut,Baramati,0.0,28.8,77,15.0,0.0
2024-08-23,songaon,Baramati,0.0,28.8,77,15.0,0.0
2024-08-23,gunawadi,Baramati,0.0,28.8,77,15.0,0.0
2024-08-23,pandare,Baramati,0.0,28.8,77,15.0,0.0
2024-08-23,korhale,Baramati,0.0,28.8,77,15.0,0.0
2024-08-23,lasalgaon,Niphad,157.0,27.0,99,14.3,118.6
2024-08-23,pimpalgaon,Niphad,157.0,27.0,99,14.3,138.3
2024-08-23,vinchur,Niphad,157.0,27.0,99,14.3,159.7
2024-08-23,ozar,Niphad,157.0,27.0,99,14.3,167.3
2024-08-23,shendurni,Jamner,49.1,22.8,94,13.8,58.2
2024-08-23,pahur,Jamner,49.1,22.8,94,13.8,54.5
2024-08-23,neri,Jamner,49.1,22.8,94,13.8,44.0
2024-08-23,lohara,Jamner,49.1,22.8,94,13.8,44.5
2024-08-24,kanheri,Baramati,1.2,26.8,81,9.3,1.2
2024-08-24,jalochi,Baramati,1.2,26.8,81,9.3,1.1
2024-08-24,medad,Baramati,1.2,26.8,81,9.3,1.1
2024-08-24,nimbut,Baramati,1.2,26.8,81,9.3,1.1
2024-08-24,songaon,Baramati,1.2,26.8,81,9.3,0.8
2024-08-24,gunawadi,Baramati,1.2,26.8,81,9.3,1.3
2024-08-24,pandare,Baramati,1.2,26.8,81,9.3,0.9
2024-08-24,korhale,Baramati,1.2,26.8,81,9.3,1.7
2024-08-24,lasalgaon,Niphad,0.0,28.6,72,11.1,0.0
2024-08-24,pimpalgaon,Niphad,0.0,28.6,72,11.1,0.0
2024-08-24,vinchur,Niphad,0.0,28.6,72,11.1,0.0
2024-08-24,ozar,Niphad,0.0,28.6,72,11.1,0.0
2024-08-24,shendurni,Jamner,15.2,27.0,79,11.1,19.2
2024-08-24,pahur,Jamner,15.2,27.0,79,11.1,16.4
2024-08-24,neri,Jamner,15.2,27.0,79,11.1,12.4
2024-08-24,lohara,Jamner,15.2,27.0,79,11.1,12.7
2024-08-25,kanheri,Baramati,6.7,30.2,76,14.1,5.3
2024-08-25,jalochi,Baramati,6.7,30.2,76,14.1,6.5
2024-08-25,medad,Baramati,6.7,30.2,76,14.1,7.2
2024-08-25,nimbut,Baramati,6.7,30.2,76,14.1,6.1
2024-08-25,songaon,Baramati,6.7,30.2,76,14.1,7.0
2024-08-25,gunawadi,Baramati,6.7,30.2,76,14.1,5.7
2024-08-25,pandare,Baramati,6.7,30.2,76,14.1,6.4
2024-08-25,korhale,Baramati,6.7,30.2,76,14.1,6.9
2024-08-25,lasalgaon,Niphad,24.3,26.0,88,12.8,19.7
2024-08-25,pimpalgaon,Niphad,24.3,26.0,88,12.8,23.9
2024-08-25,vinchur,Niphad,24.3,26.0,88,12.8,20.5
2024-08-25,ozar,Niphad,24.3,26.0,88,12.8,20.5
2024-08-25,shendurni,Jamner,43.7,23.6,92,8.6,51.4
2024-08-25,pahur,Jamner,43.7,23.6,92,8.6,37.5
2024-08-25,neri,Jamner,43.7,23.6,92,8.6,42.9
2024-08-25,lohara,Jamner,43.7,23.6,92,8.6,39.2
2024-08-26,kanheri,Baramati,89.0,26.3,95,8.0,70.6
2024-08-26,jalochi,Baramati,89.0,26.3,95,8.0,102.0
2024-08-26,medad,Baramati,89.0,26.3,95,8.0,119.1
2024-08-26,nimbut,Baramati,89.0,26.3,95,8.0,113.4
2024-08-26,songaon,Baramati,89.0,26.3,95,8.0,71.1
2024-08-26,gunawadi,Baramati,89.0,26.3,95,8.0,86.2
2024-08-26,pandare,Baramati,89.0,26.3,95,8.0,68.8
2024-08-26,korhale,Baramati,89.0,26.3,95,8.0,99.3
2024-08-26,lasalgaon,Niphad,27.7,23.6,79,14.6,25.3
2024-08-26,pimpalgaon,Niphad,27.7,23.6,79,14.6,26.1
2024-08-26,vinchur,Niphad,27.7,23.6,79,14.6,24.9
2024-08-26,ozar,Niphad,27.7,23.6,79,14.6,32.7
2024-08-26,shendurni,Jamner,0.0,28.2,71,12.1,0.0
2024-08-26,pahur,Jamner,0.0,28.2,71,12.1,0.0
2024-08-26,neri,Jamner,0.0,28.2,71,12.1,0.0
2024-08-26,lohara,Jamner,0.0,28.2,71,12.1,0.0
2024-08-27,kanheri,Baramati,51.2,25.5,95,10.2,44.7
2024-08-27,jalochi,Baramati,51.2,25.5,95,10.2,52.5
2024-08-27,medad,Baramati,51.2,25.5,95,10.2,51.8
2024-08-27,nimbut,Baramati,51.2,25.5,95,10.2,65.0
2024-08-27,songaon,Baramati,51.2,25.5,95,10.2,51.9
2024-08-27,gunawadi,Baramati,51.2,25.5,95,10.2,48.6
2024-08-27,pandare,Baramati,51.2,25.5,95,10.2,42.4
2024-08-27,korhale,Baramati,51.2,25.5,95,10.2,56.0
2024-08-27,lasalgaon,Niphad,42.3,24.6,92,18.4,44.2
2024-08-27,pimpalgaon,Niphad,42.3,24.6,92,18.4,37.9
2024-08-27,vinchur,Niphad,42.3,24.6,92,18.4,46.5
2024-08-27,ozar,Niphad,42.3,24.6,92,18.4,64.8
2024-08-27,shendurni,Jamner,27.0,28.6,83,16.1,37.0
2024-08-27,pahur,Jamner,27.0,28.6,83,16.1,26.2
2024-08-27,neri,Jamner,27.0,28.6,83,16.1,32.8
2024-08-27,lohara,Jamner,27.0,28.6,83,16.1,22.9
2024-08-28,kanheri,Baramati,12.7,26.8,82,9.3,11.4
2024-08-28,jalochi,Baramati,12.7,26.8,82,9.3,13.5
2024-08-28,medad,Baramati,12.7,26.8,82,9.3,10.7
2024-08-28,nimbut,Baramati,12.7,26.8,82,9.3,13.2
2024-08-28,songaon,Baramati,12.7,26.8,82,9.3,10.1
2024-08-28,gunawadi,Baramati,12.7,26.8,82,9.3,11.0
2024-08-28,pandare,Baramati,12.7,26.8,82,9.3,8.4
2024-08-28,korhale,Baramati,12.7,26.8,82,9.3,9.5
2024-08-28,lasalgaon,Niphad,75.3,25.0,92,11.4,57.0
2024-08-28,pimpalgaon,Niphad,75.3,25.0,92,11.4,55.3
2024-08-28,vinchur,Niphad,75.3,25.0,92,11.4,75.9
2024-08-28,ozar,Niphad,75.3,25.0,92,11.4,75.4
2024-08-28,shendurni,Jamner,59.3,26.6,99,16.9,60.4
2024-08-28,pahur,Jamner,59.3,26.6,99,16.9,56.0
2024-08-28,neri,Jamner,59.3,26.6,99,16.9,33.1
2024-08-28,lohara,Jamner,59.3,26.6,99,16.9,46.1
2024-08-29,kanheri,Baramati,0.0,24.8,76,10.7,0.0
2024-08-29,jalochi,Baramati,0.0,24.8,76,10.7,0.0
2024-08-29,medad,Baramati,0.0,24.8,76,10.7,0.0
2024-08-29,nimbut,Baramati,0.0,24.8,76,10.7,0.0
2024-08-29,songaon,Baramati,0.0,24.8,76,10.7,0.0
2024-08-29,gunawadi,Baramati,0.0,24.8,76,10.7,0.0
2024-08-29,pandare,Baramati,0.0,24.8,76,10.7,0.0
2024-08-29,korhale,Baramati,0.0,24.8,76,10.7,0.0
2024-08-29,lasalgaon,Niphad,51.4,25.2,97,14.4,58.8
2024-08-29,pimpalgaon,Niphad,51.4,25.2,97,14.4,52.6
2024-08-29,vinchur,Niphad,51.4,25.2,97,14.4,64.3
2024-08-29,ozar,Niphad,51.4,25.2,97,14.4,55.7
2024-08-29,shendurni,Jamner,24.1,25.2,77,18.0,30.5
2024-08-29,pahur,Jamner,24.1,25.2,77,18.0,31.0
2024-08-29,neri,Jamner,24.1,25.2,77,18.0,18.2
2024-08-29,lohara,Jamner,24.1,25.2,77,18.0,16.9
2024-08-30,kanheri,Baramati,0.0,28.3,74,14.3,0.0
2024-08-30,jalochi,Baramati,0.0,28.3,74,14.3,0.0
2024-08-30,medad,Baramati,0.0,28.3,74,14.3,0.0
2024-08-30,nimbut,Baramati,0.0,28.3,74,14.3,0.0
2024-08-30,songaon,Baramati,0.0,28.3,74,14.3,0.0
2024-08-30,gunawadi,Baramati,0.0,28.3,74,14.3,0.0
2024-08-30,pandare,Baramati,0.0,28.3,74,14.3,0.0
2024-08-30,korhale,Baramati,0.0,28.3,74,14.3,0.0
2024-08-30,lasalgaon,Niphad,15.8,26.6,78,14.8,11.7
2024-08-30,pimpalgaon,Niphad,15.8,26.6,78,14.8,16.0
2024-08-30,vinchur,Niphad,15.8,26.6,78,14.8,14.4
2024-08-30,ozar,Niphad,15.8,26.6,78,14.8,17.3
2024-08-30,shendurni,Jamner,6.9,26.0,80,13.4,6.8
2024-08-30,pahur,Jamner,6.9,26.0,80,13.4,8.3
2024-08-30,neri,Jamner,6.9,26.0,80,13.4,5.9
2024-08-30,lohara,Jamner,6.9,26.0,80,13.4,6.1
2024-08-31,kanheri,Baramati,21.0,25.9,81,12.2,23.7
2024-08-31,jalochi,Baramati,21.0,25.9,81,12.2,20.6
2024-08-31,medad,Baramati,21.0,25.9,81,12.2,26.8
2024-08-31,nimbut,Baramati,21.0,25.9,81,12.2,18.9
2024-08-31,songaon,Baramati,21.0,25.9,81,12.2,21.0
2024-08-31,gunawadi,Baramati,21.0,25.9,81,12.2,18.0
2024-08-31,pandare,Baramati,21.0,25.9,81,12.2,16.3
2024-08-31,korhale,Baramati,21.0,25.9,81,12.2,23.8
2024-08-31,lasalgaon,Niphad,22.3,25.9,84,15.7,19.3
2024-08-31,pimpalgaon,Niphad,22.3,25.9,84,15.7,18.0
2024-08-31,vinchur,Niphad,22.3,25.9,84,15.7,20.1
2024-08-31,ozar,Niphad,22.3,25.9,84,15.7,30.2
2024-08-31,shendurni,Jamner,0.0,25.4,74,18.7,0.0
2024-08-31,pahur,Jamner,0.0,25.4,74,18.7,0.0
2024-08-31,neri,Jamner,0.0,25.4,74,18.7,0.0
2024-08-31,lohara,Jamner,0.0,25.4,74,18.7,0.0
2024-09-01,kanheri,Baramati,47.2,27.2,91,9.9,51.2
2024-09-01,jalochi,Baramati,47.2,27.2,91,9.9,43.3
2024-09-01,medad,Baramati,47.2,27.2,91,9.9,41.2
2024-09-01,nimbut,Baramati,47.2,27.2,91,9.9,53.6
2024-09-01,songaon,Baramati,47.2,27.2,91,9.9,51.7
2024-09-01,gunawadi,Baramati,47.2,27.2,91,9.9,49.6
2024-09-01,pandare,Baramati,47.2,27.2,91,9.9,37.5
2024-09-01,korhale,Baramati,47.2,27.2,91,9.9,57.4
2024-09-01,lasalgaon,Niphad,9.8,27.1,83,10.6,8.3
2024-09-01,pimpalgaon,Niphad,9.8,27.1,83,10.6,8.5
2024-09-01,vinchur,Niphad,9.8,27.1,83,10.6,10.5
2024-09-01,ozar,Niphad,9.8,27.1,83,10.6,10.6
2024-09-01,shendurni,Jamner,0.0,26.7,78,13.1,0.0
2024-09-01,pahur,Jamner,0.0,26.7,78,13.1,0.0
2024-09-01,neri,Jamner,0.0,26.7,78,13.1,0.0
2024-09-01,lohara,Jamner,0.0,26.7,78,13.1,0.0
2024-09-02,kanheri,Baramati,0.0,27.5,74,13.8,0.0
2024-09-02,jalochi,Baramati,0.0,27.5,74,13.8,0.0
2024-09-02,medad,Baramati,0.0,27.5,74,13.8,0.0
2024-09-02,nimbut,Baramati,0.0,27.5,74,13.8,0.0
2024-09-02,songaon,Baramati,0.0,27.5,74,13.8,0.0
2024-09-02,gunawadi,Baramati,0.0,27.5,74,13.8,0.0
2024-09-02,pandare,Baramati,0.0,27.5,74,13.8,0.0
2024-09-02,korhale,Baramati,0.0,27.5,74,13.8,0.0
2024-09-02,lasalgaon,Niphad,14.4,25.5,81,18.5,11.6
2024-09-02,pimpalgaon,Niphad,14.4,25.5,81,18.5,13.7
2024-09-02,vinchur,Niphad,14.4,25.5,81,18.5,14.4
2024-09-02,ozar,Niphad,14.4,25.5,81,18.5,18.2
2024-09-02,shendurni,Jamner,52.7,26.9,93,11.6,51.2
2024-09-02,pahur,Jamner,52.7,26.9,93,11.6,57.6
2024-09-02,neri,Jamner,52.7,26.9,93,11.6,46.3
2024-09-02,lohara,Jamner,52.7,26.9,93,11.6,38.5
2024-09-03,kanheri,Baramati,19.0,26.2,80,16.5,20.7
2024-09-03,jalochi,Baramati,19.0,26.2,80,16.5,21.5
2024-09-03,medad,Baramati,19.0,26.2,80,16.5,16.8
2024-09-03,nimbut,Baramati,19.0,26.2,80,16.5,19.8
2024-09-03,songaon,Baramati,19.0,26.2,80,16.5,16.3
2024-09-03,gunawadi,Baramati,19.0,26.2,80,16.5,15.8
2024-09-03,pandare,Baramati,19.0,26.2,80,16.5,15.6
2024-09-03,korhale,Baramati,19.0,26.2,80,16.5,19.8
2024-09-03,lasalgaon,Niphad,0.0,26.2,74,12.5,0.0
2024-09-03,pimpalgaon,Niphad,0.0,26.2,74,12.5,0.0
2024-09-03,vinchur,Niphad,0.0,26.2,74,12.5,0.0
2024-09-03,ozar,Niphad,0.0,26.2,74,12.5,0.0
2024-09-03,shendurni,Jamner,28.7,25.2,96,17.2,36.4
2024-09-03,pahur,Jamner,28.7,25.2,96,17.2,27.5
2024-09-03,neri,Jamner,28.7,25.2,96,17.2,22.7
2024-09-03,lohara,Jamner,28.7,25.2,96,17.2,27.6
2024-09-04,kanheri,Baramati,13.7,27.8,82,14.2,12.4
2024-09-04,jalochi,Baramati,13.7,27.8,82,14.2,14.5
2024-09-04,medad,Baramati,13.7,27.8,82,14.2,20.4
2024-09-04,nimbut,Baramati,13.7,27.8,82,14.2,14.4
2024-09-04,songaon,Baramati,13.7,27.8,82,14.2,11.6
2024-09-04,gunawadi,Baramati,13.7,27.8,82,14.2,12.2
2024-09-04,pandare,Baramati,13.7,27.8,82,14.2,13.3
2024-09-04,korhale,Baramati,13.7,27.8,82,14.2,17.4
2024-09-04,lasalgaon,Niphad,33.7,24.4,88,13.8,32.4
2024-09-04,pimpalgaon,Niphad,33.7,24.4,88,13.8,27.0
2024-09-04,vinchur,Niphad,33.7,24.4,88,13.8,34.4
2024-09-04,ozar,Niphad,33.7,24.4,88,13.8,41.4
2024-09-04,shendurni,Jamner,10.2,27.2,75,15.5,9.3
2024-09-04,pahur,Jamner,10.2,27.2,75,15.5,9.6
2024-09-04,neri,Jamner,10.2,27.2,75,15.5,7.9
2024-09-04,lohara,Jamner,10.2,27.2,75,15.5,10.0
2024-09-05,kanheri,Baramati,2.2,27.5,74,12.2,1.8
2024-09-05,jalochi,Baramati,2.2,27.5,74,12.2,2.7
2024-09-05,medad,Baramati,2.2,27.5,74,12.2,2.1
2024-09-05,nimbut,Baramati,2.2,27.5,74,12.2,3.3
2024-09-05,songaon,Baramati,2.2,27.5,74,12.2,2.3
2024-09-05,gunawadi,Baramati,2.2,27.5,74,12.2,2.0
2024-09-05,pandare,Baramati,2.2,27.5,74,12.2,2.2
2024-09-05,korhale,Baramati,2.2,27.5,74,12.2,2.6
2024-09-05,lasalgaon,Niphad,25.2,26.6,85,16.7,20.4
2024-09-05,pimpalgaon,Niphad,25.2,26.6,85,16.7,25.3
2024-09-05,vinchur,Niphad,25.2,26.6,85,16.7,22.8
2024-09-05,ozar,Niphad,25.2,26.6,85,16.7,32.0
2024-09-05,shendurni,Jamner,15.1,28.2,83,14.8,24.3
2024-09-05,pahur,Jamner,15.1,28.2,83,14.8,14.8
2024-09-05,neri,Jamner,15.1,28.2,83,14.8,11.3
2024-09-05,lohara,Jamner,15.1,28.2,83,14.8,12.0
2024-09-06,kanheri,Baramati,0.0,29.8,73,16.6,0.0
2024-09-06,jalochi,Baramati,0.0,29.8,73,16.6,0.0
2024-09-06,medad,Baramati,0.0,29.8,73,16.6,0.0
2024-09-06,nimbut,Baramati,0.0,29.8,73,16.6,0.0
2024-09-06,songaon,Baramati,0.0,29.8,73,16.6,0.0
2024-09-06,gunawadi,Baramati,0.0,29.8,73,16.6,0.0
2024-09-06,pandare,Baramati,0.0,29.8,73,16.6,0.0
2024-09-06,korhale,Baramati,0.0,29.8,73,16.6,0.0
2024-09-06,lasalgaon,Niphad,20.5,26.2,87,13.7,19.7
2024-09-06,pimpalgaon,Niphad,20.5,26.2,87,13.7,20.6
2024-09-06,vinchur,Niphad,20.5,26.2,87,13.7,22.2
2024-09-06,ozar,Niphad,20.5,26.2,87,13.7,32.9
2024-09-06,shendurni,Jamner,29.6,27.9,88,19.9,32.2
2024-09-06,pahur,Jamner,29.6,27.9,88,19.9,27.8
2024-09-06,neri,Jamner,29.6,27.9,88,19.9,24.5
2024-09-06,lohara,Jamner,29.6,27.9,88,19.9,32.7
2024-09-07,kanheri,Baramati,6.3,29.0,84,14.3,5.5
2024-09-07,jalochi,Baramati,6.3,29.0,84,14.3,7.3
2024-09-07,medad,Baramati,6.3,29.0,84,14.3,6.2
2024-09-07,nimbut,Baramati,6.3,29.0,84,14.3,5.1
2024-09-07,songaon,Baramati,6.3,29.0,84,14.3,4.5
2024-09-07,gunawadi,Baramati,6.3,29.0,84,14.3,5.4
2024-09-07,pandare,Baramati,6.3,29.0,84,14.3,4.9
2024-09-07,korhale,Baramati,6.3,29.0,84,14.3,7.9
2024-09-07,lasalgaon,Niphad,56.1,25.6,97,8.3,49.2
2024-09-07,pimpalgaon,Niphad,56.1,25.6,97,8.3,47.0
2024-09-07,vinchur,Niphad,56.1,25.6,97,8.3,44.4
2024-09-07,ozar,Niphad,56.1,25.6,97,8.3,65.4
2024-09-07,shendurni,Jamner,2.5,29.1,75,11.7,2.5
2024-09-07,pahur,Jamner,2.5,29.1,75,11.7,3.3
2024-09-07,neri,Jamner,2.5,29.1,75,11.7,2.0
2024-09-07,lohara,Jamner,2.5,29.1,75,11.7,3.6
2024-09-08,kanheri,Baramati,0.0,27.9,73,13.5,0.0
2024-09-08,jalochi,Baramati,0.0,27.9,73,13.5,0.0
2024-09-08,medad,Baramati,0.0,27.9,73,13.5,0.0
2024-09-08,nimbut,Baramati,0.0,27.9,73,13.5,0.0
2024-09-08,songaon,Baramati,0.0,27.9,73,13.5,0.0
2024-09-08,gunawadi,Baramati,0.0,27.9,73,13.5,0.0
2024-09-08,pandare,Baramati,0.0,27.9,73,13.5,0.0
2024-09-08,korhale,Baramati,0.0,27.9,73,13.5,0.0
2024-09-08,lasalgaon,Niphad,0.0,26.8,76,12.7,0.0
2024-09-08,pimpalgaon,Niphad,0.0,26.8,76,12.7,0.0
2024-09-08,vinchur,Niphad,0.0,26.8,76,12.7,0.0
2024-09-08,ozar,Niphad,0.0,26.8,76,12.7,0.0
2024-09-08,shendurni,Jamner,28.5,26.6,88,13.8,30.4
2024-09-08,pahur,Jamner,28.5,26.6,88,13.8,31.5
2024-09-08,neri,Jamner,28.5,26.6,88,13.8,25.5
2024-09-08,lohara,Jamner,28.5,26.6,88,13.8,21.4
2024-09-09,kanheri,Baramati,36.7,25.3,85,16.3,37.3
2024-09-09,jalochi,Baramati,36.7,25.3,85,16.3,27.0
2024-09-09,medad,Baramati,36.7,25.3,85,16.3,44.2
2024-09-09,nimbut,Baramati,36.7,25.3,85,16.3,34.6
2024-09-09,songaon,Baramati,36.7,25.3,85,16.3,29.6
2024-09-09,gunawadi,Baramati,36.7,25.3,85,16.3,35.1
2024-09-09,pandare,Baramati,36.7,25.3,85,16.3,40.6
2024-09-09,korhale,Baramati,36.7,25.3,85,16.3,48.8
2024-09-09,lasalgaon,Niphad,3.0,28.2,77,14.9,2.8
2024-09-09,pimpalgaon,Niphad,3.0,28.2,77,14.9,2.6
2024-09-09,vinchur,Niphad,3.0,28.2,77,14.9,2.9
2024-09-09,ozar,Niphad,3.0,28.2,77,14.9,3.9
2024-09-09,shendurni,Jamner,0.0,28.8,75,16.8,0.0
2024-09-09,pahur,Jamner,0.0,28.8,75,16.8,0.0
2024-09-09,neri,Jamner,0.0,28.8,75,16.8,0.0
2024-09-09,lohara,Jamner,0.0,28.8,75,16.8,0.0
2024-09-10,kanheri,Baramati,0.0,28.5,79,8.4,0.0
2024-09-10,jalochi,Baramati,0.0,28.5,79,8.4,0.0
2024-09-10,medad,Baramati,0.0,28.5,79,8.4,0.0
2024-09-10,nimbut,Baramati,0.0,28.5,79,8.4,0.0
2024-09-10,songaon,Baramati,0.0,28.5,79,8.4,0.0
2024-09-10,gunawadi,Baramati,0.0,28.5,79,8.4,0.0
2024-09-10,pandare,Baramati,0.0,28.5,79,8.4,0.0
2024-09-10,korhale,Baramati,0.0,28.5,79,8.4,0.0
2024-09-10,lasalgaon,Niphad,0.0,27.7,73,18.5,0.0
2024-09-10,pimpalgaon,Niphad,0.0,27.7,73,18.5,0.0
2024-09-10,vinchur,Niphad,0.0,27.7,73,18.5,0.0
2024-09-10,ozar,Niphad,0.0,27.7,73,18.5,0.0
2024-09-10,shendurni,Jamner,0.0,26.8,68,7.3,0.0
2024-09-10,pahur,Jamner,0.0,26.8,68,7.3,0.0
2024-09-10,neri,Jamner,0.0,26.8,68,7.3,0.0
2024-09-10,lohara,Jamner,0.0,26.8,68,7.3,0.0
2024-09-11,kanheri,Baramati,62.9,24.7,99,10.7,50.9
2024-09-11,jalochi,Baramati,62.9,24.7,99,10.7,55.1
2024-09-11,medad,Baramati,62.9,24.7,99,10.7,49.4
2024-09-11,nimbut,Baramati,62.9,24.7,99,10.7,58.6
2024-09-11,songaon,Baramati,62.9,24.7,99,10.7,75.4
2024-09-11,gunawadi,Baramati,62.9,24.7,99,10.7,54.7
2024-09-11,pandare,Baramati,62.9,24.7,99,10.7,64.5
2024-09-11,korhale,Baramati,62.9,24.7,99,10.7,89.2
2024-09-11,lasalgaon,Niphad,6.1,25.8,73,17.9,5.1
2024-09-11,pimpalgaon,Niphad,6.1,25.8,73,17.9,4.7
2024-09-11,vinchur,Niphad,6.1,25.8,73,17.9,5.4
2024-09-11,ozar,Niphad,6.1,25.8,73,17.9,8.3
2024-09-11,shendurni,Jamner,31.1,28.4,86,19.7,40.6
2024-09-11,pahur,Jamner,31.1,28.4,86,19.7,37.6
2024-09-11,neri,Jamner,31.1,28.4,86,19.7,25.1
2024-09-11,lohara,Jamner,31.1,28.4,86,19.7,25.9
2024-09-12,kanheri,Baramati,95.8,24.2,99,11.3,80.3
2024-09-12,jalochi,Baramati,95.8,24.2,99,11.3,99.0
2024-09-12,medad,Baramati,95.8,24.2,99,11.3,111.7
2024-09-12,nimbut,Baramati,95.8,24.2,99,11.3,82.2
2024-09-12,songaon,Baramati,95.8,24.2,99,11.3,104.7
2024-09-12,gunawadi,Baramati,95.8,24.2,99,11.3,83.6
2024-09-12,pandare,Baramati,95.8,24.2,99,11.3,102.9
2024-09-12,korhale,Baramati,95.8,24.2,99,11.3,103.8
2024-09-12,lasalgaon,Niphad,12.7,25.3,79,17.8,9.8
2024-09-12,pimpalgaon,Niphad,12.7,25.3,79,17.8,11.8
2024-09-12,vinchur,Niphad,12.7,25.3,79,17.8,11.3
2024-09-12,ozar,Niphad,12.7,25.3,79,17.8,14.5
2024-09-12,shendurni,Jamner,29.0,25.4,84,17.5,29.8
2024-09-12,pahur,Jamner,29.0,25.4,84,17.5,37.5
2024-09-12,neri,Jamner,29.0,25.4,84,17.5,18.5
2024-09-12,lohara,Jamner,29.0,25.4,84,17.5,25.4
2024-09-13,kanheri,Baramati,26.1,26.0,79,16.2,28.1
2024-09-13,jalochi,Baramati,26.1,26.0,79,16.2,17.4
2024-09-13,medad,Baramati,26.1,26.0,79,16.2,31.1
2024-09-13,nimbut,Baramati,26.1,26.0,79,16.2,28.5
2024-09-13,songaon,Baramati,26.1,26.0,79,16.2,19.0
2024-09-13,gunawadi,Baramati,26.1,26.0,79,16.2,21.7
2024-09-13,pandare,Baramati,26.1,26.0,79,16.2,23.3
2024-09-13,korhale,Baramati,26.1,26.0,79,16.2,38.7
2024-09-13,lasalgaon,Niphad,46.6,25.0,90,10.6,41.8
2024-09-13,pimpalgaon,Niphad,46.6,25.0,90,10.6,42.1
2024-09-13,vinchur,Niphad,46.6,25.0,90,10.6,36.2
2024-09-13,ozar,Niphad,46.6,25.0,90,10.6,70.3
2024-09-13,shendurni,Jamner,0.0,27.3,75,16.9,0.0
2024-09-13,pahur,Jamner,0.0,27.3,75,16.9,0.0
2024-09-13,neri,Jamner,0.0,27.3,75,16.9,0.0
2024-09-13,lohara,Jamner,0.0,27.3,75,16.9,0.0
2024-09-14,kanheri,Baramati,20.0,26.1,88,6.1,16.9
2024-09-14,jalochi,Baramati,20.0,26.1,88,6.1,20.3
2024-09-14,medad,Baramati,20.0,26.1,88,6.1,25.7
2024-09-14,nimbut,Baramati,20.0,26.1,88,6.1,14.4
2024-09-14,songaon,Baramati,20.0,26.1,88,6.1,17.9
2024-09-14,gunawadi,Baramati,20.0,26.1,88,6.1,22.0
2024-09-14,pandare,Baramati,20.0,26.1,88,6.1,15.7
2024-09-14,korhale,Baramati,20.0,26.1,88,6.1,20.4
2024-09-14,lasalgaon,Niphad,41.1,26.0,93,11.8,41.1
2024-09-14,pimpalgaon,Niphad,41.1,26.0,93,11.8,36.2
2024-09-14,vinchur,Niphad,41.1,26.0,93,11.8,45.2
2024-09-14,ozar,Niphad,41.1,26.0,93,11.8,40.8
2024-09-14,shendurni,Jamner,30.5,25.9,90,10.6,44.2
2024-09-14,pahur,Jamner,30.5,25.9,90,10.6,32.3
2024-09-14,neri,Jamner,30.5,25.9,90,10.6,22.2
2024-09-14,lohara,Jamner,30.5,25.9,90,10.6,25.4
2024-09-15,kanheri,Baramati,0.0,26.4,82,15.4,0.0
2024-09-15,jalochi,Baramati,0.0,26.4,82,15.4,0.0
2024-09-15,medad,Baramati,0.0,26.4,82,15.4,0.0
2024-09-15,nimbut,Baramati,0.0,26.4,82,15.4,0.0
2024-09-15,songaon,Baramati,0.0,26.4,82,15.4,0.0
2024-09-15,gunawadi,Baramati,0.0,26.4,82,15.4,0.0
2024-09-15,pandare,Baramati,0.0,26.4,82,15.4,0.0
2024-09-15,korhale,Baramati,0.0,26.4,82,15.4,0.0
2024-09-15,lasalgaon,Niphad,67.6,25.4,99,11.1,60.1
2024-09-15,pimpalgaon,Niphad,67.6,25.4,99,11.1,52.1
2024-09-15,vinchur,Niphad,67.6,25.4,99,11.1,84.9
2024-09-15,ozar,Niphad,67.6,25.4,99,11.1,73.2
2024-09-15,shendurni,Jamner,0.0,28.0,77,12.1,0.0
2024-09-15,pahur,Jamner,0.0,28.0,77,12.1,0.0
2024-09-15,neri,Jamner,0.0,28.0,77,12.1,0.0
2024-09-15,lohara,Jamner,0.0,28.0,77,12.1,0.0
2024-09-16,kanheri,Baramati,0.0,28.6,69,13.8,0.0
2024-09-16,jalochi,Baramati,0.0,28.6,69,13.8,0.0
2024-09-16,medad,Baramati,0.0,28.6,69,13.8,0.0
2024-09-16,nimbut,Baramati,0.0,28.6,69,13.8,0.0
2024-09-16,songaon,Baramati,0.0,28.6,69,13.8,0.0
2024-09-16,gunawadi,Baramati,0.0,28.6,69,13.8,0.0
2024-09-16,pandare,Baramati,0.0,28.6,69,13.8,0.0
2024-09-16,korhale,Baramati,0.0,28.6,69,13.8,0.0
2024-09-16,lasalgaon,Niphad,29.0,24.0,84,12.8,32.0
2024-09-16,pimpalgaon,Niphad,29.0,24.0,84,12.8,19.7
2024-09-16,vinchur,Niphad,29.0,24.0,84,12.8,25.0
2024-09-16,ozar,Niphad,29.0,24.0,84,12.8,36.6
2024-09-16,shendurni,Jamner,24.1,25.7,83,11.5,25.0
2024-09-16,pahur,Jamner,24.1,25.7,83,11.5,29.2
2024-09-16,neri,Jamner,24.1,25.7,83,11.5,25.1
2024-09-16,lohara,Jamner,24.1,25.7,83,11.5,17.2
2024-09-17,kanheri,Baramati,41.7,25.0,92,18.1,44.6
2024-09-17,jalochi,Baramati,41.7,25.0,92,18.1,36.9
2024-09-17,medad,Baramati,41.7,25.0,92,18.1,50.2
2024-09-17,nimbut,Baramati,41.7,25.0,92,18.1,55.6
2024-09-17,songaon,Baramati,41.7,25.0,92,18.1,31.5
2024-09-17,gunawadi,Baramati,41.7,25.0,92,18.1,42.5
2024-09-17,pandare,Baramati,41.7,25.0,92,18.1,36.7
2024-09-17,korhale,Baramati,41.7,25.0,92,18.1,45.4
2024-09-17,lasalgaon,Niphad,46.9,24.5,94,11.5,48.5
2024-09-17,pimpalgaon,Niphad,46.9,24.5,94,11.5,40.0
2024-09-17,vinchur,Niphad,46.9,24.5,94,11.5,55.3
2024-09-17,ozar,Niphad,46.9,24.5,94,11.5,65.6
2024-09-17,shendurni,Jamner,0.0,28.4,76,16.8,0.0
2024-09-17,pahur,Jamner,0.0,28.4,76,16.8,0.0
2024-09-17,neri,Jamner,0.0,28.4,76,16.8,0.0
2024-09-17,lohara,Jamner,0.0,28.4,76,16.8,0.0
2024-09-18,kanheri,Baramati,0.0,27.1,78,23.4,0.0
2024-09-18,jalochi,Baramati,0.0,27.1,78,23.4,0.0
2024-09-18,medad,Baramati,0.0,27.1,78,23.4,0.0
2024-09-18,nimbut,Baramati,0.0,27.1,78,23.4,0.0
2024-09-18,songaon,Baramati,0.0,27.1,78,23.4,0.0
2024-09-18,gunawadi,Baramati,0.0,27.1,78,23.4,0.0
2024-09-18,pandare,Baramati,0.0,27.1,78,23.4,0.0
2024-09-18,korhale,Baramati,0.0,27.1,78,23.4,0.0
2024-09-18,lasalgaon,Niphad,0.0,28.7,77,8.5,0.0
2024-09-18,pimpalgaon,Niphad,0.0,28.7,77,8.5,0.0
2024-09-18,vinchur,Niphad,0.0,28.7,77,8.5,0.0
2024-09-18,ozar,Niphad,0.0,28.7,77,8.5,0.0
2024-09-18,shendurni,Jamner,21.9,26.6,82,15.4,27.4
2024-09-18,pahur,Jamner,21.9,26.6,82,15.4,26.3
2024-09-18,neri,Jamner,21.9,26.6,82,15.4,21.0
2024-09-18,lohara,Jamner,21.9,26.6,82,15.4,19.0
2024-09-19,kanheri,Baramati,2.1,27.0,75,18.1,2.1
2024-09-19,jalochi,Baramati,2.1,27.0,75,18.1,2.4
2024-09-19,medad,Baramati,2.1,27.0,75,18.1,2.4
2024-09-19,nimbut,Baramati,2.1,27.0,75,18.1,2.5
2024-09-19,songaon,Baramati,2.1,27.0,75,18.1,1.7
2024-09-19,gunawadi,Baramati,2.1,27.0,75,18.1,1.6
2024-09-19,pandare,Baramati,2.1,27.0,75,18.1,1.9
2024-09-19,korhale,Baramati,2.1,27.0,75,18.1,2.9
2024-09-19,lasalgaon,Niphad,0.0,27.8,78,9.7,0.0
2024-09-19,pimpalgaon,Niphad,0.0,27.8,78,9.7,0.0
2024-09-19,vinchur,Niphad,0.0,27.8,78,9.7,0.0
2024-09-19,ozar,Niphad,0.0,27.8,78,9.7,0.0
2024-09-19,shendurni,Jamner,33.0,25.3,88,14.0,42.2
2024-09-19,pahur,Jamner,33.0,25.3,88,14.0,42.0
2024-09-19,neri,Jamner,33.0,25.3,88,14.0,23.1
2024-09-19,lohara,Jamner,33.0,25.3,88,14.0,24.7
2024-09-20,kanheri,Baramati,19.1,26.8,76,23.8,13.8
2024-09-20,jalochi,Baramati,19.1,26.8,76,23.8,24.4
2024-09-20,medad,Baramati,19.1,26.8,76,23.8,19.4
2024-09-20,nimbut,Baramati,19.1,26.8,76,23.8,19.4
2024-09-20,songaon,Baramati,19.1,26.8,76,23.8,22.2
2024-09-20,gunawadi,Baramati,19.1,26.8,76,23.8,18.3
2024-09-20,pandare,Baramati,19.1,26.8,76,23.8,18.8
2024-09-20,korhale,Baramati,19.1,26.8,76,23.8,24.9
2024-09-20,lasalgaon,Niphad,32.5,26.2,83,13.1,27.2
2024-09-20,pimpalgaon,Niphad,32.5,26.2,83,13.1,39.7
2024-09-20,vinchur,Niphad,32.5,26.2,83,13.1,42.4
2024-09-20,ozar,Niphad,32.5,26.2,83,13.1,40.6
2024-09-20,shendurni,Jamner,1.3,27.0,71,13.7,1.5
2024-09-20,pahur,Jamner,1.3,27.0,71,13.7,1.3
2024-09-20,neri,Jamner,1.3,27.0,71,13.7,1.0
2024-09-20,lohara,Jamner,1.3,27.0,71,13.7,0.9
2024-09-21,kanheri,Baramati,5.9,26.7,81,15.2,5.1
2024-09-21,jalochi,Baramati,5.9,26.7,81,15.2,6.2
2024-09-21,medad,Baramati,5.9,26.7,81,15.2,5.5
2024-09-21,nimbut,Baramati,5.9,26.7,81,15.2,7.4
2024-09-21,songaon,Baramati,5.9,26.7,81,15.2,5.6
2024-09-21,gunawadi,Baramati,5.9,26.7,81,15.2,4.4
2024-09-21,pandare,Baramati,5.9,26.7,81,15.2,4.3
2024-09-21,korhale,Baramati,5.9,26.7,81,15.2,5.9
2024-09-21,lasalgaon,Niphad,2.8,27.7,69,19.7,1.9
2024-09-21,pimpalgaon,Niphad,2.8,27.7,69,19.7,2.3
2024-09-21,vinchur,Niphad,2.8,27.7,69,19.7,3.3
2024-09-21,ozar,Niphad,2.8,27.7,69,19.7,3.2
2024-09-21,shendurni,Jamner,56.1,24.2,96,11.2,65.4
2024-09-21,pahur,Jamner,56.1,24.2,96,11.2,70.8
2024-09-21,neri,Jamner,56.1,24.2,96,11.2,46.2
2024-09-21,lohara,Jamner,56.1,24.2,96,11.2,34.2
2024-09-22,kanheri,Baramati,14.9,27.3,85,4.7,13.1
2024-09-22,jalochi,Baramati,14.9,27.3,85,4.7,22.9
2024-09-22,medad,Baramati,14.9,27.3,85,4.7,17.0
2024-09-22,nimbut,Baramati,14.9,27.3,85,4.7,14.9
2024-09-22,songaon,Baramati,14.9,27.3,85,4.7,13.6
2024-09-22,gunawadi,Baramati,14.9,27.3,85,4.7,13.6
2024-09-22,pandare,Baramati,14.9,27.3,85,4.7,16.7
2024-09-22,korhale,Baramati,14.9,27.3,85,4.7,14.0
2024-09-22,lasalgaon,Niphad,0.0,26.9,75,18.6,0.0
2024-09-22,pimpalgaon,Niphad,0.0,26.9,75,18.6,0.0
2024-09-22,vinchur,Niphad,0.0,26.9,75,18.6,0.0
2024-09-22,ozar,Niphad,0.0,26.9,75,18.6,0.0
2024-09-22,shendurni,Jamner,44.5,24.5,99,17.4,57.9
2024-09-22,pahur,Jamner,44.5,24.5,99,17.4,47.9
2024-09-22,neri,Jamner,44.5,24.5,99,17.4,33.5
2024-09-22,lohara,Jamner,44.5,24.5,99,17.4,33.3
2024-09-23,kanheri,Baramati,14.1,25.5,84,13.0,16.7
2024-09-23,jalochi,Baramati,14.1,25.5,84,13.0,13.5
2024-09-23,medad,Baramati,14.1,25.5,84,13.0,20.7
2024-09-23,nimbut,Baramati,14.1,25.5,84,13.0,15.3
2024-09-23,songaon,Baramati,14.1,25.5,84,13.0,12.9
2024-09-23,gunawadi,Baramati,14.1,25.5,84,13.0,11.9
2024-09-23,pandare,Baramati,14.1,25.5,84,13.0,11.3
2024-09-23,korhale,Baramati,14.1,25.5,84,13.0,14.4
2024-09-23,lasalgaon,Niphad,63.9,26.1,99,14.7,46.6
2024-09-23,pimpalgaon,Niphad,63.9,26.1,99,14.7,61.4
2024-09-23,vinchur,Niphad,63.9,26.1,99,14.7,60.0
2024-09-23,ozar,Niphad,63.9,26.1,99,14.7,78.4
2024-09-23,shendurni,Jamner,47.3,23.4,87,12.8,52.8
2024-09-23,pahur,Jamner,47.3,23.4,87,12.8,50.1
2024-09-23,neri,Jamner,47.3,23.4,87,12.8,29.9
2024-09-23,lohara,Jamner,47.3,23.4,87,12.8,36.8
2024-09-24,kanheri,Baramati,44.2,23.6,94,12.7,38.6
2024-09-24,jalochi,Baramati,44.2,23.6,94,12.7,37.9
2024-09-24,medad,Baramati,44.2,23.6,94,12.7,46.0
2024-09-24,nimbut,Baramati,44.2,23.6,94,12.7,49.9
2024-09-24,songaon,Baramati,44.2,23.6,94,12.7,36.1
2024-09-24,gunawadi,Baramati,44.2,23.6,94,12.7,34.2
2024-09-24,pandare,Baramati,44.2,23.6,94,12.7,32.1
2024-09-24,korhale,Baramati,44.2,23.6,94,12.7,48.1
2024-09-24,lasalgaon,Niphad,38.4,23.9,91,6.1,31.6
2024-09-24,pimpalgaon,Niphad,38.4,23.9,91,6.1,36.5
2024-09-24,vinchur,Niphad,38.4,23.9,91,6.1,39.2
2024-09-24,ozar,Niphad,38.4,23.9,91,6.1,56.3
2024-09-24,shendurni,Jamner,35.4,23.9,82,6.4,30.4
2024-09-24,pahur,Jamner,35.4,23.9,82,6.4,27.2
2024-09-24,neri,Jamner,35.4,23.9,82,6.4,29.5
2024-09-24,lohara,Jamner,35.4,23.9,82,6.4,22.0
2024-09-25,kanheri,Baramati,0.0,26.5,77,15.3,0.0
2024-09-25,jalochi,Baramati,0.0,26.5,77,15.3,0.0
2024-09-25,medad,Baramati,0.0,26.5,77,15.3,0.0
2024-09-25,nimbut,Baramati,0.0,26.5,77,15.3,0.0
2024-09-25,songaon,Baramati,0.0,26.5,77,15.3,0.0
2024-09-25,gunawadi,Baramati,0.0,26.5,77,15.3,0.0
2024-09-25,pandare,Baramati,0.0,26.5,77,15.3,0.0
2024-09-25,korhale,Baramati,0.0,26.5,77,15.3,0.0
2024-09-25,lasalgaon,Niphad,0.0,29.0,79,13.7,0.0
2024-09-25,pimpalgaon,Niphad,0.0,29.0,79,13.7,0.0
2024-09-25,vinchur,Niphad,0.0,29.0,79,13.7,0.0
2024-09-25,ozar,Niphad,0.0,29.0,79,13.7,0.0
2024-09-25,shendurni,Jamner,48.1,24.9,94,21.0,52.7
2024-09-25,pahur,Jamner,48.1,24.9,94,21.0,50.7
2024-09-25,neri,Jamner,48.1,24.9,94,21.0,40.1
2024-09-25,lohara,Jamner,48.1,24.9,94,21.0,30.3
2024-09-26,kanheri,Baramati,0.0,30.7,76,15.0,0.0
2024-09-26,jalochi,Baramati,0.0,30.7,76,15.0,0.0
2024-09-26,medad,Baramati,0.0,30.7,76,15.0,0.0
2024-09-26,nimbut,Baramati,0.0,30.7,76,15.0,0.0
2024-09-26,songaon,Baramati,0.0,30.7,76,15.0,0.0
2024-09-26,gunawadi,Baramati,0.0,30.7,76,15.0,0.0
2024-09-26,pandare,Baramati,0.0,30.7,76,15.0,0.0
2024-09-26,korhale,Baramati,0.0,30.7,76,15.0,0.0
2024-09-26,lasalgaon,Niphad,35.6,23.0,96,21.4,35.6
2024-09-26,pimpalgaon,Niphad,35.6,23.0,96,21.4,27.4
2024-09-26,vinchur,Niphad,35.6,23.0,96,21.4,38.4
2024-09-26,ozar,Niphad,35.6,23.0,96,21.4,34.2
2024-09-26,shendurni,Jamner,22.6,26.7,78,20.2,28.2
2024-09-26,pahur,Jamner,22.6,26.7,78,20.2,23.0
2024-09-26,neri,Jamner,22.6,26.7,78,20.2,16.9
2024-09-26,lohara,Jamner,22.6,26.7,78,20.2,14.2
2024-09-27,kanheri,Baramati,0.0,27.2,75,11.9,0.0
2024-09-27,jalochi,Baramati,0.0,27.2,75,11.9,0.0
2024-09-27,medad,Baramati,0.0,27.2,75,11.9,0.0
2024-09-27,nimbut,Baramati,0.0,27.2,75,11.9,0.0
2024-09-27,songaon,Baramati,0.0,27.2,75,11.9,0.0
2024-09-27,gunawadi,Baramati,0.0,27.2,75,11.9,0.0
2024-09-27,pandare,Baramati,0.0,27.2,75,11.9,0.0
2024-09-27,korhale,Baramati,0.0,27.2,75,11.9,0.0
2024-09-27,lasalgaon,Niphad,61.4,24.9,93,11.0,57.9
2024-09-27,pimpalgaon,Niphad,61.4,24.9,93,11.0,61.8
2024-09-27,vinchur,Niphad,61.4,24.9,93,11.0,76.8
2024-09-27,ozar,Niphad,61.4,24.9,93,11.0,76.7
2024-09-27,shendurni,Jamner,25.1,27.7,82,13.9,23.9
2024-09-27,pahur,Jamner,25.1,27.7,82,13.9,32.7
2024-09-27,neri,Jamner,25.1,27.7,82,13.9,20.0
2024-09-27,lohara,Jamner,25.1,27.7,82,13.9,18.0
2024-09-28,kanheri,Baramati,1.1,28.2,74,12.6,1.3
2024-09-28,jalochi,Baramati,1.1,28.2,74,12.6,1.2
2024-09-28,medad,Baramati,1.1,28.2,74,12.6,1.2
2024-09-28,nimbut,Baramati,1.1,28.2,74,12.6,0.9
2024-09-28,songaon,Baramati,1.1,28.2,74,12.6,1.2
2024-09-28,gunawadi,Baramati,1.1,28.2,74,12.6,1.3
2024-09-28,pandare,Baramati,1.1,28.2,74,12.6,0.9
2024-09-28,korhale,Baramati,1.1,28.2,74,12.6,1.4
2024-09-28,lasalgaon,Niphad,28.1,26.1,89,12.8,20.4
2024-09-28,pimpalgaon,Niphad,28.1,26.1,89,12.8,22.4
2024-09-28,vinchur,Niphad,28.1,26.1,89,12.8,28.4
2024-09-28,ozar,Niphad,28.1,26.1,89,12.8,34.0
2024-09-28,shendurni,Jamner,15.5,25.3,82,9.0,14.9
2024-09-28,pahur,Jamner,15.5,25.3,82,9.0,16.5
2024-09-28,neri,Jamner,15.5,25.3,82,9.0,12.3
2024-09-28,lohara,Jamner,15.5,25.3,82,9.0,12.9
2024-09-29,kanheri,Baramati,48.1,23.6,95,21.3,52.8
2024-09-29,jalochi,Baramati,48.1,23.6,95,21.3,51.8
2024-09-29,medad,Baramati,48.1,23.6,95,21.3,56.3
2024-09-29,nimbut,Baramati,48.1,23.6,95,21.3,43.5
2024-09-29,songaon,Baramati,48.1,23.6,95,21.3,49.0
2024-09-29,gunawadi,Baramati,48.1,23.6,95,21.3,41.1
2024-09-29,pandare,Baramati,48.1,23.6,95,21.3,61.9
2024-09-29,korhale,Baramati,48.1,23.6,95,21.3,49.2
2024-09-29,lasalgaon,Niphad,57.9,25.8,99,15.0,54.1
2024-09-29,pimpalgaon,Niphad,57.9,25.8,99,15.0,42.0
2024-09-29,vinchur,Niphad,57.9,25.8,99,15.0,40.5
2024-09-29,ozar,Niphad,57.9,25.8,99,15.0,85.4
2024-09-29,shendurni,Jamner,61.7,27.6,94,9.2,66.9
2024-09-29,pahur,Jamner,61.7,27.6,94,9.2,70.3
2024-09-29,neri,Jamner,61.7,27.6,94,9.2,41.1
2024-09-29,lohara,Jamner,61.7,27.6,94,9.2,42.1
2024-09-30,kanheri,Baramati,13.1,28.3,87,15.9,11.0
2024-09-30,jalochi,Baramati,13.1,28.3,87,15.9,13.0
2024-09-30,medad,Baramati,13.1,28.3,87,15.9,14.1
2024-09-30,nimbut,Baramati,13.1,28.3,87,15.9,11.3
2024-09-30,songaon,Baramati,13.1,28.3,87,15.9,15.6
2024-09-30,gunawadi,Baramati,13.1,28.3,87,15.9,8.1
2024-09-30,pandare,Baramati,13.1,28.3,87,15.9,12.0
2024-09-30,korhale,Baramati,13.1,28.3,87,15.9,16.8
2024-09-30,lasalgaon,Niphad,0.0,29.2,68,19.4,0.0
2024-09-30,pimpalgaon,Niphad,0.0,29.2,68,19.4,0.0
2024-09-30,vinchur,Niphad,0.0,29.2,68,19.4,0.0
2024-09-30,ozar,Niphad,0.0,29.2,68,19.4,0.0
2024-09-30,shendurni,Jamner,0.0,26.5,72,20.0,0.0
2024-09-30,pahur,Jamner,0.0,26.5,72,20.0,0.0
2024-09-30,neri,Jamner,0.0,26.5,72,20.0,0.0
2024-09-30,lohara,Jamner,0.0,26.5,72,20.0,0.0
2024-10-01,kanheri,Baramati,0.0,31.6,45,10.9,0.0
2024-10-01,jalochi,Baramati,0.0,31.6,45,10.9,0.0
2024-10-01,medad,Baramati,0.0,31.6,45,10.9,0.0
2024-10-01,nimbut,Baramati,0.0,31.6,45,10.9,0.0
2024-10-01,songaon,Baramati,0.0,31.6,45,10.9,0.0
2024-10-01,gunawadi,Baramati,0.0,31.6,45,10.9,0.0
2024-10-01,pandare,Baramati,0.0,31.6,45,10.9,0.0
2024-10-01,korhale,Baramati,0.0,31.6,45,10.9,0.0
2024-10-01,lasalgaon,Niphad,0.0,34.3,41,3.7,0.0
2024-10-01,pimpalgaon,Niphad,0.0,34.3,41,3.7,0.0
2024-10-01,vinchur,Niphad,0.0,34.3,41,3.7,0.0
2024-10-01,ozar,Niphad,0.0,34.3,41,3.7,0.0
2024-10-01,shendurni,Jamner,0.0,33.1,58,4.7,0.0
2024-10-01,pahur,Jamner,0.0,33.1,58,4.7,0.0
2024-10-01,neri,Jamner,0.0,33.1,58,4.7,0.0
2024-10-01,lohara,Jamner,0.0,33.1,58,4.7,0.0
2024-10-02,kanheri,Baramati,0.0,34.4,49,8.7,0.0
2024-10-02,jalochi,Baramati,0.0,34.4,49,8.7,0.0
2024-10-02,medad,Baramati,0.0,34.4,49,8.7,0.0
2024-10-02,nimbut,Baramati,0.0,34.4,49,8.7,0.0
2024-10-02,songaon,Baramati,0.0,34.4,49,8.7,0.0
2024-10-02,gunawadi,Baramati,0.0,34.4,49,8.7,0.0
2024-10-02,pandare,Baramati,0.0,34.4,49,8.7,0.0
2024-10-02,korhale,Baramati,0.0,34.4,49,8.7,0.0
2024-10-02,lasalgaon,Niphad,0.0,34.5,47,12.6,0.0
2024-10-02,pimpalgaon,Niphad,0.0,34.5,47,12.6,0.0
2024-10-02,vinchur,Niphad,0.0,34.5,47,12.6,0.0
2024-10-02,ozar,Niphad,0.0,34.5,47,12.6,0.0
2024-10-02,shendurni,Jamner,0.0,32.9,53,14.1,0.0
2024-10-02,pahur,Jamner,0.0,32.9,53,14.1,0.0
2024-10-02,neri,Jamner,0.0,32.9,53,14.1,0.0
2024-10-02,lohara,Jamner,0.0,32.9,53,14.1,0.0
2024-10-03,kanheri,Baramati,10.1,31.6,55,3.3,8.3
2024-10-03,jalochi,Baramati,10.1,31.6,55,3.3,7.9
2024-10-03,medad,Baramati,10.1,31.6,55,3.3,11.4
2024-10-03,nimbut,Baramati,10.1,31.6,55,3.3,10.4
2024-10-03,songaon,Baramati,10.1,31.6,55,3.3,7.8
2024-10-03,gunawadi,Baramati,10.1,31.6,55,3.3,9.1
2024-10-03,pandare,Baramati,10.1,31.6,55,3.3,9.4
2024-10-03,korhale,Baramati,10.1,31.6,55,3.3,11.1
2024-10-03,lasalgaon,Niphad,0.0,33.6,48,6.4,0.0
2024-10-03,pimpalgaon,Niphad,0.0,33.6,48,6.4,0.0
2024-10-03,vinchur,Niphad,0.0,33.6,48,6.4,0.0
2024-10-03,ozar,Niphad,0.0,33.6,48,6.4,0.0
2024-10-03,shendurni,Jamner,0.0,33.9,50,16.8,0.0
2024-10-03,pahur,Jamner,0.0,33.9,50,16.8,0.0
2024-10-03,neri,Jamner,0.0,33.9,50,16.8,0.0
2024-10-03,lohara,Jamner,0.0,33.9,50,16.8,0.0
2024-10-04,kanheri,Baramati,0.0,32.4,53,4.0,0.0
2024-10-04,jalochi,Baramati,0.0,32.4,53,4.0,0.0
2024-10-04,medad,Baramati,0.0,32.4,53,4.0,0.0
2024-10-04,nimbut,Baramati,0.0,32.4,53,4.0,0.0
2024-10-04,songaon,Baramati,0.0,32.4,53,4.0,0.0
2024-10-04,gunawadi,Baramati,0.0,32.4,53,4.0,0.0
2024-10-04,pandare,Baramati,0.0,32.4,53,4.0,0.0
2024-10-04,korhale,Baramati,0.0,32.4,53,4.0,0.0
2024-10-04,lasalgaon,Niphad,0.0,33.3,51,14.9,0.0
2024-10-04,pimpalgaon,Niphad,0.0,33.3,51,14.9,0.0
2024-10-04,vinchur,Niphad,0.0,33.3,51,14.9,0.0
2024-10-04,ozar,Niphad,0.0,33.3,51,14.9,0.0
2024-10-04,shendurni,Jamner,0.0,32.3,45,10.9,0.0
2024-10-04,pahur,Jamner,0.0,32.3,45,10.9,0.0
2024-10-04,neri,Jamner,0.0,32.3,45,10.9,0.0
2024-10-04,lohara,Jamner,0.0,32.3,45,10.9,0.0
2024-10-05,kanheri,Baramati,0.0,33.1,55,7.6,0.0
2024-10-05,jalochi,Baramati,0.0,33.1,55,7.6,0.0
2024-10-05,medad,Baramati,0.0,33.1,55,7.6,0.0
2024-10-05,nimbut,Baramati,0.0,33.1,55,7.6,0.0
2024-10-05,songaon,Baramati,0.0,33.1,55,7.6,0.0
2024-10-05,gunawadi,Baramati,0.0,33.1,55,7.6,0.0
2024-10-05,pandare,Baramati,0.0,33.1,55,7.6,0.0
2024-10-05,korhale,Baramati,0.0,33.1,55,7.6,0.0
2024-10-05,lasalgaon,Niphad,0.0,30.5,53,7.3,0.0
2024-10-05,pimpalgaon,Niphad,0.0,30.5,53,7.3,0.0
2024-10-05,vinchur,Niphad,0.0,30.5,53,7.3,0.0
2024-10-05,ozar,Niphad,0.0,30.5,53,7.3,0.0
2024-10-05,shendurni,Jamner,0.0,31.4,52,14.5,0.0
2024-10-05,pahur,Jamner,0.0,31.4,52,14.5,0.0
2024-10-05,neri,Jamner,0.0,31.4,52,14.5,0.0
2024-10-05,lohara,Jamner,0.0,31.4,52,14.5,0.0
2024-10-06,kanheri,Baramati,0.0,30.6,47,10.4,0.0
2024-10-06,jalochi,Baramati,0.0,30.6,47,10.4,0.0
2024-10-06,medad,Baramati,0.0,30.6,47,10.4,0.0
2024-10-06,nimbut,Baramati,0.0,30.6,47,10.4,0.0
2024-10-06,songaon,Baramati,0.0,30.6,47,10.4,0.0
2024-10-06,gunawadi,Baramati,0.0,30.6,47,10.4,0.0
2024-10-06,pandare,Baramati,0.0,30.6,47,10.4,0.0
2024-10-06,korhale,Baramati,0.0,30.6,47,10.4,0.0
2024-10-06,lasalgaon,Niphad,0.0,33.8,48,9.8,0.0
2024-10-06,pimpalgaon,Niphad,0.0,33.8,48,9.8,0.0
2024-10-06,vinchur,Niphad,0.0,33.8,48,9.8,0.0
2024-10-06,ozar,Niphad,0.0,33.8,48,9.8,0.0
2024-10-06,shendurni,Jamner,0.0,32.7,47,16.3,0.0
2024-10-06,pahur,Jamner,0.0,32.7,47,16.3,0.0
2024-10-06,neri,Jamner,0.0,32.7,47,16.3,0.0
2024-10-06,lohara,Jamner,0.0,32.7,47,16.3,0.0
2024-10-07,kanheri,Baramati,2.5,32.8,58,3.7,2.3
2024-10-07,jalochi,Baramati,2.5,32.8,58,3.7,1.8
2024-10-07,medad,Baramati,2.5,32.8,58,3.7,3.8
2024-10-07,nimbut,Baramati,2.5,32.8,58,3.7,2.7
2024-10-07,songaon,Baramati,2.5,32.8,58,3.7,2.2
2024-10-07,gunawadi,Baramati,2.5,32.8,58,3.7,2.7
2024-10-07,pandare,Baramati,2.5,32.8,58,3.7,2.2
2024-10-07,korhale,Baramati,2.5,32.8,58,3.7,2.4
2024-10-07,lasalgaon,Niphad,0.0,32.8,51,2.8,0.0
2024-10-07,pimpalgaon,Niphad,0.0,32.8,51,2.8,0.0
2024-10-07,vinchur,Niphad,0.0,32.8,51,2.8,0.0
2024-10-07,ozar,Niphad,0.0,32.8,51,2.8,0.0
2024-10-07,shendurni,Jamner,0.0,31.9,54,11.5,0.0
2024-10-07,pahur,Jamner,0.0,31.9,54,11.5,0.0
2024-10-07,neri,Jamner,0.0,31.9,54,11.5,0.0
2024-10-07,lohara,Jamner,0.0,31.9,54,11.5,0.0
2024-10-08,kanheri,Baramati,0.0,31.6,51,11.3,0.0
2024-10-08,jalochi,Baramati,0.0,31.6,51,11.3,0.0
2024-10-08,medad,Baramati,0.0,31.6,51,11.3,0.0
2024-10-08,nimbut,Baramati,0.0,31.6,51,11.3,0.0
2024-10-08,songaon,Baramati,0.0,31.6,51,11.3,0.0
2024-10-08,gunawadi,Baramati,0.0,31.6,51,11.3,0.0
2024-10-08,pandare,Baramati,0.0,31.6,51,11.3,0.0
2024-10-08,korhale,Baramati,0.0,31.6,51,11.3,0.0
2024-10-08,lasalgaon,Niphad,0.0,33.6,47,6.1,0.0
2024-10-08,pimpalgaon,Niphad,0.0,33.6,47,6.1,0.0
2024-10-08,vinchur,Niphad,0.0,33.6,47,6.1,0.0
2024-10-08,ozar,Niphad,0.0,33.6,47,6.1,0.0
2024-10-08,shendurni,Jamner,0.0,32.5,61,5.3,0.0
2024-10-08,pahur,Jamner,0.0,32.5,61,5.3,0.0
2024-10-08,neri,Jamner,0.0,32.5,61,5.3,0.0
2024-10-08,lohara,Jamner,0.0,32.5,61,5.3,0.0
2024-10-09,kanheri,Baramati,0.0,34.4,47,8.0,0.0
2024-10-09,jalochi,Baramati,0.0,34.4,47,8.0,0.0
2024-10-09,medad,Baramati,0.0,34.4,47,8.0,0.0
2024-10-09,nimbut,Baramati,0.0,34.4,47,8.0,0.0
2024-10-09,songaon,Baramati,0.0,34.4,47,8.0,0.0
2024-10-09,gunawadi,Baramati,0.0,34.4,47,8.0,0.0
2024-10-09,pandare,Baramati,0.0,34.4,47,8.0,0.0
2024-10-09,korhale,Baramati,0.0,34.4,47,8.0,0.0
2024-10-09,lasalgaon,Niphad,0.0,30.5,51,6.7,0.0
2024-10-09,pimpalgaon,Niphad,0.0,30.5,51,6.7,0.0
2024-10-09,vinchur,Niphad,0.0,30.5,51,6.7,0.0
2024-10-09,ozar,Niphad,0.0,30.5,51,6.7,0.0
2024-10-09,shendurni,Jamner,0.0,33.2,46,7.0,0.0
2024-10-09,pahur,Jamner,0.0,33.2,46,7.0,0.0
2024-10-09,neri,Jamner,0.0,33.2,46,7.0,0.0
2024-10-09,lohara,Jamner,0.0,33.2,46,7.0,0.0
2024-10-10,kanheri,Baramati,0.0,33.7,44,9.7,0.0
2024-10-10,jalochi,Baramati,0.0,33.7,44,9.7,0.0
2024-10-10,medad,Baramati,0.0,33.7,44,9.7,0.0
2024-10-10,nimbut,Baramati,0.0,33.7,44,9.7,0.0
2024-10-10,songaon,Baramati,0.0,33.7,44,9.7,0.0
2024-10-10,gunawadi,Baramati,0.0,33.7,44,9.7,0.0
2024-10-10,pandare,Baramati,0.0,33.7,44,9.7,0.0
2024-10-10,korhale,Baramati,0.0,33.7,44,9.7,0.0
2024-10-10,lasalgaon,Niphad,0.0,32.8,53,8.9,0.0
2024-10-10,pimpalgaon,Niphad,0.0,32.8,53,8.9,0.0
2024-10-10,vinchur,Niphad,0.0,32.8,53,8.9,0.0
2024-10-10,ozar,Niphad,0.0,32.8,53,8.9,0.0
2024-10-10,shendurni,Jamner,0.0,31.9,61,12.3,0.0
2024-10-10,pahur,Jamner,0.0,31.9,61,12.3,0.0
2024-10-10,neri,Jamner,0.0,31.9,61,12.3,0.0
2024-10-10,lohara,Jamner,0.0,31.9,61,12.3,0.0
2024-10-11,kanheri,Baramati,0.0,33.8,63,2.0,0.0
2024-10-11,jalochi,Baramati,0.0,33.8,63,2.0,0.0
2024-10-11,medad,Baramati,0.0,33.8,63,2.0,0.0
2024-10-11,nimbut,Baramati,0.0,33.8,63,2.0,0.0
2024-10-11,songaon,Baramati,0.0,33.8,63,2.0,0.0
2024-10-11,gunawadi,Baramati,0.0,33.8,63,2.0,0.0
2024-10-11,pandare,Baramati,0.0,33.8,63,2.0,0.0
2024-10-11,korhale,Baramati,0.0,33.8,63,2.0,0.0
2024-10-11,lasalgaon,Niphad,0.0,31.8,49,5.9,0.0
2024-10-11,pimpalgaon,Niphad,0.0,31.8,49,5.9,0.0
2024-10-11,vinchur,Niphad,0.0,31.8,49,5.9,0.0
2024-10-11,ozar,Niphad,0.0,31.8,49,5.9,0.0
2024-10-11,shendurni,Jamner,0.0,33.3,49,7.8,0.0
2024-10-11,pahur,Jamner,0.0,33.3,49,7.8,0.0
2024-10-11,neri,Jamner,0.0,33.3,49,7.8,0.0
2024-10-11,lohara,Jamner,0.0,33.3,49,7.8,0.0
2024-10-12,kanheri,Baramati,0.0,32.5,54,2.0,0.0
2024-10-12,jalochi,Baramati,0.0,32.5,54,2.0,0.0
2024-10-12,medad,Baramati,0.0,32.5,54,2.0,0.0
2024-10-12,nimbut,Baramati,0.0,32.5,54,2.0,0.0
2024-10-12,songaon,Baramati,0.0,32.5,54,2.0,0.0
2024-10-12,gunawadi,Baramati,0.0,32.5,54,2.0,0.0
2024-10-12,pandare,Baramati,0.0,32.5,54,2.0,0.0
2024-10-12,korhale,Baramati,0.0,32.5,54,2.0,0.0
2024-10-12,lasalgaon,Niphad,0.0,32.1,43,5.3,0.0
2024-10-12,pimpalgaon,Niphad,0.0,32.1,43,5.3,0.0
2024-10-12,vinchur,Niphad,0.0,32.1,43,5.3,0.0
2024-10-12,ozar,Niphad,0.0,32.1,43,5.3,0.0
2024-10-12,shendurni,Jamner,1.7,33.5,56,10.0,1.9
2024-10-12,pahur,Jamner,1.7,33.5,56,10.0,1.2
2024-10-12,neri,Jamner,1.7,33.5,56,10.0,1.3
2024-10-12,lohara,Jamner,1.7,33.5,56,10.0,1.4
2024-10-13,kanheri,Baramati,0.0,33.6,43,9.6,0.0
2024-10-13,jalochi,Baramati,0.0,33.6,43,9.6,0.0
2024-10-13,medad,Baramati,0.0,33.6,43,9.6,0.0
2024-10-13,nimbut,Baramati,0.0,33.6,43,9.6,0.0
2024-10-13,songaon,Baramati,0.0,33.6,43,9.6,0.0
2024-10-13,gunawadi,Baramati,0.0,33.6,43,9.6,0.0
2024-10-13,pandare,Baramati,0.0,33.6,43,9.6,0.0
2024-10-13,korhale,Baramati,0.0,33.6,43,9.6,0.0
2024-10-13,lasalgaon,Niphad,0.0,33.7,52,5.9,0.0
2024-10-13,pimpalgaon,Niphad,0.0,33.7,52,5.9,0.0
2024-10-13,vinchur,Niphad,0.0,33.7,52,5.9,0.0
2024-10-13,ozar,Niphad,0.0,33.7,52,5.9,0.0
2024-10-13,shendurni,Jamner,0.0,33.3,55,14.9,0.0
2024-10-13,pahur,Jamner,0.0,33.3,55,14.9,0.0
2024-10-13,neri,Jamner,0.0,33.3,55,14.9,0.0
2024-10-13,lohara,Jamner,0.0,33.3,55,14.9,0.0
2024-10-14,kanheri,Baramati,0.0,35.1,50,14.2,0.0
2024-10-14,jalochi,Baramati,0.0,35.1,50,14.2,0.0
2024-10-14,medad,Baramati,0.0,35.1,50,14.2,0.0
2024-10-14,nimbut,Baramati,0.0,35.1,50,14.2,0.0
2024-10-14,songaon,Baramati,0.0,35.1,50,14.2,0.0
2024-10-14,gunawadi,Baramati,0.0,35.1,50,14.2,0.0
2024-10-14,pandare,Baramati,0.0,35.1,50,14.2,0.0
2024-10-14,korhale,Baramati,0.0,35.1,50,14.2,0.0
2024-10-14,lasalgaon,Niphad,0.0,33.1,43,16.6,0.0
2024-10-14,pimpalgaon,Niphad,0.0,33.1,43,16.6,0.0
2024-10-14,vinchur,Niphad,0.0,33.1,43,16.6,0.0
2024-10-14,ozar,Niphad,0.0,33.1,43,16.6,0.0
2024-10-14,shendurni,Jamner,0.0,31.9,50,10.5,0.0
2024-10-14,pahur,Jamner,0.0,31.9,50,10.5,0.0
2024-10-14,neri,Jamner,0.0,31.9,50,10.5,0.0
2024-10-14,lohara,Jamner,0.0,31.9,50,10.5,0.0
2024-10-15,kanheri,Baramati,0.0,32.5,51,9.8,0.0
2024-10-15,jalochi,Baramati,0.0,32.5,51,9.8,0.0
2024-10-15,medad,Baramati,0.0,32.5,51,9.8,0.0
2024-10-15,nimbut,Baramati,0.0,32.5,51,9.8,0.0
2024-10-15,songaon,Baramati,0.0,32.5,51,9.8,0.0
2024-10-15,gunawadi,Baramati,0.0,32.5,51,9.8,0.0
2024-10-15,pandare,Baramati,0.0,32.5,51,9.8,0.0
2024-10-15,korhale,Baramati,0.0,32.5,51,9.8,0.0
2024-10-15,lasalgaon,Niphad,0.0,31.8,43,9.4,0.0
2024-10-15,pimpalgaon,Niphad,0.0,31.8,43,9.4,0.0
2024-10-15,vinchur,Niphad,0.0,31.8,43,9.4,0.0
2024-10-15,ozar,Niphad,0.0,31.8,43,9.4,0.0
2024-10-15,shendurni,Jamner,0.2,34.4,51,8.1,0.3
2024-10-15,pahur,Jamner,0.2,34.4,51,8.1,0.2
2024-10-15,neri,Jamner,0.2,34.4,51,8.1,0.1
2024-10-15,lohara,Jamner,0.2,34.4,51,8.1,0.2
2024-10-16,kanheri,Baramati,0.0,32.0,44,14.2,0.0
2024-10-16,jalochi,Baramati,0.0,32.0,44,14.2,0.0
2024-10-16,medad,Baramati,0.0,32.0,44,14.2,0.0
2024-10-16,nimbut,Baramati,0.0,32.0,44,14.2,0.0
2024-10-16,songaon,Baramati,0.0,32.0,44,14.2,0.0
2024-10-16,gunawadi,Baramati,0.0,32.0,44,14.2,0.0
2024-10-16,pandare,Baramati,0.0,32.0,44,14.2,0.0
2024-10-16,korhale,Baramati,0.0,32.0,44,14.2,0.0
2024-10-16,lasalgaon,Niphad,0.0,33.1,47,7.1,0.0
2024-10-16,pimpalgaon,Niphad,0.0,33.1,47,7.1,0.0
2024-10-16,vinchur,Niphad,0.0,33.1,47,7.1,0.0
2024-10-16,ozar,Niphad,0.0,33.1,47,7.1,0.0
2024-10-16,shendurni,Jamner,0.0,33.3,50,6.0,0.0
2024-10-16,pahur,Jamner,0.0,33.3,50,6.0,0.0
2024-10-16,neri,Jamner,0.0,33.3,50,6.0,0.0
2024-10-16,lohara,Jamner,0.0,33.3,50,6.0,0.0
2024-10-17,kanheri,Baramati,0.0,31.4,48,3.9,0.0
2024-10-17,jalochi,Baramati,0.0,31.4,48,3.9,0.0
2024-10-17,medad,Baramati,0.0,31.4,48,3.9,0.0
2024-10-17,nimbut,Baramati,0.0,31.4,48,3.9,0.0
2024-10-17,songaon,Baramati,0.0,31.4,48,3.9,0.0
2024-10-17,gunawadi,Baramati,0.0,31.4,48,3.9,0.0
2024-10-17,pandare,Baramati,0.0,31.4,48,3.9,0.0
2024-10-17,korhale,Baramati,0.0,31.4,48,3.9,0.0
2024-10-17,lasalgaon,Niphad,0.0,33.8,52,8.6,0.0
2024-10-17,pimpalgaon,Niphad,0.0,33.8,52,8.6,0.0
2024-10-17,vinchur,Niphad,0.0,33.8,52,8.6,0.0
2024-10-17,ozar,Niphad,0.0,33.8,52,8.6,0.0
2024-10-17,shendurni,Jamner,0.0,32.6,45,16.8,0.0
2024-10-17,pahur,Jamner,0.0,32.6,45,16.8,0.0
2024-10-17,neri,Jamner,0.0,32.6,45,16.8,0.0
2024-10-17,lohara,Jamner,0.0,32.6,45,16.8,0.0
2024-10-18,kanheri,Baramati,0.0,33.1,46,12.2,0.0
2024-10-18,jalochi,Baramati,0.0,33.1,46,12.2,0.0
2024-10-18,medad,Baramati,0.0,33.1,46,12.2,0.0
2024-10-18,nimbut,Baramati,0.0,33.1,46,12.2,0.0
2024-10-18,songaon,Baramati,0.0,33.1,46,12.2,0.0
2024-10-18,gunawadi,Baramati,0.0,33.1,46,12.2,0.0
2024-10-18,pandare,Baramati,0.0,33.1,46,12.2,0.0
2024-10-18,korhale,Baramati,0.0,33.1,46,12.2,0.0
2024-10-18,lasalgaon,Niphad,0.0,34.5,51,12.4,0.0
2024-10-18,pimpalgaon,Niphad,0.0,34.5,51,12.4,0.0
2024-10-18,vinchur,Niphad,0.0,34.5,51,12.4,0.0
2024-10-18,ozar,Niphad,0.0,34.5,51,12.4,0.0
2024-10-18,shendurni,Jamner,0.0,33.5,49,11.4,0.0
2024-10-18,pahur,Jamner,0.0,33.5,49,11.4,0.0
2024-10-18,neri,Jamner,0.0,33.5,49,11.4,0.0
2024-10-18,lohara,Jamner,0.0,33.5,49,11.4,0.0
2024-10-19,kanheri,Baramati,0.0,32.0,46,9.2,0.0
2024-10-19,jalochi,Baramati,0.0,32.0,46,9.2,0.0
2024-10-19,medad,Baramati,0.0,32.0,46,9.2,0.0
2024-10-19,nimbut,Baramati,0.0,32.0,46,9.2,0.0
2024-10-19,songaon,Baramati,0.0,32.0,46,9.2,0.0
2024-10-19,gunawadi,Baramati,0.0,32.0,46,9.2,0.0
2024-10-19,pandare,Baramati,0.0,32.0,46,9.2,0.0
2024-10-19,korhale,Baramati,0.0,32.0,46,9.2,0.0
2024-10-19,lasalgaon,Niphad,2.2,31.5,46,8.7,2.1
2024-10-19,pimpalgaon,Niphad,2.2,31.5,46,8.7,2.3
2024-10-19,vinchur,Niphad,2.2,31.5,46,8.7,2.0
2024-10-19,ozar,Niphad,2.2,31.5,46,8.7,2.5
2024-10-19,shendurni,Jamner,0.0,33.3,44,15.7,0.0
2024-10-19,pahur,Jamner,0.0,33.3,44,15.7,0.0
2024-10-19,neri,Jamner,0.0,33.3,44,15.7,0.0
2024-10-19,lohara,Jamner,0.0,33.3,44,15.7,0.0
2024-10-20,kanheri,Baramati,0.0,32.6,48,11.1,0.0
2024-10-20,jalochi,Baramati,0.0,32.6,48,11.1,0.0
2024-10-20,medad,Baramati,0.0,32.6,48,11.1,0.0
2024-10-20,nimbut,Baramati,0.0,32.6,48,11.1,0.0
2024-10-20,songaon,Baramati,0.0,32.6,48,11.1,0.0
2024-10-20,gunawadi,Baramati,0.0,32.6,48,11.1,0.0
2024-10-20,pandare,Baramati,0.0,32.6,48,11.1,0.0
2024-10-20,korhale,Baramati,0.0,32.6,48,11.1,0.0
2024-10-20,lasalgaon,Niphad,0.0,34.2,49,15.9,0.0
2024-10-20,pimpalgaon,Niphad,0.0,34.2,49,15.9,0.0
2024-10-20,vinchur,Niphad,0.0,34.2,49,15.9,0.0
2024-10-20,ozar,Niphad,0.0,34.2,49,15.9,0.0
2024-10-20,shendurni,Jamner,0.0,32.1,46,6.2,0.0
2024-10-20,pahur,Jamner,0.0,32.1,46,6.2,0.0
2024-10-20,neri,Jamner,0.0,32.1,46,6.2,0.0
2024-10-20,lohara,Jamner,0.0,32.1,46,6.2,0.0
2024-10-21,kanheri,Baramati,0.0,35.0,49,10.2,0.0
2024-10-21,jalochi,Baramati,0.0,35.0,49,10.2,0.0
2024-10-21,medad,Baramati,0.0,35.0,49,10.2,0.0
2024-10-21,nimbut,Baramati,0.0,35.0,49,10.2,0.0
2024-10-21,songaon,Baramati,0.0,35.0,49,10.2,0.0
2024-10-21,gunawadi,Baramati,0.0,35.0,49,10.2,0.0
2024-10-21,pandare,Baramati,0.0,35.0,49,10.2,0.0
2024-10-21,korhale,Baramati,0.0,35.0,49,10.2,0.0
2024-10-21,lasalgaon,Niphad,0.0,35.2,41,14.1,0.0
2024-10-21,pimpalgaon,Niphad,0.0,35.2,41,14.1,0.0
2024-10-21,vinchur,Niphad,0.0,35.2,41,14.1,0.0
2024-10-21,ozar,Niphad,0.0,35.2,41,14.1,0.0
2024-10-21,shendurni,Jamner,0.0,31.7,48,7.4,0.0
2024-10-21,pahur,Jamner,0.0,31.7,48,7.4,0.0
2024-10-21,neri,Jamner,0.0,31.7,48,7.4,0.0
2024-10-21,lohara,Jamner,0.0,31.7,48,7.4,0.0
2024-10-22,kanheri,Baramati,0.0,33.6,51,8.1,0.0
2024-10-22,jalochi,Baramati,0.0,33.6,51,8.1,0.0
2024-10-22,medad,Baramati,0.0,33.6,51,8.1,0.0
2024-10-22,nimbut,Baramati,0.0,33.6,51,8.1,0.0
2024-10-22,songaon,Baramati,0.0,33.6,51,8.1,0.0
2024-10-22,gunawadi,Baramati,0.0,33.6,51,8.1,0.0
2024-10-22,pandare,Baramati,0.0,33.6,51,8.1,0.0
2024-10-22,korhale,Baramati,0.0,33.6,51,8.1,0.0
2024-10-22,lasalgaon,Niphad,5.4,32.2,47,11.6,4.2
2024-10-22,pimpalgaon,Niphad,5.4,32.2,47,11.6,4.7
2024-10-22,vinchur,Niphad,5.4,32.2,47,11.6,5.3
2024-10-22,ozar,Niphad,5.4,32.2,47,11.6,6.6
2024-10-22,shendurni,Jamner,0.0,32.9,50,12.6,0.0
2024-10-22,pahur,Jamner,0.0,32.9,50,12.6,0.0
2024-10-22,neri,Jamner,0.0,32.9,50,12.6,0.0
2024-10-22,lohara,Jamner,0.0,32.9,50,12.6,0.0
2024-10-23,kanheri,Baramati,0.0,31.2,44,7.9,0.0
2024-10-23,jalochi,Baramati,0.0,31.2,44,7.9,0.0
2024-10-23,medad,Baramati,0.0,31.2,44,7.9,0.0
2024-10-23,nimbut,Baramati,0.0,31.2,44,7.9,0.0
2024-10-23,songaon,Baramati,0.0,31.2,44,7.9,0.0
2024-10-23,gunawadi,Baramati,0.0,31.2,44,7.9,0.0
2024-10-23,pandare,Baramati,0.0,31.2,44,7.9,0.0
2024-10-23,korhale,Baramati,0.0,31.2,44,7.9,0.0
2024-10-23,lasalgaon,Niphad,0.0,33.3,48,11.8,0.0
2024-10-23,pimpalgaon,Niphad,0.0,33.3,48,11.8,0.0
2024-10-23,vinchur,Niphad,0.0,33.3,48,11.8,0.0
2024-10-23,ozar,Niphad,0.0,33.3,48,11.8,0.0
2024-10-23,shendurni,Jamner,5.1,32.1,51,4.4,6.0
2024-10-23,pahur,Jamner,5.1,32.1,51,4.4,5.1
2024-10-23,neri,Jamner,5.1,32.1,51,4.4,4.4
2024-10-23,lohara,Jamner,5.1,32.1,51,4.4,3.1
2024-10-24,kanheri,Baramati,0.8,31.8,49,10.3,0.6
2024-10-24,jalochi,Baramati,0.8,31.8,49,10.3,0.9
2024-10-24,medad,Baramati,0.8,31.8,49,10.3,0.8
2024-10-24,nimbut,Baramati,0.8,31.8,49,10.3,0.8
2024-10-24,songaon,Baramati,0.8,31.8,49,10.3,0.7
2024-10-24,gunawadi,Baramati,0.8,31.8,49,10.3,0.7
2024-10-24,pandare,Baramati,0.8,31.8,49,10.3,0.5
2024-10-24,korhale,Baramati,0.8,31.8,49,10.3,1.1
2024-10-24,lasalgaon,Niphad,0.0,34.8,47,10.2,0.0
2024-10-24,pimpalgaon,Niphad,0.0,34.8,47,10.2,0.0
2024-10-24,vinchur,Niphad,0.0,34.8,47,10.2,0.0
2024-10-24,ozar,Niphad,0.0,34.8,47,10.2,0.0
2024-10-24,shendurni,Jamner,3.3,31.6,48,11.9,3.0
2024-10-24,pahur,Jamner,3.3,31.6,48,11.9,3.0
2024-10-24,neri,Jamner,3.3,31.6,48,11.9,3.0
2024-10-24,lohara,Jamner,3.3,31.6,48,11.9,2.1
2024-10-25,kanheri,Baramati,0.0,33.0,45,5.2,0.0
2024-10-25,jalochi,Baramati,0.0,33.0,45,5.2,0.0
2024-10-25,medad,Baramati,0.0,33.0,45,5.2,0.0
2024-10-25,nimbut,Baramati,0.0,33.0,45,5.2,0.0
2024-10-25,songaon,Baramati,0.0,33.0,45,5.2,0.0
2024-10-25,gunawadi,Baramati,0.0,33.0,45,5.2,0.0
2024-10-25,pandare,Baramati,0.0,33.0,45,5.2,0.0
2024-10-25,korhale,Baramati,0.0,33.0,45,5.2,0.0
2024-10-25,lasalgaon,Niphad,0.0,31.8,50,11.1,0.0
2024-10-25,pimpalgaon,Niphad,0.0,31.8,50,11.1,0.0
2024-10-25,vinchur,Niphad,0.0,31.8,50,11.1,0.0
2024-10-25,ozar,Niphad,0.0,31.8,50,11.1,0.0
2024-10-25,shendurni,Jamner,0.0,31.8,47,8.3,0.0
2024-10-25,pahur,Jamner,0.0,31.8,47,8.3,0.0
2024-10-25,neri,Jamner,0.0,31.8,47,8.3,0.0
2024-10-25,lohara,Jamner,0.0,31.8,47,8.3,0.0
2024-10-26,kanheri,Baramati,0.0,32.2,47,10.9,0.0
2024-10-26,jalochi,Baramati,0.0,32.2,47,10.9,0.0
2024-10-26,medad,Baramati,0.0,32.2,47,10.9,0.0
2024-10-26,nimbut,Baramati,0.0,32.2,47,10.9,0.0
2024-10-26,songaon,Baramati,0.0,32.2,47,10.9,0.0
2024-10-26,gunawadi,Baramati,0.0,32.2,47,10.9,0.0
2024-10-26,pandare,Baramati,0.0,32.2,47,10.9,0.0
2024-10-26,korhale,Baramati,0.0,32.2,47,10.9,0.0
2024-10-26,lasalgaon,Niphad,0.0,33.0,49,7.9,0.0
2024-10-26,pimpalgaon,Niphad,0.0,33.0,49,7.9,0.0
2024-10-26,vinchur,Niphad,0.0,33.0,49,7.9,0.0
2024-10-26,ozar,Niphad,0.0,33.0,49,7.9,0.0
2024-10-26,shendurni,Jamner,0.0,32.8,47,13.6,0.0
2024-10-26,pahur,Jamner,0.0,32.8,47,13.6,0.0
2024-10-26,neri,Jamner,0.0,32.8,47,13.6,0.0
2024-10-26,lohara,Jamner,0.0,32.8,47,13.6,0.0
2024-10-27,kanheri,Baramati,0.0,32.8,45,4.4,0.0
2024-10-27,jalochi,Baramati,0.0,32.8,45,4.4,0.0
2024-10-27,medad,Baramati,0.0,32.8,45,4.4,0.0
2024-10-27,nimbut,Baramati,0.0,32.8,45,4.4,0.0
2024-10-27,songaon,Baramati,0.0,32.8,45,4.4,0.0
2024-10-27,gunawadi,Baramati,0.0,32.8,45,4.4,0.0
2024-10-27,pandare,Baramati,0.0,32.8,45,4.4,0.0
2024-10-27,korhale,Baramati,0.0,32.8,45,4.4,0.0
2024-10-27,lasalgaon,Niphad,0.0,33.0,45,12.9,0.0
2024-10-27,pimpalgaon,Niphad,0.0,33.0,45,12.9,0.0
2024-10-27,vinchur,Niphad,0.0,33.0,45,12.9,0.0
2024-10-27,ozar,Niphad,0.0,33.0,45,12.9,0.0
2024-10-27,shendurni,Jamner,0.0,31.7,56,8.9,0.0
2024-10-27,pahur,Jamner,0.0,31.7,56,8.9,0.0
2024-10-27,neri,Jamner,0.0,31.7,56,8.9,0.0
2024-10-27,lohara,Jamner,0.0,31.7,56,8.9,0.0
2024-10-28,kanheri,Baramati,0.0,33.0,42,11.3,0.0
2024-10-28,jalochi,Baramati,0.0,33.0,42,11.3,0.0
2024-10-28,medad,Baramati,0.0,33.0,42,11.3,0.0
2024-10-28,nimbut,Baramati,0.0,33.0,42,11.3,0.0
2024-10-28,songaon,Baramati,0.0,33.0,42,11.3,0.0
2024-10-28,gunawadi,Baramati,0.0,33.0,42,11.3,0.0
2024-10-28,pandare,Baramati,0.0,33.0,42,11.3,0.0
2024-10-28,korhale,Baramati,0.0,33.0,42,11.3,0.0
2024-10-28,lasalgaon,Niphad,0.0,33.9,56,15.4,0.0
2024-10-28,pimpalgaon,Niphad,0.0,33.9,56,15.4,0.0
2024-10-28,vinchur,Niphad,0.0,33.9,56,15.4,0.0
2024-10-28,ozar,Niphad,0.0,33.9,56,15.4,0.0
2024-10-28,shendurni,Jamner,0.0,32.8,47,4.8,0.0
2024-10-28,pahur,Jamner,0.0,32.8,47,4.8,0.0
2024-10-28,neri,Jamner,0.0,32.8,47,4.8,0.0
2024-10-28,lohara,Jamner,0.0,32.8,47,4.8,0.0
2024-10-29,kanheri,Baramati,0.0,31.9,46,11.6,0.0
2024-10-29,jalochi,Baramati,0.0,31.9,46,11.6,0.0
2024-10-29,medad,Baramati,0.0,31.9,46,11.6,0.0
2024-10-29,nimbut,Baramati,0.0,31.9,46,11.6,0.0
2024-10-29,songaon,Baramati,0.0,31.9,46,11.6,0.0
2024-10-29,gunawadi,Baramati,0.0,31.9,46,11.6,0.0
2024-10-29,pandare,Baramati,0.0,31.9,46,11.6,0.0
2024-10-29,korhale,Baramati,0.0,31.9,46,11.6,0.0
2024-10-29,lasalgaon,Niphad,0.0,31.3,45,9.6,0.0
2024-10-29,pimpalgaon,Niphad,0.0,31.3,45,9.6,0.0
2024-10-29,vinchur,Niphad,0.0,31.3,45,9.6,0.0
2024-10-29,ozar,Niphad,0.0,31.3,45,9.6,0.0
2024-10-29,shendurni,Jamner,0.0,32.9,44,6.9,0.0
2024-10-29,pahur,Jamner,0.0,32.9,44,6.9,0.0
2024-10-29,neri,Jamner,0.0,32.9,44,6.9,0.0
2024-10-29,lohara,Jamner,0.0,32.9,44,6.9,0.0
2024-10-30,kanheri,Baramati,0.0,33.1,52,13.4,0.0
2024-10-30,jalochi,Baramati,0.0,33.1,52,13.4,0.0
2024-10-30,medad,Baramati,0.0,33.1,52,13.4,0.0
2024-10-30,nimbut,Baramati,0.0,33.1,52,13.4,0.0
2024-10-30,songaon,Baramati,0.0,33.1,52,13.4,0.0
2024-10-30,gunawadi,Baramati,0.0,33.1,52,13.4,0.0
2024-10-30,pandare,Baramati,0.0,33.1,52,13.4,0.0
2024-10-30,korhale,Baramati,0.0,33.1,52,13.4,0.0
2024-10-30,lasalgaon,Niphad,0.0,32.8,54,13.1,0.0
2024-10-30,pimpalgaon,Niphad,0.0,32.8,54,13.1,0.0
2024-10-30,vinchur,Niphad,0.0,32.8,54,13.1,0.0
2024-10-30,ozar,Niphad,0.0,32.8,54,13.1,0.0
2024-10-30,shendurni,Jamner,0.0,32.7,48,8.7,0.0
2024-10-30,pahur,Jamner,0.0,32.7,48,8.7,0.0
2024-10-30,neri,Jamner,0.0,32.7,48,8.7,0.0
2024-10-30,lohara,Jamner,0.0,32.7,48,8.7,0.0
2024-10-31,kanheri,Baramati,0.0,32.8,44,4.5,0.0
2024-10-31,jalochi,Baramati,0.0,32.8,44,4.5,0.0
2024-10-31,medad,Baramati,0.0,32.8,44,4.5,0.0
2024-10-31,nimbut,Baramati,0.0,32.8,44,4.5,0.0
2024-10-31,songaon,Baramati,0.0,32.8,44,4.5,0.0
2024-10-31,gunawadi,Baramati,0.0,32.8,44,4.5,0.0
2024-10-31,pandare,Baramati,0.0,32.8,44,4.5,0.0
2024-10-31,korhale,Baramati,0.0,32.8,44,4.5,0.0
2024-10-31,lasalgaon,Niphad,0.0,33.7,38,13.4,0.0
2024-10-31,pimpalgaon,Niphad,0.0,33.7,38,13.4,0.0
2024-10-31,vinchur,Niphad,0.0,33.7,38,13.4,0.0
2024-10-31,ozar,Niphad,0.0,33.7,38,13.4,0.0
2024-10-31,shendurni,Jamner,0.0,33.4,48,6.8,0.0
2024-10-31,pahur,Jamner,0.0,33.4,48,6.8,0.0
2024-10-31,neri,Jamner,0.0,33.4,48,6.8,0.0
2024-10-31,lohara,Jamner,0.0,33.4,48,6.8,0.0
2024-11-01,kanheri,Baramati,0.0,31.8,50,13.8,0.0
2024-11-01,jalochi,Baramati,0.0,31.8,50,13.8,0.0
2024-11-01,medad,Baramati,0.0,31.8,50,13.8,0.0
2024-11-01,nimbut,Baramati,0.0,31.8,50,13.8,0.0
2024-11-01,songaon,Baramati,0.0,31.8,50,13.8,0.0
2024-11-01,gunawadi,Baramati,0.0,31.8,50,13.8,0.0
2024-11-01,pandare,Baramati,0.0,31.8,50,13.8,0.0
2024-11-01,korhale,Baramati,0.0,31.8,50,13.8,0.0
2024-11-01,lasalgaon,Niphad,0.0,32.5,48,3.6,0.0
2024-11-01,pimpalgaon,Niphad,0.0,32.5,48,3.6,0.0
2024-11-01,vinchur,Niphad,0.0,32.5,48,3.6,0.0
2024-11-01,ozar,Niphad,0.0,32.5,48,3.6,0.0
2024-11-01,shendurni,Jamner,0.0,31.6,52,16.8,0.0
2024-11-01,pahur,Jamner,0.0,31.6,52,16.8,0.0
2024-11-01,neri,Jamner,0.0,31.6,52,16.8,0.0
2024-11-01,lohara,Jamner,0.0,31.6,52,16.8,0.0
2024-11-02,kanheri,Baramati,0.0,32.2,45,15.3,0.0
2024-11-02,jalochi,Baramati,0.0,32.2,45,15.3,0.0
2024-11-02,medad,Baramati,0.0,32.2,45,15.3,0.0
2024-11-02,nimbut,Baramati,0.0,32.2,45,15.3,0.0
2024-11-02,songaon,Baramati,0.0,32.2,45,15.3,0.0
2024-11-02,gunawadi,Baramati,0.0,32.2,45,15.3,0.0
2024-11-02,pandare,Baramati,0.0,32.2,45,15.3,0.0
2024-11-02,korhale,Baramati,0.0,32.2,45,15.3,0.0
2024-11-02,lasalgaon,Niphad,0.0,30.2,53,9.5,0.0
2024-11-02,pimpalgaon,Niphad,0.0,30.2,53,9.5,0.0
2024-11-02,vinchur,Niphad,0.0,30.2,53,9.5,0.0
2024-11-02,ozar,Niphad,0.0,30.2,53,9.5,0.0
2024-11-02,shendurni,Jamner,2.8,33.6,45,4.6,3.1
2024-11-02,pahur,Jamner,2.8,33.6,45,4.6,3.4
2024-11-02,neri,Jamner,2.8,33.6,45,4.6,2.0
2024-11-02,lohara,Jamner,2.8,33.6,45,4.6,2.1
2024-11-03,kanheri,Baramati,0.0,32.2,48,14.1,0.0
2024-11-03,jalochi,Baramati,0.0,32.2,48,14.1,0.0
2024-11-03,medad,Baramati,0.0,32.2,48,14.1,0.0
2024-11-03,nimbut,Baramati,0.0,32.2,48,14.1,0.0
2024-11-03,songaon,Baramati,0.0,32.2,48,14.1,0.0
2024-11-03,gunawadi,Baramati,0.0,32.2,48,14.1,0.0
2024-11-03,pandare,Baramati,0.0,32.2,48,14.1,0.0
2024-11-03,korhale,Baramati,0.0,32.2,48,14.1,0.0
2024-11-03,lasalgaon,Niphad,0.0,31.7,53,5.3,0.0
2024-11-03,pimpalgaon,Niphad,0.0,31.7,53,5.3,0.0
2024-11-03,vinchur,Niphad,0.0,31.7,53,5.3,0.0
2024-11-03,ozar,Niphad,0.0,31.7,53,5.3,0.0
2024-11-03,shendurni,Jamner,0.0,33.6,53,9.7,0.0
2024-11-03,pahur,Jamner,0.0,33.6,53,9.7,0.0
2024-11-03,neri,Jamner,0.0,33.6,53,9.7,0.0
2024-11-03,lohara,Jamner,0.0,33.6,53,9.7,0.0
2024-11-04,kanheri,Baramati,0.0,30.7,46,12.8,0.0
2024-11-04,jalochi,Baramati,0.0,30.7,46,12.8,0.0
2024-11-04,medad,Baramati,0.0,30.7,46,12.8,0.0
2024-11-04,nimbut,Baramati,0.0,30.7,46,12.8,0.0
2024-11-04,songaon,Baramati,0.0,30.7,46,12.8,0.0
2024-11-04,gunawadi,Baramati,0.0,30.7,46,12.8,0.0
2024-11-04,pandare,Baramati,0.0,30.7,46,12.8,0.0
2024-11-04,korhale,Baramati,0.0,30.7,46,12.8,0.0
2024-11-04,lasalgaon,Niphad,0.0,32.1,50,2.0,0.0
2024-11-04,pimpalgaon,Niphad,0.0,32.1,50,2.0,0.0
2024-11-04,vinchur,Niphad,0.0,32.1,50,2.0,0.0
2024-11-04,ozar,Niphad,0.0,32.1,50,2.0,0.0
2024-11-04,shendurni,Jamner,0.0,33.9,49,6.2,0.0
2024-11-04,pahur,Jamner,0.0,33.9,49,6.2,0.0
2024-11-04,neri,Jamner,0.0,33.9,49,6.2,0.0
2024-11-04,lohara,Jamner,0.0,33.9,49,6.2,0.0
2024-11-05,kanheri,Baramati,2.0,33.1,55,12.2,2.1
2024-11-05,jalochi,Baramati,2.0,33.1,55,12.2,1.9
2024-11-05,medad,Baramati,2.0,33.1,55,12.2,2.9
2024-11-05,nimbut,Baramati,2.0,33.1,55,12.2,3.0
2024-11-05,songaon,Baramati,2.0,33.1,55,12.2,1.8
2024-11-05,gunawadi,Baramati,2.0,33.1,55,12.2,1.7
2024-11-05,pandare,Baramati,2.0,33.1,55,12.2,1.4
2024-11-05,korhale,Baramati,2.0,33.1,55,12.2,2.2
2024-11-05,lasalgaon,Niphad,0.0,33.3,54,5.0,0.0
2024-11-05,pimpalgaon,Niphad,0.0,33.3,54,5.0,0.0
2024-11-05,vinchur,Niphad,0.0,33.3,54,5.0,0.0
2024-11-05,ozar,Niphad,0.0,33.3,54,5.0,0.0
2024-11-05,shendurni,Jamner,0.0,31.3,50,12.3,0.0
2024-11-05,pahur,Jamner,0.0,31.3,50,12.3,0.0
2024-11-05,neri,Jamner,0.0,31.3,50,12.3,0.0
2024-11-05,lohara,Jamner,0.0,31.3,50,12.3,0.0
2024-11-06,kanheri,Baramati,0.0,32.2,42,6.7,0.0
2024-11-06,jalochi,Baramati,0.0,32.2,42,6.7,0.0
2024-11-06,medad,Baramati,0.0,32.2,42,6.7,0.0
2024-11-06,nimbut,Baramati,0.0,32.2,42,6.7,0.0
2024-11-06,songaon,Baramati,0.0,32.2,42,6.7,0.0
2024-11-06,gunawadi,Baramati,0.0,32.2,42,6.7,0.0
2024-11-06,pandare,Baramati,0.0,32.2,42,6.7,0.0
2024-11-06,korhale,Baramati,0.0,32.2,42,6.7,0.0
2024-11-06,lasalgaon,Niphad,0.0,32.4,48,15.3,0.0
2024-11-06,pimpalgaon,Niphad,0.0,32.4,48,15.3,0.0
2024-11-06,vinchur,Niphad,0.0,32.4,48,15.3,0.0
2024-11-06,ozar,Niphad,0.0,32.4,48,15.3,0.0
2024-11-06,shendurni,Jamner,0.0,32.0,47,10.4,0.0
2024-11-06,pahur,Jamner,0.0,32.0,47,10.4,0.0
2024-11-06,neri,Jamner,0.0,32.0,47,10.4,0.0
2024-11-06,lohara,Jamner,0.0,32.0,47,10.4,0.0
2024-11-07,kanheri,Baramati,0.0,34.9,45,9.2,0.0
2024-11-07,jalochi,Baramati,0.0,34.9,45,9.2,0.0
2024-11-07,medad,Baramati,0.0,34.9,45,9.2,0.0
2024-11-07,nimbut,Baramati,0.0,34.9,45,9.2,0.0
2024-11-07,songaon,Baramati,0.0,34.9,45,9.2,0.0
2024-11-07,gunawadi,Baramati,0.0,34.9,45,9.2,0.0
2024-11-07,pandare,Baramati,0.0,34.9,45,9.2,0.0
2024-11-07,korhale,Baramati,0.0,34.9,45,9.2,0.0
2024-11-07,lasalgaon,Niphad,1.9,32.1,49,6.2,1.8
2024-11-07,pimpalgaon,Niphad,1.9,32.1,49,6.2,1.4
2024-11-07,vinchur,Niphad,1.9,32.1,49,6.2,2.0
2024-11-07,ozar,Niphad,1.9,32.1,49,6.2,2.4
2024-11-07,shendurni,Jamner,0.0,34.4,45,9.8,0.0
2024-11-07,pahur,Jamner,0.0,34.4,45,9.8,0.0
2024-11-07,neri,Jamner,0.0,34.4,45,9.8,0.0
2024-11-07,lohara,Jamner,0.0,34.4,45,9.8,0.0
2024-11-08,kanheri,Baramati,0.0,33.4,48,15.3,0.0
2024-11-08,jalochi,Baramati,0.0,33.4,48,15.3,0.0
2024-11-08,medad,Baramati,0.0,33.4,48,15.3,0.0
2024-11-08,nimbut,Baramati,0.0,33.4,48,15.3,0.0
2024-11-08,songaon,Baramati,0.0,33.4,48,15.3,0.0
2024-11-08,gunawadi,Baramati,0.0,33.4,48,15.3,0.0
2024-11-08,pandare,Baramati,0.0,33.4,48,15.3,0.0
2024-11-08,korhale,Baramati,0.0,33.4,48,15.3,0.0
2024-11-08,lasalgaon,Niphad,0.0,31.7,51,8.9,0.0
2024-11-08,pimpalgaon,Niphad,0.0,31.7,51,8.9,0.0
2024-11-08,vinchur,Niphad,0.0,31.7,51,8.9,0.0
2024-11-08,ozar,Niphad,0.0,31.7,51,8.9,0.0
2024-11-08,shendurni,Jamner,0.0,33.7,54,6.4,0.0
2024-11-08,pahur,Jamner,0.0,33.7,54,6.4,0.0
2024-11-08,neri,Jamner,0.0,33.7,54,6.4,0.0
2024-11-08,lohara,Jamner,0.0,33.7,54,6.4,0.0
2024-11-09,kanheri,Baramati,0.0,32.2,47,12.1,0.0
2024-11-09,jalochi,Baramati,0.0,32.2,47,12.1,0.0
2024-11-09,medad,Baramati,0.0,32.2,47,12.1,0.0
2024-11-09,nimbut,Baramati,0.0,32.2,47,12.1,0.0
2024-11-09,songaon,Baramati,0.0,32.2,47,12.1,0.0
2024-11-09,gunawadi,Baramati,0.0,32.2,47,12.1,0.0
2024-11-09,pandare,Baramati,0.0,32.2,47,12.1,0.0
2024-11-09,korhale,Baramati,0.0,32.2,47,12.1,0.0
2024-11-09,lasalgaon,Niphad,0.0,31.2,47,11.0,0.0
2024-11-09,pimpalgaon,Niphad,0.0,31.2,47,11.0,0.0
2024-11-09,vinchur,Niphad,0.0,31.2,47,11.0,0.0
2024-11-09,ozar,Niphad,0.0,31.2,47,11.0,0.0
2024-11-09,shendurni,Jamner,0.0,35.8,48,3.8,0.0
2024-11-09,pahur,Jamner,0.0,35.8,48,3.8,0.0
2024-11-09,neri,Jamner,0.0,35.8,48,3.8,0.0
2024-11-09,lohara,Jamner,0.0,35.8,48,3.8,0.0
2024-11-10,kanheri,Baramati,0.0,33.3,48,11.0,0.0
2024-11-10,jalochi,Baramati,0.0,33.3,48,11.0,0.0
2024-11-10,medad,Baramati,0.0,33.3,48,11.0,0.0
2024-11-10,nimbut,Baramati,0.0,33.3,48,11.0,0.0
2024-11-10,songaon,Baramati,0.0,33.3,48,11.0,0.0
2024-11-10,gunawadi,Baramati,0.0,33.3,48,11.0,0.0
2024-11-10,pandare,Baramati,0.0,33.3,48,11.0,0.0
2024-11-10,korhale,Baramati,0.0,33.3,48,11.0,0.0
2024-11-10,lasalgaon,Niphad,0.0,32.2,48,8.2,0.0
2024-11-10,pimpalgaon,Niphad,0.0,32.2,48,8.2,0.0
2024-11-10,vinchur,Niphad,0.0,32.2,48,8.2,0.0
2024-11-10,ozar,Niphad,0.0,32.2,48,8.2,0.0
2024-11-10,shendurni,Jamner,0.0,36.1,55,10.7,0.0
2024-11-10,pahur,Jamner,0.0,36.1,55,10.7,0.0
2024-11-10,neri,Jamner,0.0,36.1,55,10.7,0.0
2024-11-10,lohara,Jamner,0.0,36.1,55,10.7,0.0
2024-11-11,kanheri,Baramati,0.0,34.2,52,3.2,0.0
2024-11-11,jalochi,Baramati,0.0,34.2,52,3.2,0.0
2024-11-11,medad,Baramati,0.0,34.2,52,3.2,0.0
2024-11-11,nimbut,Baramati,0.0,34.2,52,3.2,0.0
2024-11-11,songaon,Baramati,0.0,34.2,52,3.2,0.0
2024-11-11,gunawadi,Baramati,0.0,34.2,52,3.2,0.0
2024-11-11,pandare,Baramati,0.0,34.2,52,3.2,0.0
2024-11-11,korhale,Baramati,0.0,34.2,52,3.2,0.0
2024-11-11,lasalgaon,Niphad,0.0,34.2,48,7.8,0.0
2024-11-11,pimpalgaon,Niphad,0.0,34.2,48,7.8,0.0
2024-11-11,vinchur,Niphad,0.0,34.2,48,7.8,0.0
2024-11-11,ozar,Niphad,0.0,34.2,48,7.8,0.0
2024-11-11,shendurni,Jamner,0.0,32.9,49,7.5,0.0
2024-11-11,pahur,Jamner,0.0,32.9,49,7.5,0.0
2024-11-11,neri,Jamner,0.0,32.9,49,7.5,0.0
2024-11-11,lohara,Jamner,0.0,32.9,49,7.5,0.0
2024-11-12,kanheri,Baramati,0.0,31.9,49,6.2,0.0
2024-11-12,jalochi,Baramati,0.0,31.9,49,6.2,0.0
2024-11-12,medad,Baramati,0.0,31.9,49,6.2,0.0
2024-11-12,nimbut,Baramati,0.0,31.9,49,6.2,0.0
2024-11-12,songaon,Baramati,0.0,31.9,49,6.2,0.0
2024-11-12,gunawadi,Baramati,0.0,31.9,49,6.2,0.0
2024-11-12,pandare,Baramati,0.0,31.9,49,6.2,0.0
2024-11-12,korhale,Baramati,0.0,31.9,49,6.2,0.0
2024-11-12,lasalgaon,Niphad,0.0,33.9,50,9.0,0.0
2024-11-12,pimpalgaon,Niphad,0.0,33.9,50,9.0,0.0
2024-11-12,vinchur,Niphad,0.0,33.9,50,9.0,0.0
2024-11-12,ozar,Niphad,0.0,33.9,50,9.0,0.0
2024-11-12,shendurni,Jamner,0.0,32.8,51,5.5,0.0
2024-11-12,pahur,Jamner,0.0,32.8,51,5.5,0.0
2024-11-12,neri,Jamner,0.0,32.8,51,5.5,0.0
2024-11-12,lohara,Jamner,0.0,32.8,51,5.5,0.0
2024-11-13,kanheri,Baramati,1.9,33.7,45,2.0,2.0
2024-11-13,jalochi,Baramati,1.9,33.7,45,2.0,2.1
2024-11-13,medad,Baramati,1.9,33.7,45,2.0,2.4
2024-11-13,nimbut,Baramati,1.9,33.7,45,2.0,2.0
2024-11-13,songaon,Baramati,1.9,33.7,45,2.0,1.9
2024-11-13,gunawadi,Baramati,1.9,33.7,45,2.0,1.8
2024-11-13,pandare,Baramati,1.9,33.7,45,2.0,1.9
2024-11-13,korhale,Baramati,1.9,33.7,45,2.0,3.0
2024-11-13,lasalgaon,Niphad,0.0,35.2,48,6.3,0.0
2024-11-13,pimpalgaon,Niphad,0.0,35.2,48,6.3,0.0
2024-11-13,vinchur,Niphad,0.0,35.2,48,6.3,0.0
2024-11-13,ozar,Niphad,0.0,35.2,48,6.3,0.0
2024-11-13,shendurni,Jamner,0.0,34.1,51,6.5,0.0
2024-11-13,pahur,Jamner,0.0,34.1,51,6.5,0.0
2024-11-13,neri,Jamner,0.0,34.1,51,6.5,0.0
2024-11-13,lohara,Jamner,0.0,34.1,51,6.5,0.0
2024-11-14,kanheri,Baramati,0.0,32.1,46,4.5,0.0
2024-11-14,jalochi,Baramati,0.0,32.1,46,4.5,0.0
2024-11-14,medad,Baramati,0.0,32.1,46,4.5,0.0
2024-11-14,nimbut,Baramati,0.0,32.1,46,4.5,0.0
2024-11-14,songaon,Baramati,0.0,32.1,46,4.5,0.0
2024-11-14,gunawadi,Baramati,0.0,32.1,46,4.5,0.0
2024-11-14,pandare,Baramati,0.0,32.1,46,4.5,0.0
2024-11-14,korhale,Baramati,0.0,32.1,46,4.5,0.0
2024-11-14,lasalgaon,Niphad,0.0,31.7,53,5.5,0.0
2024-11-14,pimpalgaon,Niphad,0.0,31.7,53,5.5,0.0
2024-11-14,vinchur,Niphad,0.0,31.7,53,5.5,0.0
2024-11-14,ozar,Niphad,0.0,31.7,53,5.5,0.0
2024-11-14,shendurni,Jamner,0.0,32.3,55,10.5,0.0
2024-11-14,pahur,Jamner,0.0,32.3,55,10.5,0.0
2024-11-14,neri,Jamner,0.0,32.3,55,10.5,0.0
2024-11-14,lohara,Jamner,0.0,32.3,55,10.5,0.0
2024-11-15,kanheri,Baramati,0.0,32.6,42,9.2,0.0
2024-11-15,jalochi,Baramati,0.0,32.6,42,9.2,0.0
2024-11-15,medad,Baramati,0.0,32.6,42,9.2,0.0
2024-11-15,nimbut,Baramati,0.0,32.6,42,9.2,0.0
2024-11-15,songaon,Baramati,0.0,32.6,42,9.2,0.0
2024-11-15,gunawadi,Baramati,0.0,32.6,42,9.2,0.0
2024-11-15,pandare,Baramati,0.0,32.6,42,9.2,0.0
2024-11-15,korhale,Baramati,0.0,32.6,42,9.2,0.0
2024-11-15,lasalgaon,Niphad,0.0,35.1,42,14.4,0.0
2024-11-15,pimpalgaon,Niphad,0.0,35.1,42,14.4,0.0
2024-11-15,vinchur,Niphad,0.0,35.1,42,14.4,0.0
2024-11-15,ozar,Niphad,0.0,35.1,42,14.4,0.0
2024-11-15,shendurni,Jamner,0.0,32.6,48,12.8,0.0
2024-11-15,pahur,Jamner,0.0,32.6,48,12.8,0.0
2024-11-15,neri,Jamner,0.0,32.6,48,12.8,0.0
2024-11-15,lohara,Jamner,0.0,32.6,48,12.8,0.0
2024-11-16,kanheri,Baramati,0.0,33.8,54,6.6,0.0
2024-11-16,jalochi,Baramati,0.0,33.8,54,6.6,0.0
2024-11-16,medad,Baramati,0.0,33.8,54,6.6,0.0
2024-11-16,nimbut,Baramati,0.0,33.8,54,6.6,0.0
2024-11-16,songaon,Baramati,0.0,33.8,54,6.6,0.0
2024-11-16,gunawadi,Baramati,0.0,33.8,54,6.6,0.0
2024-11-16,pandare,Baramati,0.0,33.8,54,6.6,0.0
2024-11-16,korhale,Baramati,0.0,33.8,54,6.6,0.0
2024-11-16,lasalgaon,Niphad,0.0,32.5,53,9.1,0.0
2024-11-16,pimpalgaon,Niphad,0.0,32.5,53,9.1,0.0
2024-11-16,vinchur,Niphad,0.0,32.5,53,9.1,0.0
2024-11-16,ozar,Niphad,0.0,32.5,53,9.1,0.0
2024-11-16,shendurni,Jamner,0.0,33.8,52,15.0,0.0
2024-11-16,pahur,Jamner,0.0,33.8,52,15.0,0.0
2024-11-16,neri,Jamner,0.0,33.8,52,15.0,0.0
2024-11-16,lohara,Jamner,0.0,33.8,52,15.0,0.0
2024-11-17,kanheri,Baramati,0.0,33.0,50,9.7,0.0
2024-11-17,jalochi,Baramati,0.0,33.0,50,9.7,0.0
2024-11-17,medad,Baramati,0.0,33.0,50,9.7,0.0
2024-11-17,nimbut,Baramati,0.0,33.0,50,9.7,0.0
2024-11-17,songaon,Baramati,0.0,33.0,50,9.7,0.0
2024-11-17,gunawadi,Baramati,0.0,33.0,50,9.7,0.0
2024-11-17,pandare,Baramati,0.0,33.0,50,9.7,0.0
2024-11-17,korhale,Baramati,0.0,33.0,50,9.7,0.0
2024-11-17,lasalgaon,Niphad,0.0,32.9,54,4.8,0.0
2024-11-17,pimpalgaon,Niphad,0.0,32.9,54,4.8,0.0
2024-11-17,vinchur,Niphad,0.0,32.9,54,4.8,0.0
2024-11-17,ozar,Niphad,0.0,32.9,54,4.8,0.0
2024-11-17,shendurni,Jamner,0.0,33.6,49,11.9,0.0
2024-11-17,pahur,Jamner,0.0,33.6,49,11.9,0.0
2024-11-17,neri,Jamner,0.0,33.6,49,11.9,0.0
2024-11-17,lohara,Jamner,0.0,33.6,49,11.9,0.0
2024-11-18,kanheri,Baramati,0.0,33.5,49,11.1,0.0
2024-11-18,jalochi,Baramati,0.0,33.5,49,11.1,0.0
2024-11-18,medad,Baramati,0.0,33.5,49,11.1,0.0
2024-11-18,nimbut,Baramati,0.0,33.5,49,11.1,0.0
2024-11-18,songaon,Baramati,0.0,33.5,49,11.1,0.0
2024-11-18,gunawadi,Baramati,0.0,33.5,49,11.1,0.0
2024-11-18,pandare,Baramati,0.0,33.5,49,11.1,0.0
2024-11-18,korhale,Baramati,0.0,33.5,49,11.1,0.0
2024-11-18,lasalgaon,Niphad,0.0,33.0,44,10.0,0.0
2024-11-18,pimpalgaon,Niphad,0.0,33.0,44,10.0,0.0
2024-11-18,vinchur,Niphad,0.0,33.0,44,10.0,0.0
2024-11-18,ozar,Niphad,0.0,33.0,44,10.0,0.0
2024-11-18,shendurni,Jamner,0.0,31.3,45,8.2,0.0
2024-11-18,pahur,Jamner,0.0,31.3,45,8.2,0.0
2024-11-18,neri,Jamner,0.0,31.3,45,8.2,0.0
2024-11-18,lohara,Jamner,0.0,31.3,45,8.2,0.0
2024-11-19,kanheri,Baramati,0.0,34.1,54,13.9,0.0
2024-11-19,jalochi,Baramati,0.0,34.1,54,13.9,0.0
2024-11-19,medad,Baramati,0.0,34.1,54,13.9,0.0
2024-11-19,nimbut,Baramati,0.0,34.1,54,13.9,0.0
2024-11-19,songaon,Baramati,0.0,34.1,54,13.9,0.0
2024-11-19,gunawadi,Baramati,0.0,34.1,54,13.9,0.0
2024-11-19,pandare,Baramati,0.0,34.1,54,13.9,0.0
2024-11-19,korhale,Baramati,0.0,34.1,54,13.9,0.0
2024-11-19,lasalgaon,Niphad,0.0,34.8,52,12.8,0.0
2024-11-19,pimpalgaon,Niphad,0.0,34.8,52,12.8,0.0
2024-11-19,vinchur,Niphad,0.0,34.8,52,12.8,0.0
2024-11-19,ozar,Niphad,0.0,34.8,52,12.8,0.0
2024-11-19,shendurni,Jamner,0.0,33.4,55,8.7,0.0
2024-11-19,pahur,Jamner,0.0,33.4,55,8.7,0.0
2024-11-19,neri,Jamner,0.0,33.4,55,8.7,0.0
2024-11-19,lohara,Jamner,0.0,33.4,55,8.7,0.0
2024-11-20,kanheri,Baramati,0.0,32.8,45,6.5,0.0
2024-11-20,jalochi,Baramati,0.0,32.8,45,6.5,0.0
2024-11-20,medad,Baramati,0.0,32.8,45,6.5,0.0
2024-11-20,nimbut,Baramati,0.0,32.8,45,6.5,0.0
2024-11-20,songaon,Baramati,0.0,32.8,45,6.5,0.0
2024-11-20,gunawadi,Baramati,0.0,32.8,45,6.5,0.0
2024-11-20,pandare,Baramati,0.0,32.8,45,6.5,0.0
2024-11-20,korhale,Baramati,0.0,32.8,45,6.5,0.0
2024-11-20,lasalgaon,Niphad,0.0,34.6,49,11.0,0.0
2024-11-20,pimpalgaon,Niphad,0.0,34.6,49,11.0,0.0
2024-11-20,vinchur,Niphad,0.0,34.6,49,11.0,0.0
2024-11-20,ozar,Niphad,0.0,34.6,49,11.0,0.0
2024-11-20,shendurni,Jamner,0.0,32.9,51,5.9,0.0
2024-11-20,pahur,Jamner,0.0,32.9,51,5.9,0.0
2024-11-20,neri,Jamner,0.0,32.9,51,5.9,0.0
2024-11-20,lohara,Jamner,0.0,32.9,51,5.9,0.0
2024-11-21,kanheri,Baramati,0.0,34.4,50,14.5,0.0
2024-11-21,jalochi,Baramati,0.0,34.4,50,14.5,0.0
2024-11-21,medad,Baramati,0.0,34.4,50,14.5,0.0
2024-11-21,nimbut,Baramati,0.0,34.4,50,14.5,0.0
2024-11-21,songaon,Baramati,0.0,34.4,50,14.5,0.0
2024-11-21,gunawadi,Baramati,0.0,34.4,50,14.5,0.0
2024-11-21,pandare,Baramati,0.0,34.4,50,14.5,0.0
2024-11-21,korhale,Baramati,0.0,34.4,50,14.5,0.0
2024-11-21,lasalgaon,Niphad,0.0,31.7,44,11.8,0.0
2024-11-21,pimpalgaon,Niphad,0.0,31.7,44,11.8,0.0
2024-11-21,vinchur,Niphad,0.0,31.7,44,11.8,0.0
2024-11-21,ozar,Niphad,0.0,31.7,44,11.8,0.0
2024-11-21,shendurni,Jamner,0.0,34.5,46,12.6,0.0
2024-11-21,pahur,Jamner,0.0,34.5,46,12.6,0.0
2024-11-21,neri,Jamner,0.0,34.5,46,12.6,0.0
2024-11-21,lohara,Jamner,0.0,34.5,46,12.6,0.0
2024-11-22,kanheri,Baramati,0.0,32.9,48,9.6,0.0
2024-11-22,jalochi,Baramati,0.0,32.9,48,9.6,0.0
2024-11-22,medad,Baramati,0.0,32.9,48,9.6,0.0
2024-11-22,nimbut,Baramati,0.0,32.9,48,9.6,0.0
2024-11-22,songaon,Baramati,0.0,32.9,48,9.6,0.0
2024-11-22,gunawadi,Baramati,0.0,32.9,48,9.6,0.0
2024-11-22,pandare,Baramati,0.0,32.9,48,9.6,0.0
2024-11-22,korhale,Baramati,0.0,32.9,48,9.6,0.0
2024-11-22,lasalgaon,Niphad,0.2,33.2,50,13.8,0.2
2024-11-22,pimpalgaon,Niphad,0.2,33.2,50,13.8,0.2
2024-11-22,vinchur,Niphad,0.2,33.2,50,13.8,0.2
2024-11-22,ozar,Niphad,0.2,33.2,50,13.8,0.3
2024-11-22,shendurni,Jamner,0.0,31.9,52,11.9,0.0
2024-11-22,pahur,Jamner,0.0,31.9,52,11.9,0.0
2024-11-22,neri,Jamner,0.0,31.9,52,11.9,0.0
2024-11-22,lohara,Jamner,0.0,31.9,52,11.9,0.0
2024-11-23,kanheri,Baramati,0.0,33.6,47,17.8,0.0
2024-11-23,jalochi,Baramati,0.0,33.6,47,17.8,0.0
2024-11-23,medad,Baramati,0.0,33.6,47,17.8,0.0
2024-11-23,nimbut,Baramati,0.0,33.6,47,17.8,0.0
2024-11-23,songaon,Baramati,0.0,33.6,47,17.8,0.0
2024-11-23,gunawadi,Baramati,0.0,33.6,47,17.8,0.0
2024-11-23,pandare,Baramati,0.0,33.6,47,17.8,0.0
2024-11-23,korhale,Baramati,0.0,33.6,47,17.8,0.0
2024-11-23,lasalgaon,Niphad,0.0,35.1,51,8.0,0.0
2024-11-23,pimpalgaon,Niphad,0.0,35.1,51,8.0,0.0
2024-11-23,vinchur,Niphad,0.0,35.1,51,8.0,0.0
2024-11-23,ozar,Niphad,0.0,35.1,51,8.0,0.0
2024-11-23,shendurni,Jamner,0.0,32.2,54,5.2,0.0
2024-11-23,pahur,Jamner,0.0,32.2,54,5.2,0.0
2024-11-23,neri,Jamner,0.0,32.2,54,5.2,0.0
2024-11-23,lohara,Jamner,0.0,32.2,54,5.2,0.0
2024-11-24,kanheri,Baramati,0.0,33.1,50,10.8,0.0
2024-11-24,jalochi,Baramati,0.0,33.1,50,10.8,0.0
2024-11-24,medad,Baramati,0.0,33.1,50,10.8,0.0
2024-11-24,nimbut,Baramati,0.0,33.1,50,10.8,0.0
2024-11-24,songaon,Baramati,0.0,33.1,50,10.8,0.0
2024-11-24,gunawadi,Baramati,0.0,33.1,50,10.8,0.0
2024-11-24,pandare,Baramati,0.0,33.1,50,10.8,0.0
2024-11-24,korhale,Baramati,0.0,33.1,50,10.8,0.0
2024-11-24,lasalgaon,Niphad,0.0,32.4,51,13.1,0.0
2024-11-24,pimpalgaon,Niphad,0.0,32.4,51,13.1,0.0
2024-11-24,vinchur,Niphad,0.0,32.4,51,13.1,0.0
2024-11-24,ozar,Niphad,0.0,32.4,51,13.1,0.0
2024-11-24,shendurni,Jamner,13.9,31.8,66,3.2,15.4
2024-11-24,pahur,Jamner,13.9,31.8,66,3.2,15.4
2024-11-24,neri,Jamner,13.9,31.8,66,3.2,13.4
2024-11-24,lohara,Jamner,13.9,31.8,66,3.2,8.0
2024-11-25,kanheri,Baramati,0.0,32.0,54,8.4,0.0
2024-11-25,jalochi,Baramati,0.0,32.0,54,8.4,0.0
2024-11-25,medad,Baramati,0.0,32.0,54,8.4,0.0
2024-11-25,nimbut,Baramati,0.0,32.0,54,8.4,0.0
2024-11-25,songaon,Baramati,0.0,32.0,54,8.4,0.0
2024-11-25,gunawadi,Baramati,0.0,32.0,54,8.4,0.0
2024-11-25,pandare,Baramati,0.0,32.0,54,8.4,0.0
2024-11-25,korhale,Baramati,0.0,32.0,54,8.4,0.0
2024-11-25,lasalgaon,Niphad,0.0,34.8,44,8.2,0.0
2024-11-25,pimpalgaon,Niphad,0.0,34.8,44,8.2,0.0
2024-11-25,vinchur,Niphad,0.0,34.8,44,8.2,0.0
2024-11-25,ozar,Niphad,0.0,34.8,44,8.2,0.0
2024-11-25,shendurni,Jamner,0.0,33.2,53,10.5,0.0
2024-11-25,pahur,Jamner,0.0,33.2,53,10.5,0.0
2024-11-25,neri,Jamner,0.0,33.2,53,10.5,0.0
2024-11-25,lohara,Jamner,0.0,33.2,53,10.5,0.0
2024-11-26,kanheri,Baramati,0.0,33.8,56,6.5,0.0
2024-11-26,jalochi,Baramati,0.0,33.8,56,6.5,0.0
2024-11-26,medad,Baramati,0.0,33.8,56,6.5,0.0
2024-11-26,nimbut,Baramati,0.0,33.8,56,6.5,0.0
2024-11-26,songaon,Baramati,0.0,33.8,56,6.5,0.0
2024-11-26,gunawadi,Baramati,0.0,33.8,56,6.5,0.0
2024-11-26,pandare,Baramati,0.0,33.8,56,6.5,0.0
2024-11-26,korhale,Baramati,0.0,33.8,56,6.5,0.0
2024-11-26,lasalgaon,Niphad,2.3,33.7,48,5.5,2.1
2024-11-26,pimpalgaon,Niphad,2.3,33.7,48,5.5,2.2
2024-11-26,vinchur,Niphad,2.3,33.7,48,5.5,2.6
2024-11-26,ozar,Niphad,2.3,33.7,48,5.5,2.5
2024-11-26,shendurni,Jamner,0.0,31.6,52,10.2,0.0
2024-11-26,pahur,Jamner,0.0,31.6,52,10.2,0.0
2024-11-26,neri,Jamner,0.0,31.6,52,10.2,0.0
2024-11-26,lohara,Jamner,0.0,31.6,52,10.2,0.0
2024-11-27,kanheri,Baramati,0.0,33.3,55,10.7,0.0
2024-11-27,jalochi,Baramati,0.0,33.3,55,10.7,0.0
2024-11-27,medad,Baramati,0.0,33.3,55,10.7,0.0
2024-11-27,nimbut,Baramati,0.0,33.3,55,10.7,0.0
2024-11-27,songaon,Baramati,0.0,33.3,55,10.7,0.0
2024-11-27,gunawadi,Baramati,0.0,33.3,55,10.7,0.0
2024-11-27,pandare,Baramati,0.0,33.3,55,10.7,0.0
2024-11-27,korhale,Baramati,0.0,33.3,55,10.7,0.0
2024-11-27,lasalgaon,Niphad,0.0,34.8,54,9.7,0.0
2024-11-27,pimpalgaon,Niphad,0.0,34.8,54,9.7,0.0
2024-11-27,vinchur,Niphad,0.0,34.8,54,9.7,0.0
2024-11-27,ozar,Niphad,0.0,34.8,54,9.7,0.0
2024-11-27,shendurni,Jamner,0.0,31.2,46,11.1,0.0
2024-11-27,pahur,Jamner,0.0,31.2,46,11.1,0.0
2024-11-27,neri,Jamner,0.0,31.2,46,11.1,0.0
2024-11-27,lohara,Jamner,0.0,31.2,46,11.1,0.0
2024-11-28,kanheri,Baramati,0.0,33.3,45,7.1,0.0
2024-11-28,jalochi,Baramati,0.0,33.3,45,7.1,0.0
2024-11-28,medad,Baramati,0.0,33.3,45,7.1,0.0
2024-11-28,nimbut,Baramati,0.0,33.3,45,7.1,0.0
2024-11-28,songaon,Baramati,0.0,33.3,45,7.1,0.0
2024-11-28,gunawadi,Baramati,0.0,33.3,45,7.1,0.0
2024-11-28,pandare,Baramati,0.0,33.3,45,7.1,0.0
2024-11-28,korhale,Baramati,0.0,33.3,45,7.1,0.0
2024-11-28,lasalgaon,Niphad,0.0,34.2,51,8.8,0.0
2024-11-28,pimpalgaon,Niphad,0.0,34.2,51,8.8,0.0
2024-11-28,vinchur,Niphad,0.0,34.2,51,8.8,0.0
2024-11-28,ozar,Niphad,0.0,34.2,51,8.8,0.0
2024-11-28,shendurni,Jamner,0.0,31.3,46,11.4,0.0
2024-11-28,pahur,Jamner,0.0,31.3,46,11.4,0.0
2024-11-28,neri,Jamner,0.0,31.3,46,11.4,0.0
2024-11-28,lohara,Jamner,0.0,31.3,46,11.4,0.0
2024-11-29,kanheri,Baramati,0.0,31.7,50,15.2,0.0
2024-11-29,jalochi,Baramati,0.0,31.7,50,15.2,0.0
2024-11-29,medad,Baramati,0.0,31.7,50,15.2,0.0
2024-11-29,nimbut,Baramati,0.0,31.7,50,15.2,0.0
2024-11-29,songaon,Baramati,0.0,31.7,50,15.2,0.0
2024-11-29,gunawadi,Baramati,0.0,31.7,50,15.2,0.0
2024-11-29,pandare,Baramati,0.0,31.7,50,15.2,0.0
2024-11-29,korhale,Baramati,0.0,31.7,50,15.2,0.0
2024-11-29,lasalgaon,Niphad,0.0,34.6,52,12.5,0.0
2024-11-29,pimpalgaon,Niphad,0.0,34.6,52,12.5,0.0
2024-11-29,vinchur,Niphad,0.0,34.6,52,12.5,0.0
2024-11-29,ozar,Niphad,0.0,34.6,52,12.5,0.0
2024-11-29,shendurni,Jamner,0.0,33.8,47,7.7,0.0
2024-11-29,pahur,Jamner,0.0,33.8,47,7.7,0.0
2024-11-29,neri,Jamner,0.0,33.8,47,7.7,0.0
2024-11-29,lohara,Jamner,0.0,33.8,47,7.7,0.0
2024-11-30,kanheri,Baramati,0.0,34.4,50,2.0,0.0
2024-11-30,jalochi,Baramati,0.0,34.4,50,2.0,0.0
2024-11-30,medad,Baramati,0.0,34.4,50,2.0,0.0
2024-11-30,nimbut,Baramati,0.0,34.4,50,2.0,0.0
2024-11-30,songaon,Baramati,0.0,34.4,50,2.0,0.0
2024-11-30,gunawadi,Baramati,0.0,34.4,50,2.0,0.0
2024-11-30,pandare,Baramati,0.0,34.4,50,2.0,0.0
2024-11-30,korhale,Baramati,0.0,34.4,50,2.0,0.0
2024-11-30,lasalgaon,Niphad,0.0,32.3,43,5.1,0.0
2024-11-30,pimpalgaon,Niphad,0.0,32.3,43,5.1,0.0
2024-11-30,vinchur,Niphad,0.0,32.3,43,5.1,0.0
2024-11-30,ozar,Niphad,0.0,32.3,43,5.1,0.0
2024-11-30,shendurni,Jamner,0.0,32.6,54,5.0,0.0
2024-11-30,pahur,Jamner,0.0,32.6,54,5.0,0.0
2024-11-30,neri,Jamner,0.0,32.6,54,5.0,0.0
2024-11-30,lohara,Jamner,0.0,32.6,54,5.0,0.0
2024-12-01,kanheri,Baramati,1.4,30.2,44,9.6,1.1
2024-12-01,jalochi,Baramati,1.4,30.2,44,9.6,1.3
2024-12-01,medad,Baramati,1.4,30.2,44,9.6,1.5
2024-12-01,nimbut,Baramati,1.4,30.2,44,9.6,1.6
2024-12-01,songaon,Baramati,1.4,30.2,44,9.6,1.4
2024-12-01,gunawadi,Baramati,1.4,30.2,44,9.6,1.5
2024-12-01,pandare,Baramati,1.4,30.2,44,9.6,1.3
2024-12-01,korhale,Baramati,1.4,30.2,44,9.6,1.6
2024-12-01,lasalgaon,Niphad,0.0,32.0,53,13.1,0.0
2024-12-01,pimpalgaon,Niphad,0.0,32.0,53,13.1,0.0
2024-12-01,vinchur,Niphad,0.0,32.0,53,13.1,0.0
2024-12-01,ozar,Niphad,0.0,32.0,53,13.1,0.0
2024-12-01,shendurni,Jamner,0.0,34.0,44,5.8,0.0
2024-12-01,pahur,Jamner,0.0,34.0,44,5.8,0.0
2024-12-01,neri,Jamner,0.0,34.0,44,5.8,0.0
2024-12-01,lohara,Jamner,0.0,34.0,44,5.8,0.0
2024-12-02,kanheri,Baramati,0.0,31.4,53,12.4,0.0
2024-12-02,jalochi,Baramati,0.0,31.4,53,12.4,0.0
2024-12-02,medad,Baramati,0.0,31.4,53,12.4,0.0
2024-12-02,nimbut,Baramati,0.0,31.4,53,12.4,0.0
2024-12-02,songaon,Baramati,0.0,31.4,53,12.4,0.0
2024-12-02,gunawadi,Baramati,0.0,31.4,53,12.4,0.0
2024-12-02,pandare,Baramati,0.0,31.4,53,12.4,0.0
2024-12-02,korhale,Baramati,0.0,31.4,53,12.4,0.0
2024-12-02,lasalgaon,Niphad,0.0,32.6,50,8.7,0.0
2024-12-02,pimpalgaon,Niphad,0.0,32.6,50,8.7,0.0
2024-12-02,vinchur,Niphad,0.0,32.6,50,8.7,0.0
2024-12-02,ozar,Niphad,0.0,32.6,50,8.7,0.0
2024-12-02,shendurni,Jamner,0.0,32.1,48,8.0,0.0
2024-12-02,pahur,Jamner,0.0,32.1,48,8.0,0.0
2024-12-02,neri,Jamner,0.0,32.1,48,8.0,0.0
2024-12-02,lohara,Jamner,0.0,32.1,48,8.0,0.0
2024-12-03,kanheri,Baramati,0.0,31.7,51,7.3,0.0
2024-12-03,jalochi,Baramati,0.0,31.7,51,7.3,0.0
2024-12-03,medad,Baramati,0.0,31.7,51,7.3,0.0
2024-12-03,nimbut,Baramati,0.0,31.7,51,7.3,0.0
2024-12-03,songaon,Baramati,0.0,31.7,51,7.3,0.0
2024-12-03,gunawadi,Baramati,0.0,31.7,51,7.3,0.0
2024-12-03,pandare,Baramati,0.0,31.7,51,7.3,0.0
2024-12-03,korhale,Baramati,0.0,31.7,51,7.3,0.0
2024-12-03,lasalgaon,Niphad,0.0,34.9,56,3.6,0.0
2024-12-03,pimpalgaon,Niphad,0.0,34.9,56,3.6,0.0
2024-12-03,vinchur,Niphad,0.0,34.9,56,3.6,0.0
2024-12-03,ozar,Niphad,0.0,34.9,56,3.6,0.0
2024-12-03,shendurni,Jamner,0.0,33.0,53,7.5,0.0
2024-12-03,pahur,Jamner,0.0,33.0,53,7.5,0.0
2024-12-03,neri,Jamner,0.0,33.0,53,7.5,0.0
2024-12-03,lohara,Jamner,0.0,33.0,53,7.5,0.0
2024-12-04,kanheri,Baramati,0.0,34.0,49,13.5,0.0
2024-12-04,jalochi,Baramati,0.0,34.0,49,13.5,0.0
2024-12-04,medad,Baramati,0.0,34.0,49,13.5,0.0
2024-12-04,nimbut,Baramati,0.0,34.0,49,13.5,0.0
2024-12-04,songaon,Baramati,0.0,34.0,49,13.5,0.0
2024-12-04,gunawadi,Baramati,0.0,34.0,49,13.5,0.0
2024-12-04,pandare,Baramati,0.0,34.0,49,13.5,0.0
2024-12-04,korhale,Baramati,0.0,34.0,49,13.5,0.0
2024-12-04,lasalgaon,Niphad,0.0,33.0,47,2.0,0.0
2024-12-04,pimpalgaon,Niphad,0.0,33.0,47,2.0,0.0
2024-12-04,vinchur,Niphad,0.0,33.0,47,2.0,0.0
2024-12-04,ozar,Niphad,0.0,33.0,47,2.0,0.0
2024-12-04,shendurni,Jamner,0.0,33.6,49,11.4,0.0
2024-12-04,pahur,Jamner,0.0,33.6,49,11.4,0.0
2024-12-04,neri,Jamner,0.0,33.6,49,11.4,0.0
2024-12-04,lohara,Jamner,0.0,33.6,49,11.4,0.0
2024-12-05,kanheri,Baramati,0.0,32.8,53,6.7,0.0
2024-12-05,jalochi,Baramati,0.0,32.8,53,6.7,0.0
2024-12-05,medad,Baramati,0.0,32.8,53,6.7,0.0
2024-12-05,nimbut,Baramati,0.0,32.8,53,6.7,0.0
2024-12-05,songaon,Baramati,0.0,32.8,53,6.7,0.0
2024-12-05,gunawadi,Baramati,0.0,32.8,53,6.7,0.0
2024-12-05,pandare,Baramati,0.0,32.8,53,6.7,0.0
2024-12-05,korhale,Baramati,0.0,32.8,53,6.7,0.0
2024-12-05,lasalgaon,Niphad,1.4,32.5,44,2.8,1.3
2024-12-05,pimpalgaon,Niphad,1.4,32.5,44,2.8,1.4
2024-12-05,vinchur,Niphad,1.4,32.5,44,2.8,1.2
2024-12-05,ozar,Niphad,1.4,32.5,44,2.8,1.5
2024-12-05,shendurni,Jamner,0.0,32.6,52,3.9,0.0
2024-12-05,pahur,Jamner,0.0,32.6,52,3.9,0.0
2024-12-05,neri,Jamner,0.0,32.6,52,3.9,0.0
2024-12-05,lohara,Jamner,0.0,32.6,52,3.9,0.0
2024-12-06,kanheri,Baramati,0.0,32.1,50,7.6,0.0
2024-12-06,jalochi,Baramati,0.0,32.1,50,7.6,0.0
2024-12-06,medad,Baramati,0.0,32.1,50,7.6,0.0
2024-12-06,nimbut,Baramati,0.0,32.1,50,7.6,0.0
2024-12-06,songaon,Baramati,0.0,32.1,50,7.6,0.0
2024-12-06,gunawadi,Baramati,0.0,32.1,50,7.6,0.0
2024-12-06,pandare,Baramati,0.0,32.1,50,7.6,0.0
2024-12-06,korhale,Baramati,0.0,32.1,50,7.6,0.0
2024-12-06,lasalgaon,Niphad,0.0,31.5,51,11.0,0.0
2024-12-06,pimpalgaon,Niphad,0.0,31.5,51,11.0,0.0
2024-12-06,vinchur,Niphad,0.0,31.5,51,11.0,0.0
2024-12-06,ozar,Niphad,0.0,31.5,51,11.0,0.0
2024-12-06,shendurni,Jamner,0.0,34.9,47,7.1,0.0
2024-12-06,pahur,Jamner,0.0,34.9,47,7.1,0.0
2024-12-06,neri,Jamner,0.0,34.9,47,7.1,0.0
2024-12-06,lohara,Jamner,0.0,34.9,47,7.1,0.0
2024-12-07,kanheri,Baramati,0.0,33.4,49,15.8,0.0
2024-12-07,jalochi,Baramati,0.0,33.4,49,15.8,0.0
2024-12-07,medad,Baramati,0.0,33.4,49,15.8,0.0
2024-12-07,nimbut,Baramati,0.0,33.4,49,15.8,0.0
2024-12-07,songaon,Baramati,0.0,33.4,49,15.8,0.0
2024-12-07,gunawadi,Baramati,0.0,33.4,49,15.8,0.0
2024-12-07,pandare,Baramati,0.0,33.4,49,15.8,0.0
2024-12-07,korhale,Baramati,0.0,33.4,49,15.8,0.0
2024-12-07,lasalgaon,Niphad,0.0,33.4,47,3.7,0.0
2024-12-07,pimpalgaon,Niphad,0.0,33.4,47,3.7,0.0
2024-12-07,vinchur,Niphad,0.0,33.4,47,3.7,0.0
2024-12-07,ozar,Niphad,0.0,33.4,47,3.7,0.0
2024-12-07,shendurni,Jamner,0.0,34.2,54,6.7,0.0
2024-12-07,pahur,Jamner,0.0,34.2,54,6.7,0.0
2024-12-07,neri,Jamner,0.0,34.2,54,6.7,0.0
2024-12-07,lohara,Jamner,0.0,34.2,54,6.7,0.0
2024-12-08,kanheri,Baramati,0.0,34.1,52,14.5,0.0
2024-12-08,jalochi,Baramati,0.0,34.1,52,14.5,0.0
2024-12-08,medad,Baramati,0.0,34.1,52,14.5,0.0
2024-12-08,nimbut,Baramati,0.0,34.1,52,14.5,0.0
2024-12-08,songaon,Baramati,0.0,34.1,52,14.5,0.0
2024-12-08,gunawadi,Baramati,0.0,34.1,52,14.5,0.0
2024-12-08,pandare,Baramati,0.0,34.1,52,14.5,0.0
2024-12-08,korhale,Baramati,0.0,34.1,52,14.5,0.0
2024-12-08,lasalgaon,Niphad,0.0,33.2,48,9.4,0.0
2024-12-08,pimpalgaon,Niphad,0.0,33.2,48,9.4,0.0
2024-12-08,vinchur,Niphad,0.0,33.2,48,9.4,0.0
2024-12-08,ozar,Niphad,0.0,33.2,48,9.4,0.0
2024-12-08,shendurni,Jamner,0.0,32.9,49,6.4,0.0
2024-12-08,pahur,Jamner,0.0,32.9,49,6.4,0.0
2024-12-08,neri,Jamner,0.0,32.9,49,6.4,0.0
2024-12-08,lohara,Jamner,0.0,32.9,49,6.4,0.0
2024-12-09,kanheri,Baramati,0.0,31.2,48,10.2,0.0
2024-12-09,jalochi,Baramati,0.0,31.2,48,10.2,0.0
2024-12-09,medad,Baramati,0.0,31.2,48,10.2,0.0
2024-12-09,nimbut,Baramati,0.0,31.2,48,10.2,0.0
2024-12-09,songaon,Baramati,0.0,31.2,48,10.2,0.0
2024-12-09,gunawadi,Baramati,0.0,31.2,48,10.2,0.0
2024-12-09,pandare,Baramati,0.0,31.2,48,10.2,0.0
2024-12-09,korhale,Baramati,0.0,31.2,48,10.2,0.0
2024-12-09,lasalgaon,Niphad,0.0,33.3,47,10.2,0.0
2024-12-09,pimpalgaon,Niphad,0.0,33.3,47,10.2,0.0
2024-12-09,vinchur,Niphad,0.0,33.3,47,10.2,0.0
2024-12-09,ozar,Niphad,0.0,33.3,47,10.2,0.0
2024-12-09,shendurni,Jamner,0.0,30.6,43,3.8,0.0
2024-12-09,pahur,Jamner,0.0,30.6,43,3.8,0.0
2024-12-09,neri,Jamner,0.0,30.6,43,3.8,0.0
2024-12-09,lohara,Jamner,0.0,30.6,43,3.8,0.0
2024-12-10,kanheri,Baramati,0.0,35.2,48,10.6,0.0
2024-12-10,jalochi,Baramati,0.0,35.2,48,10.6,0.0
2024-12-10,medad,Baramati,0.0,35.2,48,10.6,0.0
2024-12-10,nimbut,Baramati,0.0,35.2,48,10.6,0.0
2024-12-10,songaon,Baramati,0.0,35.2,48,10.6,0.0
2024-12-10,gunawadi,Baramati,0.0,35.2,48,10.6,0.0
2024-12-10,pandare,Baramati,0.0,35.2,48,10.6,0.0
2024-12-10,korhale,Baramati,0.0,35.2,48,10.6,0.0
2024-12-10,lasalgaon,Niphad,0.0,32.4,52,12.7,0.0
2024-12-10,pimpalgaon,Niphad,0.0,32.4,52,12.7,0.0
2024-12-10,vinchur,Niphad,0.0,32.4,52,12.7,0.0
2024-12-10,ozar,Niphad,0.0,32.4,52,12.7,0.0
2024-12-10,shendurni,Jamner,0.0,33.7,46,11.7,0.0
2024-12-10,pahur,Jamner,0.0,33.7,46,11.7,0.0
2024-12-10,neri,Jamner,0.0,33.7,46,11.7,0.0
2024-12-10,lohara,Jamner,0.0,33.7,46,11.7,0.0
2024-12-11,kanheri,Baramati,0.0,32.8,45,10.4,0.0
2024-12-11,jalochi,Baramati,0.0,32.8,45,10.4,0.0
2024-12-11,medad,Baramati,0.0,32.8,45,10.4,0.0
2024-12-11,nimbut,Baramati,0.0,32.8,45,10.4,0.0
2024-12-11,songaon,Baramati,0.0,32.8,45,10.4,0.0
2024-12-11,gunawadi,Baramati,0.0,32.8,45,10.4,0.0
2024-12-11,pandare,Baramati,0.0,32.8,45,10.4,0.0
2024-12-11,korhale,Baramati,0.0,32.8,45,10.4,0.0
2024-12-11,lasalgaon,Niphad,0.0,34.8,41,7.4,0.0
2024-12-11,pimpalgaon,Niphad,0.0,34.8,41,7.4,0.0
2024-12-11,vinchur,Niphad,0.0,34.8,41,7.4,0.0
2024-12-11,ozar,Niphad,0.0,34.8,41,7.4,0.0
2024-12-11,shendurni,Jamner,0.0,33.2,57,6.9,0.0
2024-12-11,pahur,Jamner,0.0,33.2,57,6.9,0.0
2024-12-11,neri,Jamner,0.0,33.2,57,6.9,0.0
2024-12-11,lohara,Jamner,0.0,33.2,57,6.9,0.0
2024-12-12,kanheri,Baramati,0.0,34.4,55,15.8,0.0
2024-12-12,jalochi,Baramati,0.0,34.4,55,15.8,0.0
2024-12-12,medad,Baramati,0.0,34.4,55,15.8,0.0
2024-12-12,nimbut,Baramati,0.0,34.4,55,15.8,0.0
2024-12-12,songaon,Baramati,0.0,34.4,55,15.8,0.0
2024-12-12,gunawadi,Baramati,0.0,34.4,55,15.8,0.0
2024-12-12,pandare,Baramati,0.0,34.4,55,15.8,0.0
2024-12-12,korhale,Baramati,0.0,34.4,55,15.8,0.0
2024-12-12,lasalgaon,Niphad,0.0,31.3,60,7.6,0.0
2024-12-12,pimpalgaon,Niphad,0.0,31.3,60,7.6,0.0
2024-12-12,vinchur,Niphad,0.0,31.3,60,7.6,0.0
2024-12-12,ozar,Niphad,0.0,31.3,60,7.6,0.0
2024-12-12,shendurni,Jamner,1.9,31.9,48,7.1,1.8
2024-12-12,pahur,Jamner,1.9,31.9,48,7.1,2.2
2024-12-12,neri,Jamner,1.9,31.9,48,7.1,1.3
2024-12-12,lohara,Jamner,1.9,31.9,48,7.1,1.3
2024-12-13,kanheri,Baramati,0.0,32.5,52,5.1,0.0
2024-12-13,jalochi,Baramati,0.0,32.5,52,5.1,0.0
2024-12-13,medad,Baramati,0.0,32.5,52,5.1,0.0
2024-12-13,nimbut,Baramati,0.0,32.5,52,5.1,0.0
2024-12-13,songaon,Baramati,0.0,32.5,52,5.1,0.0
2024-12-13,gunawadi,Baramati,0.0,32.5,52,5.1,0.0
2024-12-13,pandare,Baramati,0.0,32.5,52,5.1,0.0
2024-12-13,korhale,Baramati,0.0,32.5,52,5.1,0.0
2024-12-13,lasalgaon,Niphad,0.0,32.0,44,11.4,0.0
2024-12-13,pimpalgaon,Niphad,0.0,32.0,44,11.4,0.0
2024-12-13,vinchur,Niphad,0.0,32.0,44,11.4,0.0
2024-12-13,ozar,Niphad,0.0,32.0,44,11.4,0.0
2024-12-13,shendurni,Jamner,0.0,32.1,57,8.7,0.0
2024-12-13,pahur,Jamner,0.0,32.1,57,8.7,0.0
2024-12-13,neri,Jamner,0.0,32.1,57,8.7,0.0
2024-12-13,lohara,Jamner,0.0,32.1,57,8.7,0.0
2024-12-14,kanheri,Baramati,0.0,31.6,51,10.8,0.0
2024-12-14,jalochi,Baramati,0.0,31.6,51,10.8,0.0
2024-12-14,medad,Baramati,0.0,31.6,51,10.8,0.0
2024-12-14,nimbut,Baramati,0.0,31.6,51,10.8,0.0
2024-12-14,songaon,Baramati,0.0,31.6,51,10.8,0.0
2024-12-14,gunawadi,Baramati,0.0,31.6,51,10.8,0.0
2024-12-14,pandare,Baramati,0.0,31.6,51,10.8,0.0
2024-12-14,korhale,Baramati,0.0,31.6,51,10.8,0.0
2024-12-14,lasalgaon,Niphad,4.6,31.0,49,9.9,4.0
2024-12-14,pimpalgaon,Niphad,4.6,31.0,49,9.9,3.3
2024-12-14,vinchur,Niphad,4.6,31.0,49,9.9,4.1
2024-12-14,ozar,Niphad,4.6,31.0,49,9.9,5.6
2024-12-14,shendurni,Jamner,0.0,31.8,52,11.2,0.0
2024-12-14,pahur,Jamner,0.0,31.8,52,11.2,0.0
2024-12-14,neri,Jamner,0.0,31.8,52,11.2,0.0
2024-12-14,lohara,Jamner,0.0,31.8,52,11.2,0.0
2024-12-15,kanheri,Baramati,0.0,31.9,47,5.2,0.0
2024-12-15,jalochi,Baramati,0.0,31.9,47,5.2,0.0
2024-12-15,medad,Baramati,0.0,31.9,47,5.2,0.0
2024-12-15,nimbut,Baramati,0.0,31.9,47,5.2,0.0
2024-12-15,songaon,Baramati,0.0,31.9,47,5.2,0.0
2024-12-15,gunawadi,Baramati,0.0,31.9,47,5.2,0.0
2024-12-15,pandare,Baramati,0.0,31.9,47,5.2,0.0
2024-12-15,korhale,Baramati,0.0,31.9,47,5.2,0.0
2024-12-15,lasalgaon,Niphad,0.0,35.4,50,7.6,0.0
2024-12-15,pimpalgaon,Niphad,0.0,35.4,50,7.6,0.0
2024-12-15,vinchur,Niphad,0.0,35.4,50,7.6,0.0
2024-12-15,ozar,Niphad,0.0,35.4,50,7.6,0.0
2024-12-15,shendurni,Jamner,0.0,33.0,55,7.5,0.0
2024-12-15,pahur,Jamner,0.0,33.0,55,7.5,0.0
2024-12-15,neri,Jamner,0.0,33.0,55,7.5,0.0
2024-12-15,lohara,Jamner,0.0,33.0,55,7.5,0.0
2024-12-16,kanheri,Baramati,0.0,33.7,55,11.2,0.0
2024-12-16,jalochi,Baramati,0.0,33.7,55,11.2,0.0
2024-12-16,medad,Baramati,0.0,33.7,55,11.2,0.0
2024-12-16,nimbut,Baramati,0.0,33.7,55,11.2,0.0
2024-12-16,songaon,Baramati,0.0,33.7,55,11.2,0.0
2024-12-16,gunawadi,Baramati,0.0,33.7,55,11.2,0.0
2024-12-16,pandare,Baramati,0.0,33.7,55,11.2,0.0
2024-12-16,korhale,Baramati,0.0,33.7,55,11.2,0.0
2024-12-16,lasalgaon,Niphad,1.8,32.7,45,5.2,1.8
2024-12-16,pimpalgaon,Niphad,1.8,32.7,45,5.2,1.4
2024-12-16,vinchur,Niphad,1.8,32.7,45,5.2,1.7
2024-12-16,ozar,Niphad,1.8,32.7,45,5.2,2.1
2024-12-16,shendurni,Jamner,3.7,31.4,54,17.6,3.5
2024-12-16,pahur,Jamner,3.7,31.4,54,17.6,3.9
2024-12-16,neri,Jamner,3.7,31.4,54,17.6,2.9
2024-12-16,lohara,Jamner,3.7,31.4,54,17.6,3.9
2024-12-17,kanheri,Baramati,0.0,31.8,52,7.5,0.0
2024-12-17,jalochi,Baramati,0.0,31.8,52,7.5,0.0
2024-12-17,medad,Baramati,0.0,31.8,52,7.5,0.0
2024-12-17,nimbut,Baramati,0.0,31.8,52,7.5,0.0
2024-12-17,songaon,Baramati,0.0,31.8,52,7.5,0.0
2024-12-17,gunawadi,Baramati,0.0,31.8,52,7.5,0.0
2024-12-17,pandare,Baramati,0.0,31.8,52,7.5,0.0
2024-12-17,korhale,Baramati,0.0,31.8,52,7.5,0.0
2024-12-17,lasalgaon,Niphad,0.0,32.9,54,15.9,0.0
2024-12-17,pimpalgaon,Niphad,0.0,32.9,54,15.9,0.0
2024-12-17,vinchur,Niphad,0.0,32.9,54,15.9,0.0
2024-12-17,ozar,Niphad,0.0,32.9,54,15.9,0.0
2024-12-17,shendurni,Jamner,1.6,32.4,51,13.8,1.6
2024-12-17,pahur,Jamner,1.6,32.4,51,13.8,1.4
2024-12-17,neri,Jamner,1.6,32.4,51,13.8,1.3
2024-12-17,lohara,Jamner,1.6,32.4,51,13.8,1.2
2024-12-18,kanheri,Baramati,0.0,34.4,51,8.4,0.0
2024-12-18,jalochi,Baramati,0.0,34.4,51,8.4,0.0
2024-12-18,medad,Baramati,0.0,34.4,51,8.4,0.0
2024-12-18,nimbut,Baramati,0.0,34.4,51,8.4,0.0
2024-12-18,songaon,Baramati,0.0,34.4,51,8.4,0.0
2024-12-18,gunawadi,Baramati,0.0,34.4,51,8.4,0.0
2024-12-18,pandare,Baramati,0.0,34.4,51,8.4,0.0
2024-12-18,korhale,Baramati,0.0,34.4,51,8.4,0.0
2024-12-18,lasalgaon,Niphad,5.6,32.7,47,2.0,3.4
2024-12-18,pimpalgaon,Niphad,5.6,32.7,47,2.0,3.8
2024-12-18,vinchur,Niphad,5.6,32.7,47,2.0,5.7
2024-12-18,ozar,Niphad,5.6,32.7,47,2.0,7.0
2024-12-18,shendurni,Jamner,0.0,32.9,48,15.6,0.0
2024-12-18,pahur,Jamner,0.0,32.9,48,15.6,0.0
2024-12-18,neri,Jamner,0.0,32.9,48,15.6,0.0
2024-12-18,lohara,Jamner,0.0,32.9,48,15.6,0.0
2024-12-19,kanheri,Baramati,0.0,33.2,49,14.4,0.0
2024-12-19,jalochi,Baramati,0.0,33.2,49,14.4,0.0
2024-12-19,medad,Baramati,0.0,33.2,49,14.4,0.0
2024-12-19,nimbut,Baramati,0.0,33.2,49,14.4,0.0
2024-12-19,songaon,Baramati,0.0,33.2,49,14.4,0.0
2024-12-19,gunawadi,Baramati,0.0,33.2,49,14.4,0.0
2024-12-19,pandare,Baramati,0.0,33.2,49,14.4,0.0
2024-12-19,korhale,Baramati,0.0,33.2,49,14.4,0.0
2024-12-19,lasalgaon,Niphad,0.0,32.6,47,11.9,0.0
2024-12-19,pimpalgaon,Niphad,0.0,32.6,47,11.9,0.0
2024-12-19,vinchur,Niphad,0.0,32.6,47,11.9,0.0
2024-12-19,ozar,Niphad,0.0,32.6,47,11.9,0.0
2024-12-19,shendurni,Jamner,0.0,32.7,52,10.7,0.0
2024-12-19,pahur,Jamner,0.0,32.7,52,10.7,0.0
2024-12-19,neri,Jamner,0.0,32.7,52,10.7,0.0
2024-12-19,lohara,Jamner,0.0,32.7,52,10.7,0.0
2024-12-20,kanheri,Baramati,0.0,31.8,46,10.5,0.0
2024-12-20,jalochi,Baramati,0.0,31.8,46,10.5,0.0
2024-12-20,medad,Baramati,0.0,31.8,46,10.5,0.0
2024-12-20,nimbut,Baramati,0.0,31.8,46,10.5,0.0
2024-12-20,songaon,Baramati,0.0,31.8,46,10.5,0.0
2024-12-20,gunawadi,Baramati,0.0,31.8,46,10.5,0.0
2024-12-20,pandare,Baramati,0.0,31.8,46,10.5,0.0
2024-12-20,korhale,Baramati,0.0,31.8,46,10.5,0.0
2024-12-20,lasalgaon,Niphad,0.0,33.8,51,7.7,0.0
2024-12-20,pimpalgaon,Niphad,0.0,33.8,51,7.7,0.0
2024-12-20,vinchur,Niphad,0.0,33.8,51,7.7,0.0
2024-12-20,ozar,Niphad,0.0,33.8,51,7.7,0.0
2024-12-20,shendurni,Jamner,0.0,30.0,52,14.0,0.0
2024-12-20,pahur,Jamner,0.0,30.0,52,14.0,0.0
2024-12-20,neri,Jamner,0.0,30.0,52,14.0,0.0
2024-12-20,lohara,Jamner,0.0,30.0,52,14.0,0.0
2024-12-21,kanheri,Baramati,0.0,32.1,47,6.2,0.0
2024-12-21,jalochi,Baramati,0.0,32.1,47,6.2,0.0
2024-12-21,medad,Baramati,0.0,32.1,47,6.2,0.0
2024-12-21,nimbut,Baramati,0.0,32.1,47,6.2,0.0
2024-12-21,songaon,Baramati,0.0,32.1,47,6.2,0.0
2024-12-21,gunawadi,Baramati,0.0,32.1,47,6.2,0.0
2024-12-21,pandare,Baramati,0.0,32.1,47,6.2,0.0
2024-12-21,korhale,Baramati,0.0,32.1,47,6.2,0.0
2024-12-21,lasalgaon,Niphad,0.0,33.5,53,14.5,0.0
2024-12-21,pimpalgaon,Niphad,0.0,33.5,53,14.5,0.0
2024-12-21,vinchur,Niphad,0.0,33.5,53,14.5,0.0
2024-12-21,ozar,Niphad,0.0,33.5,53,14.5,0.0
2024-12-21,shendurni,Jamner,5.9,33.4,50,2.3,6.4
2024-12-21,pahur,Jamner,5.9,33.4,50,2.3,5.3
2024-12-21,neri,Jamner,5.9,33.4,50,2.3,5.3
2024-12-21,lohara,Jamner,5.9,33.4,50,2.3,4.4
2024-12-22,kanheri,Baramati,0.0,33.7,49,2.6,0.0
2024-12-22,jalochi,Baramati,0.0,33.7,49,2.6,0.0
2024-12-22,medad,Baramati,0.0,33.7,49,2.6,0.0
2024-12-22,nimbut,Baramati,0.0,33.7,49,2.6,0.0
2024-12-22,songaon,Baramati,0.0,33.7,49,2.6,0.0
2024-12-22,gunawadi,Baramati,0.0,33.7,49,2.6,0.0
2024-12-22,pandare,Baramati,0.0,33.7,49,2.6,0.0
2024-12-22,korhale,Baramati,0.0,33.7,49,2.6,0.0
2024-12-22,lasalgaon,Niphad,0.0,33.4,50,11.3,0.0
2024-12-22,pimpalgaon,Niphad,0.0,33.4,50,11.3,0.0
2024-12-22,vinchur,Niphad,0.0,33.4,50,11.3,0.0
2024-12-22,ozar,Niphad,0.0,33.4,50,11.3,0.0
2024-12-22,shendurni,Jamner,0.0,31.7,49,7.8,0.0
2024-12-22,pahur,Jamner,0.0,31.7,49,7.8,0.0
2024-12-22,neri,Jamner,0.0,31.7,49,7.8,0.0
2024-12-22,lohara,Jamner,0.0,31.7,49,7.8,0.0
2024-12-23,kanheri,Baramati,0.0,33.7,48,13.4,0.0
2024-12-23,jalochi,Baramati,0.0,33.7,48,13.4,0.0
2024-12-23,medad,Baramati,0.0,33.7,48,13.4,0.0
2024-12-23,nimbut,Baramati,0.0,33.7,48,13.4,0.0
2024-12-23,songaon,Baramati,0.0,33.7,48,13.4,0.0
2024-12-23,gunawadi,Baramati,0.0,33.7,48,13.4,0.0
2024-12-23,pandare,Baramati,0.0,33.7,48,13.4,0.0
2024-12-23,korhale,Baramati,0.0,33.7,48,13.4,0.0
2024-12-23,lasalgaon,Niphad,0.0,34.0,53,12.6,0.0
2024-12-23,pimpalgaon,Niphad,0.0,34.0,53,12.6,0.0
2024-12-23,vinchur,Niphad,0.0,34.0,53,12.6,0.0
2024-12-23,ozar,Niphad,0.0,34.0,53,12.6,0.0
2024-12-23,shendurni,Jamner,0.0,32.5,47,12.5,0.0
2024-12-23,pahur,Jamner,0.0,32.5,47,12.5,0.0
2024-12-23,neri,Jamner,0.0,32.5,47,12.5,0.0
2024-12-23,lohara,Jamner,0.0,32.5,47,12.5,0.0
2024-12-24,kanheri,Baramati,0.0,34.8,39,9.3,0.0
2024-12-24,jalochi,Baramati,0.0,34.8,39,9.3,0.0
2024-12-24,medad,Baramati,0.0,34.8,39,9.3,0.0
2024-12-24,nimbut,Baramati,0.0,34.8,39,9.3,0.0
2024-12-24,songaon,Baramati,0.0,34.8,39,9.3,0.0
2024-12-24,gunawadi,Baramati,0.0,34.8,39,9.3,0.0
2024-12-24,pandare,Baramati,0.0,34.8,39,9.3,0.0
2024-12-24,korhale,Baramati,0.0,34.8,39,9.3,0.0
2024-12-24,lasalgaon,Niphad,0.0,32.1,49,4.9,0.0
2024-12-24,pimpalgaon,Niphad,0.0,32.1,49,4.9,0.0
2024-12-24,vinchur,Niphad,0.0,32.1,49,4.9,0.0
2024-12-24,ozar,Niphad,0.0,32.1,49,4.9,0.0
2024-12-24,shendurni,Jamner,0.0,33.0,47,8.6,0.0
2024-12-24,pahur,Jamner,0.0,33.0,47,8.6,0.0
2024-12-24,neri,Jamner,0.0,33.0,47,8.6,0.0
2024-12-24,lohara,Jamner,0.0,33.0,47,8.6,0.0
2024-12-25,kanheri,Baramati,0.0,33.2,47,9.2,0.0
2024-12-25,jalochi,Baramati,0.0,33.2,47,9.2,0.0
2024-12-25,medad,Baramati,0.0,33.2,47,9.2,0.0
2024-12-25,nimbut,Baramati,0.0,33.2,47,9.2,0.0
2024-12-25,songaon,Baramati,0.0,33.2,47,9.2,0.0
2024-12-25,gunawadi,Baramati,0.0,33.2,47,9.2,0.0
2024-12-25,pandare,Baramati,0.0,33.2,47,9.2,0.0
2024-12-25,korhale,Baramati,0.0,33.2,47,9.2,0.0
2024-12-25,lasalgaon,Niphad,0.0,32.7,50,3.3,0.0
2024-12-25,pimpalgaon,Niphad,0.0,32.7,50,3.3,0.0
2024-12-25,vinchur,Niphad,0.0,32.7,50,3.3,0.0
2024-12-25,ozar,Niphad,0.0,32.7,50,3.3,0.0
2024-12-25,shendurni,Jamner,0.0,31.3,49,10.6,0.0
2024-12-25,pahur,Jamner,0.0,31.3,49,10.6,0.0
2024-12-25,neri,Jamner,0.0,31.3,49,10.6,0.0
2024-12-25,lohara,Jamner,0.0,31.3,49,10.6,0.0
2024-12-26,kanheri,Baramati,0.0,30.7,52,11.2,0.0
2024-12-26,jalochi,Baramati,0.0,30.7,52,11.2,0.0
2024-12-26,medad,Baramati,0.0,30.7,52,11.2,0.0
2024-12-26,nimbut,Baramati,0.0,30.7,52,11.2,0.0
2024-12-26,songaon,Baramati,0.0,30.7,52,11.2,0.0
2024-12-26,gunawadi,Baramati,0.0,30.7,52,11.2,0.0
2024-12-26,pandare,Baramati,0.0,30.7,52,11.2,0.0
2024-12-26,korhale,Baramati,0.0,30.7,52,11.2,0.0
2024-12-26,lasalgaon,Niphad,0.0,33.4,60,11.5,0.0
2024-12-26,pimpalgaon,Niphad,0.0,33.4,60,11.5,0.0
2024-12-26,vinchur,Niphad,0.0,33.4,60,11.5,0.0
2024-12-26,ozar,Niphad,0.0,33.4,60,11.5,0.0
2024-12-26,shendurni,Jamner,0.0,33.4,50,6.0,0.0
2024-12-26,pahur,Jamner,0.0,33.4,50,6.0,0.0
2024-12-26,neri,Jamner,0.0,33.4,50,6.0,0.0
2024-12-26,lohara,Jamner,0.0,33.4,50,6.0,0.0
2024-12-27,kanheri,Baramati,0.0,32.7,54,12.1,0.0
2024-12-27,jalochi,Baramati,0.0,32.7,54,12.1,0.0
2024-12-27,medad,Baramati,0.0,32.7,54,12.1,0.0
2024-12-27,nimbut,Baramati,0.0,32.7,54,12.1,0.0
2024-12-27,songaon,Baramati,0.0,32.7,54,12.1,0.0
2024-12-27,gunawadi,Baramati,0.0,32.7,54,12.1,0.0
2024-12-27,pandare,Baramati,0.0,32.7,54,12.1,0.0
2024-12-27,korhale,Baramati,0.0,32.7,54,12.1,0.0
2024-12-27,lasalgaon,Niphad,0.0,33.9,52,6.5,0.0
2024-12-27,pimpalgaon,Niphad,0.0,33.9,52,6.5,0.0
2024-12-27,vinchur,Niphad,0.0,33.9,52,6.5,0.0
2024-12-27,ozar,Niphad,0.0,33.9,52,6.5,0.0
2024-12-27,shendurni,Jamner,0.0,30.4,52,10.2,0.0
2024-12-27,pahur,Jamner,0.0,30.4,52,10.2,0.0
2024-12-27,neri,Jamner,0.0,30.4,52,10.2,0.0
2024-12-27,lohara,Jamner,0.0,30.4,52,10.2,0.0
2024-12-28,kanheri,Baramati,0.0,32.9,53,6.2,0.0
2024-12-28,jalochi,Baramati,0.0,32.9,53,6.2,0.0
2024-12-28,medad,Baramati,0.0,32.9,53,6.2,0.0
2024-12-28,nimbut,Baramati,0.0,32.9,53,6.2,0.0
2024-12-28,songaon,Baramati,0.0,32.9,53,6.2,0.0
2024-12-28,gunawadi,Baramati,0.0,32.9,53,6.2,0.0
2024-12-28,pandare,Baramati,0.0,32.9,53,6.2,0.0
2024-12-28,korhale,Baramati,0.0,32.9,53,6.2,0.0
2024-12-28,lasalgaon,Niphad,0.0,32.9,53,11.1,0.0
2024-12-28,pimpalgaon,Niphad,0.0,32.9,53,11.1,0.0
2024-12-28,vinchur,Niphad,0.0,32.9,53,11.1,0.0
2024-12-28,ozar,Niphad,0.0,32.9,53,11.1,0.0
2024-12-28,shendurni,Jamner,0.0,32.9,48,8.0,0.0
2024-12-28,pahur,Jamner,0.0,32.9,48,8.0,0.0
2024-12-28,neri,Jamner,0.0,32.9,48,8.0,0.0
2024-12-28,lohara,Jamner,0.0,32.9,48,8.0,0.0
2024-12-29,kanheri,Baramati,1.2,33.0,50,5.8,1.2
2024-12-29,jalochi,Baramati,1.2,33.0,50,5.8,1.5
2024-12-29,medad,Baramati,1.2,33.0,50,5.8,1.5
2024-12-29,nimbut,Baramati,1.2,33.0,50,5.8,1.2
2024-12-29,songaon,Baramati,1.2,33.0,50,5.8,1.0
2024-12-29,gunawadi,Baramati,1.2,33.0,50,5.8,1.2
2024-12-29,pandare,Baramati,1.2,33.0,50,5.8,1.2
2024-12-29,korhale,Baramati,1.2,33.0,50,5.8,1.3
2024-12-29,lasalgaon,Niphad,0.0,32.3,51,8.6,0.0
2024-12-29,pimpalgaon,Niphad,0.0,32.3,51,8.6,0.0
2024-12-29,vinchur,Niphad,0.0,32.3,51,8.6,0.0
2024-12-29,ozar,Niphad,0.0,32.3,51,8.6,0.0
2024-12-29,shendurni,Jamner,5.8,32.9,48,9.5,7.0
2024-12-29,pahur,Jamner,5.8,32.9,48,9.5,6.2
2024-12-29,neri,Jamner,5.8,32.9,48,9.5,4.8
2024-12-29,lohara,Jamner,5.8,32.9,48,9.5,4.2
2024-12-30,kanheri,Baramati,0.0,32.9,50,10.0,0.0
2024-12-30,jalochi,Baramati,0.0,32.9,50,10.0,0.0
2024-12-30,medad,Baramati,0.0,32.9,50,10.0,0.0
2024-12-30,nimbut,Baramati,0.0,32.9,50,10.0,0.0
2024-12-30,songaon,Baramati,0.0,32.9,50,10.0,0.0
2024-12-30,gunawadi,Baramati,0.0,32.9,50,10.0,0.0
2024-12-30,pandare,Baramati,0.0,32.9,50,10.0,0.0
2024-12-30,korhale,Baramati,0.0,32.9,50,10.0,0.0
2024-12-30,lasalgaon,Niphad,0.0,32.1,51,10.3,0.0
2024-12-30,pimpalgaon,Niphad,0.0,32.1,51,10.3,0.0
2024-12-30,vinchur,Niphad,0.0,32.1,51,10.3,0.0
2024-12-30,ozar,Niphad,0.0,32.1,51,10.3,0.0
2024-12-30,shendurni,Jamner,0.0,32.4,50,8.9,0.0
2024-12-30,pahur,Jamner,0.0,32.4,50,8.9,0.0
2024-12-30,neri,Jamner,0.0,32.4,50,8.9,0.0
2024-12-30,lohara,Jamner,0.0,32.4,50,8.9,0.0
2024-12-31,kanheri,Baramati,0.0,32.9,49,4.1,0.0
2024-12-31,jalochi,Baramati,0.0,32.9,49,4.1,0.0
2024-12-31,medad,Baramati,0.0,32.9,49,4.1,0.0
2024-12-31,nimbut,Baramati,0.0,32.9,49,4.1,0.0
2024-12-31,songaon,Baramati,0.0,32.9,49,4.1,0.0
2024-12-31,gunawadi,Baramati,0.0,32.9,49,4.1,0.0
2024-12-31,pandare,Baramati,0.0,32.9,49,4.1,0.0
2024-12-31,korhale,Baramati,0.0,32.9,49,4.1,0.0
2024-12-31,lasalgaon,Niphad,0.0,35.3,53,13.0,0.0
2024-12-31,pimpalgaon,Niphad,0.0,35.3,53,13.0,0.0
2024-12-31,vinchur,Niphad,0.0,35.3,53,13.0,0.0
2024-12-31,ozar,Niphad,0.0,35.3,53,13.0,0.0
2024-12-31,shendurni,Jamner,0.0,33.2,47,3.7,0.0
2024-12-31,pahur,Jamner,0.0,33.2,47,3.7,0.0
2024-12-31,neri,Jamner,0.0,33.2,47,3.7,0.0
2024-12-31,lohara,Jamner,0.0,33.2,47,3.7,0.0
2025-01-01,kanheri,Baramati,0.0,34.9,47,11.2,0.0
2025-01-01,jalochi,Baramati,0.0,34.9,47,11.2,0.0
2025-01-01,medad,Baramati,0.0,34.9,47,11.2,0.0
2025-01-01,nimbut,Baramati,0.0,34.9,47,11.2,0.0
2025-01-01,songaon,Baramati,0.0,34.9,47,11.2,0.0
2025-01-01,gunawadi,Baramati,0.0,34.9,47,11.2,0.0
2025-01-01,pandare,Baramati,0.0,34.9,47,11.2,0.0
2025-01-01,korhale,Baramati,0.0,34.9,47,11.2,0.0
2025-01-01,lasalgaon,Niphad,0.0,34.6,58,7.8,0.0
2025-01-01,pimpalgaon,Niphad,0.0,34.6,58,7.8,0.0
2025-01-01,vinchur,Niphad,0.0,34.6,58,7.8,0.0
2025-01-01,ozar,Niphad,0.0,34.6,58,7.8,0.0
2025-01-01,shendurni,Jamner,0.0,32.8,49,10.9,0.0
2025-01-01,pahur,Jamner,0.0,32.8,49,10.9,0.0
2025-01-01,neri,Jamner,0.0,32.8,49,10.9,0.0
2025-01-01,lohara,Jamner,0.0,32.8,49,10.9,0.0
2025-01-02,kanheri,Baramati,3.5,34.4,62,11.9,3.2
2025-01-02,jalochi,Baramati,3.5,34.4,62,11.9,3.3
2025-01-02,medad,Baramati,3.5,34.4,62,11.9,4.8
2025-01-02,nimbut,Baramati,3.5,34.4,62,11.9,3.9
2025-01-02,songaon,Baramati,3.5,34.4,62,11.9,2.6
2025-01-02,gunawadi,Baramati,3.5,34.4,62,11.9,3.1
2025-01-02,pandare,Baramati,3.5,34.4,62,11.9,2.6
2025-01-02,korhale,Baramati,3.5,34.4,62,11.9,3.4
2025-01-02,lasalgaon,Niphad,0.0,33.8,51,8.3,0.0
2025-01-02,pimpalgaon,Niphad,0.0,33.8,51,8.3,0.0
2025-01-02,vinchur,Niphad,0.0,33.8,51,8.3,0.0
2025-01-02,ozar,Niphad,0.0,33.8,51,8.3,0.0
2025-01-02,shendurni,Jamner,0.0,33.1,50,4.0,0.0
2025-01-02,pahur,Jamner,0.0,33.1,50,4.0,0.0
2025-01-02,neri,Jamner,0.0,33.1,50,4.0,0.0
2025-01-02,lohara,Jamner,0.0,33.1,50,4.0,0.0
2025-01-03,kanheri,Baramati,0.0,30.8,44,3.2,0.0
2025-01-03,jalochi,Baramati,0.0,30.8,44,3.2,0.0
2025-01-03,medad,Baramati,0.0,30.8,44,3.2,0.0
2025-01-03,nimbut,Baramati,0.0,30.8,44,3.2,0.0
2025-01-03,songaon,Baramati,0.0,30.8,44,3.2,0.0
2025-01-03,gunawadi,Baramati,0.0,30.8,44,3.2,0.0
2025-01-03,pandare,Baramati,0.0,30.8,44,3.2,0.0
2025-01-03,korhale,Baramati,0.0,30.8,44,3.2,0.0
2025-01-03,lasalgaon,Niphad,1.8,35.1,50,7.0,1.5
2025-01-03,pimpalgaon,Niphad,1.8,35.1,50,7.0,1.8
2025-01-03,vinchur,Niphad,1.8,35.1,50,7.0,1.6
2025-01-03,ozar,Niphad,1.8,35.1,50,7.0,2.5
2025-01-03,shendurni,Jamner,0.0,33.0,49,9.1,0.0
2025-01-03,pahur,Jamner,0.0,33.0,49,9.1,0.0
2025-01-03,neri,Jamner,0.0,33.0,49,9.1,0.0
2025-01-03,lohara,Jamner,0.0,33.0,49,9.1,0.0
2025-01-04,kanheri,Baramati,0.0,32.0,46,2.0,0.0
2025-01-04,jalochi,Baramati,0.0,32.0,46,2.0,0.0
2025-01-04,medad,Baramati,0.0,32.0,46,2.0,0.0
2025-01-04,nimbut,Baramati,0.0,32.0,46,2.0,0.0
2025-01-04,songaon,Baramati,0.0,32.0,46,2.0,0.0
2025-01-04,gunawadi,Baramati,0.0,32.0,46,2.0,0.0
2025-01-04,pandare,Baramati,0.0,32.0,46,2.0,0.0
2025-01-04,korhale,Baramati,0.0,32.0,46,2.0,0.0
2025-01-04,lasalgaon,Niphad,0.0,33.3,47,7.9,0.0
2025-01-04,pimpalgaon,Niphad,0.0,33.3,47,7.9,0.0
2025-01-04,vinchur,Niphad,0.0,33.3,47,7.9,0.0
2025-01-04,ozar,Niphad,0.0,33.3,47,7.9,0.0
2025-01-04,shendurni,Jamner,0.0,32.1,51,8.9,0.0
2025-01-04,pahur,Jamner,0.0,32.1,51,8.9,0.0
2025-01-04,neri,Jamner,0.0,32.1,51,8.9,0.0
2025-01-04,lohara,Jamner,0.0,32.1,51,8.9,0.0
2025-01-05,kanheri,Baramati,0.0,33.2,51,2.5,0.0
2025-01-05,jalochi,Baramati,0.0,33.2,51,2.5,0.0
2025-01-05,medad,Baramati,0.0,33.2,51,2.5,0.0
2025-01-05,nimbut,Baramati,0.0,33.2,51,2.5,0.0
2025-01-05,songaon,Baramati,0.0,33.2,51,2.5,0.0
2025-01-05,gunawadi,Baramati,0.0,33.2,51,2.5,0.0
2025-01-05,pandare,Baramati,0.0,33.2,51,2.5,0.0
2025-01-05,korhale,Baramati,0.0,33.2,51,2.5,0.0
2025-01-05,lasalgaon,Niphad,0.0,31.4,51,10.5,0.0
2025-01-05,pimpalgaon,Niphad,0.0,31.4,51,10.5,0.0
2025-01-05,vinchur,Niphad,0.0,31.4,51,10.5,0.0
2025-01-05,ozar,Niphad,0.0,31.4,51,10.5,0.0
2025-01-05,shendurni,Jamner,0.0,30.9,47,5.1,0.0
2025-01-05,pahur,Jamner,0.0,30.9,47,5.1,0.0
2025-01-05,neri,Jamner,0.0,30.9,47,5.1,0.0
2025-01-05,lohara,Jamner,0.0,30.9,47,5.1,0.0
2025-01-06,kanheri,Baramati,0.0,33.5,48,5.9,0.0
2025-01-06,jalochi,Baramati,0.0,33.5,48,5.9,0.0
2025-01-06,medad,Baramati,0.0,33.5,48,5.9,0.0
2025-01-06,nimbut,Baramati,0.0,33.5,48,5.9,0.0
2025-01-06,songaon,Baramati,0.0,33.5,48,5.9,0.0
2025-01-06,gunawadi,Baramati,0.0,33.5,48,5.9,0.0
2025-01-06,pandare,Baramati,0.0,33.5,48,5.9,0.0
2025-01-06,korhale,Baramati,0.0,33.5,48,5.9,0.0
2025-01-06,lasalgaon,Niphad,0.0,33.2,48,8.5,0.0
2025-01-06,pimpalgaon,Niphad,0.0,33.2,48,8.5,0.0
2025-01-06,vinchur,Niphad,0.0,33.2,48,8.5,0.0
2025-01-06,ozar,Niphad,0.0,33.2,48,8.5,0.0
2025-01-06,shendurni,Jamner,11.6,32.2,57,15.7,16.3
2025-01-06,pahur,Jamner,11.6,32.2,57,15.7,13.4
2025-01-06,neri,Jamner,11.6,32.2,57,15.7,10.9
2025-01-06,lohara,Jamner,11.6,32.2,57,15.7,7.6
2025-01-07,kanheri,Baramati,0.0,32.9,53,9.8,0.0
2025-01-07,jalochi,Baramati,0.0,32.9,53,9.8,0.0
2025-01-07,medad,Baramati,0.0,32.9,53,9.8,0.0
2025-01-07,nimbut,Baramati,0.0,32.9,53,9.8,0.0
2025-01-07,songaon,Baramati,0.0,32.9,53,9.8,0.0
2025-01-07,gunawadi,Baramati,0.0,32.9,53,9.8,0.0
2025-01-07,pandare,Baramati,0.0,32.9,53,9.8,0.0
2025-01-07,korhale,Baramati,0.0,32.9,53,9.8,0.0
2025-01-07,lasalgaon,Niphad,0.0,33.4,48,13.7,0.0
2025-01-07,pimpalgaon,Niphad,0.0,33.4,48,13.7,0.0
2025-01-07,vinchur,Niphad,0.0,33.4,48,13.7,0.0
2025-01-07,ozar,Niphad,0.0,33.4,48,13.7,0.0
2025-01-07,shendurni,Jamner,0.0,31.1,49,10.6,0.0
2025-01-07,pahur,Jamner,0.0,31.1,49,10.6,0.0
2025-01-07,neri,Jamner,0.0,31.1,49,10.6,0.0
2025-01-07,lohara,Jamner,0.0,31.1,49,10.6,0.0
2025-01-08,kanheri,Baramati,0.0,33.5,47,3.5,0.0
2025-01-08,jalochi,Baramati,0.0,33.5,47,3.5,0.0
2025-01-08,medad,Baramati,0.0,33.5,47,3.5,0.0
2025-01-08,nimbut,Baramati,0.0,33.5,47,3.5,0.0
2025-01-08,songaon,Baramati,0.0,33.5,47,3.5,0.0
2025-01-08,gunawadi,Baramati,0.0,33.5,47,3.5,0.0
2025-01-08,pandare,Baramati,0.0,33.5,47,3.5,0.0
2025-01-08,korhale,Baramati,0.0,33.5,47,3.5,0.0
2025-01-08,lasalgaon,Niphad,0.0,34.0,56,13.9,0.0
2025-01-08,pimpalgaon,Niphad,0.0,34.0,56,13.9,0.0
2025-01-08,vinchur,Niphad,0.0,34.0,56,13.9,0.0
2025-01-08,ozar,Niphad,0.0,34.0,56,13.9,0.0
2025-01-08,shendurni,Jamner,0.0,35.8,43,12.5,0.0
2025-01-08,pahur,Jamner,0.0,35.8,43,12.5,0.0
2025-01-08,neri,Jamner,0.0,35.8,43,12.5,0.0
2025-01-08,lohara,Jamner,0.0,35.8,43,12.5,0.0
2025-01-09,kanheri,Baramati,0.0,34.5,57,4.0,0.0
2025-01-09,jalochi,Baramati,0.0,34.5,57,4.0,0.0
2025-01-09,medad,Baramati,0.0,34.5,57,4.0,0.0
2025-01-09,nimbut,Baramati,0.0,34.5,57,4.0,0.0
2025-01-09,songaon,Baramati,0.0,34.5,57,4.0,0.0
2025-01-09,gunawadi,Baramati,0.0,34.5,57,4.0,0.0
2025-01-09,pandare,Baramati,0.0,34.5,57,4.0,0.0
2025-01-09,korhale,Baramati,0.0,34.5,57,4.0,0.0
2025-01-09,lasalgaon,Niphad,0.0,34.2,51,7.4,0.0
2025-01-09,pimpalgaon,Niphad,0.0,34.2,51,7.4,0.0
2025-01-09,vinchur,Niphad,0.0,34.2,51,7.4,0.0
2025-01-09,ozar,Niphad,0.0,34.2,51,7.4,0.0
2025-01-09,shendurni,Jamner,0.0,32.8,52,5.8,0.0
2025-01-09,pahur,Jamner,0.0,32.8,52,5.8,0.0
2025-01-09,neri,Jamner,0.0,32.8,52,5.8,0.0
2025-01-09,lohara,Jamner,0.0,32.8,52,5.8,0.0
2025-01-10,kanheri,Baramati,0.0,32.3,52,9.3,0.0
2025-01-10,jalochi,Baramati,0.0,32.3,52,9.3,0.0
2025-01-10,medad,Baramati,0.0,32.3,52,9.3,0.0
2025-01-10,nimbut,Baramati,0.0,32.3,52,9.3,0.0
2025-01-10,songaon,Baramati,0.0,32.3,52,9.3,0.0
2025-01-10,gunawadi,Baramati,0.0,32.3,52,9.3,0.0
2025-01-10,pandare,Baramati,0.0,32.3,52,9.3,0.0
2025-01-10,korhale,Baramati,0.0,32.3,52,9.3,0.0
2025-01-10,lasalgaon,Niphad,0.0,34.1,53,2.4,0.0
2025-01-10,pimpalgaon,Niphad,0.0,34.1,53,2.4,0.0
2025-01-10,vinchur,Niphad,0.0,34.1,53,2.4,0.0
2025-01-10,ozar,Niphad,0.0,34.1,53,2.4,0.0
2025-01-10,shendurni,Jamner,0.0,34.3,57,10.1,0.0
2025-01-10,pahur,Jamner,0.0,34.3,57,10.1,0.0
2025-01-10,neri,Jamner,0.0,34.3,57,10.1,0.0
2025-01-10,lohara,Jamner,0.0,34.3,57,10.1,0.0
2025-01-11,kanheri,Baramati,0.0,33.5,46,9.8,0.0
2025-01-11,jalochi,Baramati,0.0,33.5,46,9.8,0.0
2025-01-11,medad,Baramati,0.0,33.5,46,9.8,0.0
2025-01-11,nimbut,Baramati,0.0,33.5,46,9.8,0.0
2025-01-11,songaon,Baramati,0.0,33.5,46,9.8,0.0
2025-01-11,gunawadi,Baramati,0.0,33.5,46,9.8,0.0
2025-01-11,pandare,Baramati,0.0,33.5,46,9.8,0.0
2025-01-11,korhale,Baramati,0.0,33.5,46,9.8,0.0
2025-01-11,lasalgaon,Niphad,3.3,29.5,51,14.2,2.4
2025-01-11,pimpalgaon,Niphad,3.3,29.5,51,14.2,3.9
2025-01-11,vinchur,Niphad,3.3,29.5,51,14.2,3.0
2025-01-11,ozar,Niphad,3.3,29.5,51,14.2,3.7
2025-01-11,shendurni,Jamner,0.0,34.7,48,13.7,0.0
2025-01-11,pahur,Jamner,0.0,34.7,48,13.7,0.0
2025-01-11,neri,Jamner,0.0,34.7,48,13.7,0.0
2025-01-11,lohara,Jamner,0.0,34.7,48,13.7,0.0
2025-01-12,kanheri,Baramati,0.0,32.7,51,14.5,0.0
2025-01-12,jalochi,Baramati,0.0,32.7,51,14.5,0.0
2025-01-12,medad,Baramati,0.0,32.7,51,14.5,0.0
2025-01-12,nimbut,Baramati,0.0,32.7,51,14.5,0.0
2025-01-12,songaon,Baramati,0.0,32.7,51,14.5,0.0
2025-01-12,gunawadi,Baramati,0.0,32.7,51,14.5,0.0
2025-01-12,pandare,Baramati,0.0,32.7,51,14.5,0.0
2025-01-12,korhale,Baramati,0.0,32.7,51,14.5,0.0
2025-01-12,lasalgaon,Niphad,3.6,31.5,50,14.9,2.6
2025-01-12,pimpalgaon,Niphad,3.6,31.5,50,14.9,3.1
2025-01-12,vinchur,Niphad,3.6,31.5,50,14.9,3.3
2025-01-12,ozar,Niphad,3.6,31.5,50,14.9,5.3
2025-01-12,shendurni,Jamner,3.8,31.1,60,17.5,4.8
2025-01-12,pahur,Jamner,3.8,31.1,60,17.5,2.6
2025-01-12,neri,Jamner,3.8,31.1,60,17.5,2.7
2025-01-12,lohara,Jamner,3.8,31.1,60,17.5,2.7
2025-01-13,kanheri,Baramati,0.0,32.0,48,14.5,0.0
2025-01-13,jalochi,Baramati,0.0,32.0,48,14.5,0.0
2025-01-13,medad,Baramati,0.0,32.0,48,14.5,0.0
2025-01-13,nimbut,Baramati,0.0,32.0,48,14.5,0.0
2025-01-13,songaon,Baramati,0.0,32.0,48,14.5,0.0
2025-01-13,gunawadi,Baramati,0.0,32.0,48,14.5,0.0
2025-01-13,pandare,Baramati,0.0,32.0,48,14.5,0.0
2025-01-13,korhale,Baramati,0.0,32.0,48,14.5,0.0
2025-01-13,lasalgaon,Niphad,0.0,33.0,50,11.4,0.0
2025-01-13,pimpalgaon,Niphad,0.0,33.0,50,11.4,0.0
2025-01-13,vinchur,Niphad,0.0,33.0,50,11.4,0.0
2025-01-13,ozar,Niphad,0.0,33.0,50,11.4,0.0
2025-01-13,shendurni,Jamner,0.0,32.8,58,6.5,0.0
2025-01-13,pahur,Jamner,0.0,32.8,58,6.5,0.0
2025-01-13,neri,Jamner,0.0,32.8,58,6.5,0.0
2025-01-13,lohara,Jamner,0.0,32.8,58,6.5,0.0
2025-01-14,kanheri,Baramati,0.0,34.3,43,5.6,0.0
2025-01-14,jalochi,Baramati,0.0,34.3,43,5.6,0.0
2025-01-14,medad,Baramati,0.0,34.3,43,5.6,0.0
2025-01-14,nimbut,Baramati,0.0,34.3,43,5.6,0.0
2025-01-14,songaon,Baramati,0.0,34.3,43,5.6,0.0
2025-01-14,gunawadi,Baramati,0.0,34.3,43,5.6,0.0
2025-01-14,pandare,Baramati,0.0,34.3,43,5.6,0.0
2025-01-14,korhale,Baramati,0.0,34.3,43,5.6,0.0
2025-01-14,lasalgaon,Niphad,0.0,35.3,44,18.9,0.0
2025-01-14,pimpalgaon,Niphad,0.0,35.3,44,18.9,0.0
2025-01-14,vinchur,Niphad,0.0,35.3,44,18.9,0.0
2025-01-14,ozar,Niphad,0.0,35.3,44,18.9,0.0
2025-01-14,shendurni,Jamner,0.0,34.3,55,11.4,0.0
2025-01-14,pahur,Jamner,0.0,34.3,55,11.4,0.0
2025-01-14,neri,Jamner,0.0,34.3,55,11.4,0.0
2025-01-14,lohara,Jamner,0.0,34.3,55,11.4,0.0
2025-01-15,kanheri,Baramati,0.0,32.9,49,7.7,0.0
2025-01-15,jalochi,Baramati,0.0,32.9,49,7.7,0.0
2025-01-15,medad,Baramati,0.0,32.9,49,7.7,0.0
2025-01-15,nimbut,Baramati,0.0,32.9,49,7.7,0.0
2025-01-15,songaon,Baramati,0.0,32.9,49,7.7,0.0
2025-01-15,gunawadi,Baramati,0.0,32.9,49,7.7,0.0
2025-01-15,pandare,Baramati,0.0,32.9,49,7.7,0.0
2025-01-15,korhale,Baramati,0.0,32.9,49,7.7,0.0
2025-01-15,lasalgaon,Niphad,0.0,32.5,48,12.9,0.0
2025-01-15,pimpalgaon,Niphad,0.0,32.5,48,12.9,0.0
2025-01-15,vinchur,Niphad,0.0,32.5,48,12.9,0.0
2025-01-15,ozar,Niphad,0.0,32.5,48,12.9,0.0
2025-01-15,shendurni,Jamner,0.0,32.2,51,9.3,0.0
2025-01-15,pahur,Jamner,0.0,32.2,51,9.3,0.0
2025-01-15,neri,Jamner,0.0,32.2,51,9.3,0.0
2025-01-15,lohara,Jamner,0.0,32.2,51,9.3,0.0
2025-01-16,kanheri,Baramati,4.4,31.6,48,2.0,4.1
2025-01-16,jalochi,Baramati,4.4,31.6,48,2.0,2.8
2025-01-16,medad,Baramati,4.4,31.6,48,2.0,3.9
2025-01-16,nimbut,Baramati,4.4,31.6,48,2.0,4.2
2025-01-16,songaon,Baramati,4.4,31.6,48,2.0,4.0
2025-01-16,gunawadi,Baramati,4.4,31.6,48,2.0,3.4
2025-01-16,pandare,Baramati,4.4,31.6,48,2.0,4.5
2025-01-16,korhale,Baramati,4.4,31.6,48,2.0,4.9
2025-01-16,lasalgaon,Niphad,0.0,32.9,46,8.6,0.0
2025-01-16,pimpalgaon,Niphad,0.0,32.9,46,8.6,0.0
2025-01-16,vinchur,Niphad,0.0,32.9,46,8.6,0.0
2025-01-16,ozar,Niphad,0.0,32.9,46,8.6,0.0
2025-01-16,shendurni,Jamner,0.0,32.7,54,6.4,0.0
2025-01-16,pahur,Jamner,0.0,32.7,54,6.4,0.0
2025-01-16,neri,Jamner,0.0,32.7,54,6.4,0.0
2025-01-16,lohara,Jamner,0.0,32.7,54,6.4,0.0
2025-01-17,kanheri,Baramati,0.0,32.4,48,3.9,0.0
2025-01-17,jalochi,Baramati,0.0,32.4,48,3.9,0.0
2025-01-17,medad,Baramati,0.0,32.4,48,3.9,0.0
2025-01-17,nimbut,Baramati,0.0,32.4,48,3.9,0.0
2025-01-17,songaon,Baramati,0.0,32.4,48,3.9,0.0
2025-01-17,gunawadi,Baramati,0.0,32.4,48,3.9,0.0
2025-01-17,pandare,Baramati,0.0,32.4,48,3.9,0.0
2025-01-17,korhale,Baramati,0.0,32.4,48,3.9,0.0
2025-01-17,lasalgaon,Niphad,0.0,33.5,52,8.0,0.0
2025-01-17,pimpalgaon,Niphad,0.0,33.5,52,8.0,0.0
2025-01-17,vinchur,Niphad,0.0,33.5,52,8.0,0.0
2025-01-17,ozar,Niphad,0.0,33.5,52,8.0,0.0
2025-01-17,shendurni,Jamner,4.5,31.5,50,12.0,4.1
2025-01-17,pahur,Jamner,4.5,31.5,50,12.0,5.2
2025-01-17,neri,Jamner,4.5,31.5,50,12.0,3.1
2025-01-17,lohara,Jamner,4.5,31.5,50,12.0,3.3
2025-01-18,kanheri,Baramati,0.0,33.8,54,3.8,0.0
2025-01-18,jalochi,Baramati,0.0,33.8,54,3.8,0.0
2025-01-18,medad,Baramati,0.0,33.8,54,3.8,0.0
2025-01-18,nimbut,Baramati,0.0,33.8,54,3.8,0.0
2025-01-18,songaon,Baramati,0.0,33.8,54,3.8,0.0
2025-01-18,gunawadi,Baramati,0.0,33.8,54,3.8,0.0
2025-01-18,pandare,Baramati,0.0,33.8,54,3.8,0.0
2025-01-18,korhale,Baramati,0.0,33.8,54,3.8,0.0
2025-01-18,lasalgaon,Niphad,0.0,31.7,53,6.6,0.0
2025-01-18,pimpalgaon,Niphad,0.0,31.7,53,6.6,0.0
2025-01-18,vinchur,Niphad,0.0,31.7,53,6.6,0.0
2025-01-18,ozar,Niphad,0.0,31.7,53,6.6,0.0
2025-01-18,shendurni,Jamner,0.0,32.6,52,11.5,0.0
2025-01-18,pahur,Jamner,0.0,32.6,52,11.5,0.0
2025-01-18,neri,Jamner,0.0,32.6,52,11.5,0.0
2025-01-18,lohara,Jamner,0.0,32.6,52,11.5,0.0
2025-01-19,kanheri,Baramati,0.0,33.3,52,15.1,0.0
2025-01-19,jalochi,Baramati,0.0,33.3,52,15.1,0.0
2025-01-19,medad,Baramati,0.0,33.3,52,15.1,0.0
2025-01-19,nimbut,Baramati,0.0,33.3,52,15.1,0.0
2025-01-19,songaon,Baramati,0.0,33.3,52,15.1,0.0
2025-01-19,gunawadi,Baramati,0.0,33.3,52,15.1,0.0
2025-01-19,pandare,Baramati,0.0,33.3,52,15.1,0.0
2025-01-19,korhale,Baramati,0.0,33.3,52,15.1,0.0
2025-01-19,lasalgaon,Niphad,0.0,34.1,56,4.7,0.0
2025-01-19,pimpalgaon,Niphad,0.0,34.1,56,4.7,0.0
2025-01-19,vinchur,Niphad,0.0,34.1,56,4.7,0.0
2025-01-19,ozar,Niphad,0.0,34.1,56,4.7,0.0
2025-01-19,shendurni,Jamner,0.0,32.1,52,9.8,0.0
2025-01-19,pahur,Jamner,0.0,32.1,52,9.8,0.0
2025-01-19,neri,Jamner,0.0,32.1,52,9.8,0.0
2025-01-19,lohara,Jamner,0.0,32.1,52,9.8,0.0
2025-01-20,kanheri,Baramati,0.0,33.3,51,9.2,0.0
2025-01-20,jalochi,Baramati,0.0,33.3,51,9.2,0.0
2025-01-20,medad,Baramati,0.0,33.3,51,9.2,0.0
2025-01-20,nimbut,Baramati,0.0,33.3,51,9.2,0.0
2025-01-20,songaon,Baramati,0.0,33.3,51,9.2,0.0
2025-01-20,gunawadi,Baramati,0.0,33.3,51,9.2,0.0
2025-01-20,pandare,Baramati,0.0,33.3,51,9.2,0.0
2025-01-20,korhale,Baramati,0.0,33.3,51,9.2,0.0
2025-01-20,lasalgaon,Niphad,0.0,34.0,58,9.4,0.0
2025-01-20,pimpalgaon,Niphad,0.0,34.0,58,9.4,0.0
2025-01-20,vinchur,Niphad,0.0,34.0,58,9.4,0.0
2025-01-20,ozar,Niphad,0.0,34.0,58,9.4,0.0
2025-01-20,shendurni,Jamner,0.0,32.5,51,8.8,0.0
2025-01-20,pahur,Jamner,0.0,32.5,51,8.8,0.0
2025-01-20,neri,Jamner,0.0,32.5,51,8.8,0.0
2025-01-20,lohara,Jamner,0.0,32.5,51,8.8,0.0
2025-01-21,kanheri,Baramati,0.0,32.6,48,11.0,0.0
2025-01-21,jalochi,Baramati,0.0,32.6,48,11.0,0.0
2025-01-21,medad,Baramati,0.0,32.6,48,11.0,0.0
2025-01-21,nimbut,Baramati,0.0,32.6,48,11.0,0.0
2025-01-21,songaon,Baramati,0.0,32.6,48,11.0,0.0
2025-01-21,gunawadi,Baramati,0.0,32.6,48,11.0,0.0
2025-01-21,pandare,Baramati,0.0,32.6,48,11.0,0.0
2025-01-21,korhale,Baramati,0.0,32.6,48,11.0,0.0
2025-01-21,lasalgaon,Niphad,0.0,31.6,56,8.9,0.0
2025-01-21,pimpalgaon,Niphad,0.0,31.6,56,8.9,0.0
2025-01-21,vinchur,Niphad,0.0,31.6,56,8.9,0.0
2025-01-21,ozar,Niphad,0.0,31.6,56,8.9,0.0
2025-01-21,shendurni,Jamner,0.0,33.0,46,8.4,0.0
2025-01-21,pahur,Jamner,0.0,33.0,46,8.4,0.0
2025-01-21,neri,Jamner,0.0,33.0,46,8.4,0.0
2025-01-21,lohara,Jamner,0.0,33.0,46,8.4,0.0
2025-01-22,kanheri,Baramati,0.0,34.6,48,10.9,0.0
2025-01-22,jalochi,Baramati,0.0,34.6,48,10.9,0.0
2025-01-22,medad,Baramati,0.0,34.6,48,10.9,0.0
2025-01-22,nimbut,Baramati,0.0,34.6,48,10.9,0.0
2025-01-22,songaon,Baramati,0.0,34.6,48,10.9,0.0
2025-01-22,gunawadi,Baramati,0.0,34.6,48,10.9,0.0
2025-01-22,pandare,Baramati,0.0,34.6,48,10.9,0.0
2025-01-22,korhale,Baramati,0.0,34.6,48,10.9,0.0
2025-01-22,lasalgaon,Niphad,0.0,32.8,46,8.7,0.0
2025-01-22,pimpalgaon,Niphad,0.0,32.8,46,8.7,0.0
2025-01-22,vinchur,Niphad,0.0,32.8,46,8.7,0.0
2025-01-22,ozar,Niphad,0.0,32.8,46,8.7,0.0
2025-01-22,shendurni,Jamner,0.0,31.2,46,8.9,0.0
2025-01-22,pahur,Jamner,0.0,31.2,46,8.9,0.0
2025-01-22,neri,Jamner,0.0,31.2,46,8.9,0.0
2025-01-22,lohara,Jamner,0.0,31.2,46,8.9,0.0
2025-01-23,kanheri,Baramati,0.0,32.9,50,12.9,0.0
2025-01-23,jalochi,Baramati,0.0,32.9,50,12.9,0.0
2025-01-23,medad,Baramati,0.0,32.9,50,12.9,0.0
2025-01-23,nimbut,Baramati,0.0,32.9,50,12.9,0.0
2025-01-23,songaon,Baramati,0.0,32.9,50,12.9,0.0
2025-01-23,gunawadi,Baramati,0.0,32.9,50,12.9,0.0
2025-01-23,pandare,Baramati,0.0,32.9,50,12.9,0.0
2025-01-23,korhale,Baramati,0.0,32.9,50,12.9,0.0
2025-01-23,lasalgaon,Niphad,0.0,34.4,48,9.2,0.0
2025-01-23,pimpalgaon,Niphad,0.0,34.4,48,9.2,0.0
2025-01-23,vinchur,Niphad,0.0,34.4,48,9.2,0.0
2025-01-23,ozar,Niphad,0.0,34.4,48,9.2,0.0
2025-01-23,shendurni,Jamner,0.0,34.2,50,6.4,0.0
2025-01-23,pahur,Jamner,0.0,34.2,50,6.4,0.0
2025-01-23,neri,Jamner,0.0,34.2,50,6.4,0.0
2025-01-23,lohara,Jamner,0.0,34.2,50,6.4,0.0
2025-01-24,kanheri,Baramati,0.0,33.6,40,6.9,0.0
2025-01-24,jalochi,Baramati,0.0,33.6,40,6.9,0.0
2025-01-24,medad,Baramati,0.0,33.6,40,6.9,0.0
2025-01-24,nimbut,Baramati,0.0,33.6,40,6.9,0.0
2025-01-24,songaon,Baramati,0.0,33.6,40,6.9,0.0
2025-01-24,gunawadi,Baramati,0.0,33.6,40,6.9,0.0
2025-01-24,pandare,Baramati,0.0,33.6,40,6.9,0.0
2025-01-24,korhale,Baramati,0.0,33.6,40,6.9,0.0
2025-01-24,lasalgaon,Niphad,0.0,32.7,52,17.4,0.0
2025-01-24,pimpalgaon,Niphad,0.0,32.7,52,17.4,0.0
2025-01-24,vinchur,Niphad,0.0,32.7,52,17.4,0.0
2025-01-24,ozar,Niphad,0.0,32.7,52,17.4,0.0
2025-01-24,shendurni,Jamner,8.5,31.8,55,4.3,8.1
2025-01-24,pahur,Jamner,8.5,31.8,55,4.3,6.2
2025-01-24,neri,Jamner,8.5,31.8,55,4.3,7.4
2025-01-24,lohara,Jamner,8.5,31.8,55,4.3,6.9
2025-01-25,kanheri,Baramati,11.8,32.1,55,10.0,10.5
2025-01-25,jalochi,Baramati,11.8,32.1,55,10.0,10.4
2025-01-25,medad,Baramati,11.8,32.1,55,10.0,12.9
2025-01-25,nimbut,Baramati,11.8,32.1,55,10.0,11.2
2025-01-25,songaon,Baramati,11.8,32.1,55,10.0,9.3
2025-01-25,gunawadi,Baramati,11.8,32.1,55,10.0,13.8
2025-01-25,pandare,Baramati,11.8,32.1,55,10.0,10.7
2025-01-25,korhale,Baramati,11.8,32.1,55,10.0,13.1
2025-01-25,lasalgaon,Niphad,0.0,33.1,52,10.6,0.0
2025-01-25,pimpalgaon,Niphad,0.0,33.1,52,10.6,0.0
2025-01-25,vinchur,Niphad,0.0,33.1,52,10.6,0.0
2025-01-25,ozar,Niphad,0.0,33.1,52,10.6,0.0
2025-01-25,shendurni,Jamner,0.0,33.1,47,9.2,0.0
2025-01-25,pahur,Jamner,0.0,33.1,47,9.2,0.0
2025-01-25,neri,Jamner,0.0,33.1,47,9.2,0.0
2025-01-25,lohara,Jamner,0.0,33.1,47,9.2,0.0
2025-01-26,kanheri,Baramati,7.6,32.6,51,13.1,8.0
2025-01-26,jalochi,Baramati,7.6,32.6,51,13.1,7.7
2025-01-26,medad,Baramati,7.6,32.6,51,13.1,7.9
2025-01-26,nimbut,Baramati,7.6,32.6,51,13.1,7.3
2025-01-26,songaon,Baramati,7.6,32.6,51,13.1,6.9
2025-01-26,gunawadi,Baramati,7.6,32.6,51,13.1,6.2
2025-01-26,pandare,Baramati,7.6,32.6,51,13.1,8.2
2025-01-26,korhale,Baramati,7.6,32.6,51,13.1,8.7
2025-01-26,lasalgaon,Niphad,0.0,33.6,43,2.0,0.0
2025-01-26,pimpalgaon,Niphad,0.0,33.6,43,2.0,0.0
2025-01-26,vinchur,Niphad,0.0,33.6,43,2.0,0.0
2025-01-26,ozar,Niphad,0.0,33.6,43,2.0,0.0
2025-01-26,shendurni,Jamner,0.0,32.9,50,2.3,0.0
2025-01-26,pahur,Jamner,0.0,32.9,50,2.3,0.0
2025-01-26,neri,Jamner,0.0,32.9,50,2.3,0.0
2025-01-26,lohara,Jamner,0.0,32.9,50,2.3,0.0
2025-01-27,kanheri,Baramati,0.0,31.1,50,13.5,0.0
2025-01-27,jalochi,Baramati,0.0,31.1,50,13.5,0.0
2025-01-27,medad,Baramati,0.0,31.1,50,13.5,0.0
2025-01-27,nimbut,Baramati,0.0,31.1,50,13.5,0.0
2025-01-27,songaon,Baramati,0.0,31.1,50,13.5,0.0
2025-01-27,gunawadi,Baramati,0.0,31.1,50,13.5,0.0
2025-01-27,pandare,Baramati,0.0,31.1,50,13.5,0.0
2025-01-27,korhale,Baramati,0.0,31.1,50,13.5,0.0
2025-01-27,lasalgaon,Niphad,0.0,32.4,53,5.4,0.0
2025-01-27,pimpalgaon,Niphad,0.0,32.4,53,5.4,0.0
2025-01-27,vinchur,Niphad,0.0,32.4,53,5.4,0.0
2025-01-27,ozar,Niphad,0.0,32.4,53,5.4,0.0
2025-01-27,shendurni,Jamner,0.0,33.5,52,3.4,0.0
2025-01-27,pahur,Jamner,0.0,33.5,52,3.4,0.0
2025-01-27,neri,Jamner,0.0,33.5,52,3.4,0.0
2025-01-27,lohara,Jamner,0.0,33.5,52,3.4,0.0
2025-01-28,kanheri,Baramati,0.0,32.8,53,6.5,0.0
2025-01-28,jalochi,Baramati,0.0,32.8,53,6.5,0.0
2025-01-28,medad,Baramati,0.0,32.8,53,6.5,0.0
2025-01-28,nimbut,Baramati,0.0,32.8,53,6.5,0.0
2025-01-28,songaon,Baramati,0.0,32.8,53,6.5,0.0
2025-01-28,gunawadi,Baramati,0.0,32.8,53,6.5,0.0
2025-01-28,pandare,Baramati,0.0,32.8,53,6.5,0.0
2025-01-28,korhale,Baramati,0.0,32.8,53,6.5,0.0
2025-01-28,lasalgaon,Niphad,9.0,29.0,59,8.1,6.5
2025-01-28,pimpalgaon,Niphad,9.0,29.0,59,8.1,6.9
2025-01-28,vinchur,Niphad,9.0,29.0,59,8.1,9.0
2025-01-28,ozar,Niphad,9.0,29.0,59,8.1,11.9
2025-01-28,shendurni,Jamner,0.5,32.6,53,8.8,0.5
2025-01-28,pahur,Jamner,0.5,32.6,53,8.8,0.5
2025-01-28,neri,Jamner,0.5,32.6,53,8.8,0.4
2025-01-28,lohara,Jamner,0.5,32.6,53,8.8,0.3
2025-01-29,kanheri,Baramati,0.0,32.0,43,12.0,0.0
2025-01-29,jalochi,Baramati,0.0,32.0,43,12.0,0.0
2025-01-29,medad,Baramati,0.0,32.0,43,12.0,0.0
2025-01-29,nimbut,Baramati,0.0,32.0,43,12.0,0.0
2025-01-29,songaon,Baramati,0.0,32.0,43,12.0,0.0
2025-01-29,gunawadi,Baramati,0.0,32.0,43,12.0,0.0
2025-01-29,pandare,Baramati,0.0,32.0,43,12.0,0.0
2025-01-29,korhale,Baramati,0.0,32.0,43,12.0,0.0
2025-01-29,lasalgaon,Niphad,0.0,34.7,46,4.5,0.0
2025-01-29,pimpalgaon,Niphad,0.0,34.7,46,4.5,0.0
2025-01-29,vinchur,Niphad,0.0,34.7,46,4.5,0.0
2025-01-29,ozar,Niphad,0.0,34.7,46,4.5,0.0
2025-01-29,shendurni,Jamner,4.0,31.0,52,11.6,3.9
2025-01-29,pahur,Jamner,4.0,31.0,52,11.6,4.9
2025-01-29,neri,Jamner,4.0,31.0,52,11.6,3.8
2025-01-29,lohara,Jamner,4.0,31.0,52,11.6,2.6
2025-01-30,kanheri,Baramati,0.0,34.2,51,4.1,0.0
2025-01-30,jalochi,Baramati,0.0,34.2,51,4.1,0.0
2025-01-30,medad,Baramati,0.0,34.2,51,4.1,0.0
2025-01-30,nimbut,Baramati,0.0,34.2,51,4.1,0.0
2025-01-30,songaon,Baramati,0.0,34.2,51,4.1,0.0
2025-01-30,gunawadi,Baramati,0.0,34.2,51,4.1,0.0
2025-01-30,pandare,Baramati,0.0,34.2,51,4.1,0.0
2025-01-30,korhale,Baramati,0.0,34.2,51,4.1,0.0
2025-01-30,lasalgaon,Niphad,0.0,33.3,56,5.9,0.0
2025-01-30,pimpalgaon,Niphad,0.0,33.3,56,5.9,0.0
2025-01-30,vinchur,Niphad,0.0,33.3,56,5.9,0.0
2025-01-30,ozar,Niphad,0.0,33.3,56,5.9,0.0
2025-01-30,shendurni,Jamner,0.0,34.7,47,15.8,0.0
2025-01-30,pahur,Jamner,0.0,34.7,47,15.8,0.0
2025-01-30,neri,Jamner,0.0,34.7,47,15.8,0.0
2025-01-30,lohara,Jamner,0.0,34.7,47,15.8,0.0
2025-01-31,kanheri,Baramati,0.0,32.8,52,12.2,0.0
2025-01-31,jalochi,Baramati,0.0,32.8,52,12.2,0.0
2025-01-31,medad,Baramati,0.0,32.8,52,12.2,0.0
2025-01-31,nimbut,Baramati,0.0,32.8,52,12.2,0.0
2025-01-31,songaon,Baramati,0.0,32.8,52,12.2,0.0
2025-01-31,gunawadi,Baramati,0.0,32.8,52,12.2,0.0
2025-01-31,pandare,Baramati,0.0,32.8,52,12.2,0.0
2025-01-31,korhale,Baramati,0.0,32.8,52,12.2,0.0
2025-01-31,lasalgaon,Niphad,0.0,33.6,47,4.1,0.0
2025-01-31,pimpalgaon,Niphad,0.0,33.6,47,4.1,0.0
2025-01-31,vinchur,Niphad,0.0,33.6,47,4.1,0.0
2025-01-31,ozar,Niphad,0.0,33.6,47,4.1,0.0
2025-01-31,shendurni,Jamner,0.0,33.5,51,6.7,0.0
2025-01-31,pahur,Jamner,0.0,33.5,51,6.7,0.0
2025-01-31,neri,Jamner,0.0,33.5,51,6.7,0.0
2025-01-31,lohara,Jamner,0.0,33.5,51,6.7,0.0
2025-02-01,kanheri,Baramati,0.0,32.2,51,12.4,0.0
2025-02-01,jalochi,Baramati,0.0,32.2,51,12.4,0.0
2025-02-01,medad,Baramati,0.0,32.2,51,12.4,0.0
2025-02-01,nimbut,Baramati,0.0,32.2,51,12.4,0.0
2025-02-01,songaon,Baramati,0.0,32.2,51,12.4,0.0
2025-02-01,gunawadi,Baramati,0.0,32.2,51,12.4,0.0
2025-02-01,pandare,Baramati,0.0,32.2,51,12.4,0.0
2025-02-01,korhale,Baramati,0.0,32.2,51,12.4,0.0
2025-02-01,lasalgaon,Niphad,0.0,33.0,52,10.3,0.0
2025-02-01,pimpalgaon,Niphad,0.0,33.0,52,10.3,0.0
2025-02-01,vinchur,Niphad,0.0,33.0,52,10.3,0.0
2025-02-01,ozar,Niphad,0.0,33.0,52,10.3,0.0
2025-02-01,shendurni,Jamner,0.0,32.8,48,7.5,0.0
2025-02-01,pahur,Jamner,0.0,32.8,48,7.5,0.0
2025-02-01,neri,Jamner,0.0,32.8,48,7.5,0.0
2025-02-01,lohara,Jamner,0.0,32.8,48,7.5,0.0
2025-02-02,kanheri,Baramati,0.0,31.0,55,16.8,0.0
2025-02-02,jalochi,Baramati,0.0,31.0,55,16.8,0.0
2025-02-02,medad,Baramati,0.0,31.0,55,16.8,0.0
2025-02-02,nimbut,Baramati,0.0,31.0,55,16.8,0.0
2025-02-02,songaon,Baramati,0.0,31.0,55,16.8,0.0
2025-02-02,gunawadi,Baramati,0.0,31.0,55,16.8,0.0
2025-02-02,pandare,Baramati,0.0,31.0,55,16.8,0.0
2025-02-02,korhale,Baramati,0.0,31.0,55,16.8,0.0
2025-02-02,lasalgaon,Niphad,0.0,34.0,52,7.2,0.0
2025-02-02,pimpalgaon,Niphad,0.0,34.0,52,7.2,0.0
2025-02-02,vinchur,Niphad,0.0,34.0,52,7.2,0.0
2025-02-02,ozar,Niphad,0.0,34.0,52,7.2,0.0
2025-02-02,shendurni,Jamner,0.0,33.5,49,4.5,0.0
2025-02-02,pahur,Jamner,0.0,33.5,49,4.5,0.0
2025-02-02,neri,Jamner,0.0,33.5,49,4.5,0.0
2025-02-02,lohara,Jamner,0.0,33.5,49,4.5,0.0
2025-02-03,kanheri,Baramati,0.0,32.7,53,9.9,0.0
2025-02-03,jalochi,Baramati,0.0,32.7,53,9.9,0.0
2025-02-03,medad,Baramati,0.0,32.7,53,9.9,0.0
2025-02-03,nimbut,Baramati,0.0,32.7,53,9.9,0.0
2025-02-03,songaon,Baramati,0.0,32.7,53,9.9,0.0
2025-02-03,gunawadi,Baramati,0.0,32.7,53,9.9,0.0
2025-02-03,pandare,Baramati,0.0,32.7,53,9.9,0.0
2025-02-03,korhale,Baramati,0.0,32.7,53,9.9,0.0
2025-02-03,lasalgaon,Niphad,0.0,31.9,55,16.3,0.0
2025-02-03,pimpalgaon,Niphad,0.0,31.9,55,16.3,0.0
2025-02-03,vinchur,Niphad,0.0,31.9,55,16.3,0.0
2025-02-03,ozar,Niphad,0.0,31.9,55,16.3,0.0
2025-02-03,shendurni,Jamner,0.0,30.8,47,13.4,0.0
2025-02-03,pahur,Jamner,0.0,30.8,47,13.4,0.0
2025-02-03,neri,Jamner,0.0,30.8,47,13.4,0.0
2025-02-03,lohara,Jamner,0.0,30.8,47,13.4,0.0
2025-02-04,kanheri,Baramati,0.0,33.9,48,15.2,0.0
2025-02-04,jalochi,Baramati,0.0,33.9,48,15.2,0.0
2025-02-04,medad,Baramati,0.0,33.9,48,15.2,0.0
2025-02-04,nimbut,Baramati,0.0,33.9,48,15.2,0.0
2025-02-04,songaon,Baramati,0.0,33.9,48,15.2,0.0
2025-02-04,gunawadi,Baramati,0.0,33.9,48,15.2,0.0
2025-02-04,pandare,Baramati,0.0,33.9,48,15.2,0.0
2025-02-04,korhale,Baramati,0.0,33.9,48,15.2,0.0
2025-02-04,lasalgaon,Niphad,0.0,33.5,45,16.2,0.0
2025-02-04,pimpalgaon,Niphad,0.0,33.5,45,16.2,0.0
2025-02-04,vinchur,Niphad,0.0,33.5,45,16.2,0.0
2025-02-04,ozar,Niphad,0.0,33.5,45,16.2,0.0
2025-02-04,shendurni,Jamner,0.0,32.9,55,8.4,0.0
2025-02-04,pahur,Jamner,0.0,32.9,55,8.4,0.0
2025-02-04,neri,Jamner,0.0,32.9,55,8.4,0.0
2025-02-04,lohara,Jamner,0.0,32.9,55,8.4,0.0
2025-02-05,kanheri,Baramati,4.9,33.7,55,7.3,4.4
2025-02-05,jalochi,Baramati,4.9,33.7,55,7.3,4.6
2025-02-05,medad,Baramati,4.9,33.7,55,7.3,5.5
2025-02-05,nimbut,Baramati,4.9,33.7,55,7.3,6.1
2025-02-05,songaon,Baramati,4.9,33.7,55,7.3,4.8
2025-02-05,gunawadi,Baramati,4.9,33.7,55,7.3,4.4
2025-02-05,pandare,Baramati,4.9,33.7,55,7.3,3.3
2025-02-05,korhale,Baramati,4.9,33.7,55,7.3,4.4
2025-02-05,lasalgaon,Niphad,0.0,33.1,52,5.2,0.0
2025-02-05,pimpalgaon,Niphad,0.0,33.1,52,5.2,0.0
2025-02-05,vinchur,Niphad,0.0,33.1,52,5.2,0.0
2025-02-05,ozar,Niphad,0.0,33.1,52,5.2,0.0
2025-02-05,shendurni,Jamner,4.4,32.7,47,8.7,4.3
2025-02-05,pahur,Jamner,4.4,32.7,47,8.7,3.6
2025-02-05,neri,Jamner,4.4,32.7,47,8.7,3.6
2025-02-05,lohara,Jamner,4.4,32.7,47,8.7,3.5
2025-02-06,kanheri,Baramati,0.0,31.2,45,5.8,0.0
2025-02-06,jalochi,Baramati,0.0,31.2,45,5.8,0.0
2025-02-06,medad,Baramati,0.0,31.2,45,5.8,0.0
2025-02-06,nimbut,Baramati,0.0,31.2,45,5.8,0.0
2025-02-06,songaon,Baramati,0.0,31.2,45,5.8,0.0
2025-02-06,gunawadi,Baramati,0.0,31.2,45,5.8,0.0
2025-02-06,pandare,Baramati,0.0,31.2,45,5.8,0.0
2025-02-06,korhale,Baramati,0.0,31.2,45,5.8,0.0
2025-02-06,lasalgaon,Niphad,0.0,31.6,51,10.3,0.0
2025-02-06,pimpalgaon,Niphad,0.0,31.6,51,10.3,0.0
2025-02-06,vinchur,Niphad,0.0,31.6,51,10.3,0.0
2025-02-06,ozar,Niphad,0.0,31.6,51,10.3,0.0
2025-02-06,shendurni,Jamner,0.0,31.2,46,13.3,0.0
2025-02-06,pahur,Jamner,0.0,31.2,46,13.3,0.0
2025-02-06,neri,Jamner,0.0,31.2,46,13.3,0.0
2025-02-06,lohara,Jamner,0.0,31.2,46,13.3,0.0
2025-02-07,kanheri,Baramati,0.0,32.6,50,2.0,0.0
2025-02-07,jalochi,Baramati,0.0,32.6,50,2.0,0.0
2025-02-07,medad,Baramati,0.0,32.6,50,2.0,0.0
2025-02-07,nimbut,Baramati,0.0,32.6,50,2.0,0.0
2025-02-07,songaon,Baramati,0.0,32.6,50,2.0,0.0
2025-02-07,gunawadi,Baramati,0.0,32.6,50,2.0,0.0
2025-02-07,pandare,Baramati,0.0,32.6,50,2.0,0.0
2025-02-07,korhale,Baramati,0.0,32.6,50,2.0,0.0
2025-02-07,lasalgaon,Niphad,0.0,31.8,56,14.5,0.0
2025-02-07,pimpalgaon,Niphad,0.0,31.8,56,14.5,0.0
2025-02-07,vinchur,Niphad,0.0,31.8,56,14.5,0.0
2025-02-07,ozar,Niphad,0.0,31.8,56,14.5,0.0
2025-02-07,shendurni,Jamner,0.0,33.4,50,16.0,0.0
2025-02-07,pahur,Jamner,0.0,33.4,50,16.0,0.0
2025-02-07,neri,Jamner,0.0,33.4,50,16.0,0.0
2025-02-07,lohara,Jamner,0.0,33.4,50,16.0,0.0
2025-02-08,kanheri,Baramati,0.0,33.0,49,4.8,0.0
2025-02-08,jalochi,Baramati,0.0,33.0,49,4.8,0.0
2025-02-08,medad,Baramati,0.0,33.0,49,4.8,0.0
2025-02-08,nimbut,Baramati,0.0,33.0,49,4.8,0.0
2025-02-08,songaon,Baramati,0.0,33.0,49,4.8,0.0
2025-02-08,gunawadi,Baramati,0.0,33.0,49,4.8,0.0
2025-02-08,pandare,Baramati,0.0,33.0,49,4.8,0.0
2025-02-08,korhale,Baramati,0.0,33.0,49,4.8,0.0
2025-02-08,lasalgaon,Niphad,0.0,33.6,45,3.0,0.0
2025-02-08,pimpalgaon,Niphad,0.0,33.6,45,3.0,0.0
2025-02-08,vinchur,Niphad,0.0,33.6,45,3.0,0.0
2025-02-08,ozar,Niphad,0.0,33.6,45,3.0,0.0
2025-02-08,shendurni,Jamner,0.0,31.8,48,5.0,0.0
2025-02-08,pahur,Jamner,0.0,31.8,48,5.0,0.0
2025-02-08,neri,Jamner,0.0,31.8,48,5.0,0.0
2025-02-08,lohara,Jamner,0.0,31.8,48,5.0,0.0
2025-02-09,kanheri,Baramati,0.0,32.4,52,9.2,0.0
2025-02-09,jalochi,Baramati,0.0,32.4,52,9.2,0.0
2025-02-09,medad,Baramati,0.0,32.4,52,9.2,0.0
2025-02-09,nimbut,Baramati,0.0,32.4,52,9.2,0.0
2025-02-09,songaon,Baramati,0.0,32.4,52,9.2,0.0
2025-02-09,gunawadi,Baramati,0.0,32.4,52,9.2,0.0
2025-02-09,pandare,Baramati,0.0,32.4,52,9.2,0.0
2025-02-09,korhale,Baramati,0.0,32.4,52,9.2,0.0
2025-02-09,lasalgaon,Niphad,0.0,32.1,48,3.7,0.0
2025-02-09,pimpalgaon,Niphad,0.0,32.1,48,3.7,0.0
2025-02-09,vinchur,Niphad,0.0,32.1,48,3.7,0.0
2025-02-09,ozar,Niphad,0.0,32.1,48,3.7,0.0
2025-02-09,shendurni,Jamner,0.0,32.9,46,10.6,0.0
2025-02-09,pahur,Jamner,0.0,32.9,46,10.6,0.0
2025-02-09,neri,Jamner,0.0,32.9,46,10.6,0.0
2025-02-09,lohara,Jamner,0.0,32.9,46,10.6,0.0
2025-02-10,kanheri,Baramati,0.0,32.1,43,16.5,0.0
2025-02-10,jalochi,Baramati,0.0,32.1,43,16.5,0.0
2025-02-10,medad,Baramati,0.0,32.1,43,16.5,0.0
2025-02-10,nimbut,Baramati,0.0,32.1,43,16.5,0.0
2025-02-10,songaon,Baramati,0.0,32.1,43,16.5,0.0
2025-02-10,gunawadi,Baramati,0.0,32.1,43,16.5,0.0
2025-02-10,pandare,Baramati,0.0,32.1,43,16.5,0.0
2025-02-10,korhale,Baramati,0.0,32.1,43,16.5,0.0
2025-02-10,lasalgaon,Niphad,0.0,30.7,51,10.7,0.0
2025-02-10,pimpalgaon,Niphad,0.0,30.7,51,10.7,0.0
2025-02-10,vinchur,Niphad,0.0,30.7,51,10.7,0.0
2025-02-10,ozar,Niphad,0.0,30.7,51,10.7,0.0
2025-02-10,shendurni,Jamner,0.0,32.5,46,2.7,0.0
2025-02-10,pahur,Jamner,0.0,32.5,46,2.7,0.0
2025-02-10,neri,Jamner,0.0,32.5,46,2.7,0.0
2025-02-10,lohara,Jamner,0.0,32.5,46,2.7,0.0
2025-02-11,kanheri,Baramati,0.0,34.7,48,6.0,0.0
2025-02-11,jalochi,Baramati,0.0,34.7,48,6.0,0.0
2025-02-11,medad,Baramati,0.0,34.7,48,6.0,0.0
2025-02-11,nimbut,Baramati,0.0,34.7,48,6.0,0.0
2025-02-11,songaon,Baramati,0.0,34.7,48,6.0,0.0
2025-02-11,gunawadi,Baramati,0.0,34.7,48,6.0,0.0
2025-02-11,pandare,Baramati,0.0,34.7,48,6.0,0.0
2025-02-11,korhale,Baramati,0.0,34.7,48,6.0,0.0
2025-02-11,lasalgaon,Niphad,0.0,32.8,42,6.5,0.0
2025-02-11,pimpalgaon,Niphad,0.0,32.8,42,6.5,0.0
2025-02-11,vinchur,Niphad,0.0,32.8,42,6.5,0.0
2025-02-11,ozar,Niphad,0.0,32.8,42,6.5,0.0
2025-02-11,shendurni,Jamner,0.0,33.3,43,14.4,0.0
2025-02-11,pahur,Jamner,0.0,33.3,43,14.4,0.0
2025-02-11,neri,Jamner,0.0,33.3,43,14.4,0.0
2025-02-11,lohara,Jamner,0.0,33.3,43,14.4,0.0
2025-02-12,kanheri,Baramati,0.0,32.3,60,8.0,0.0
2025-02-12,jalochi,Baramati,0.0,32.3,60,8.0,0.0
2025-02-12,medad,Baramati,0.0,32.3,60,8.0,0.0
2025-02-12,nimbut,Baramati,0.0,32.3,60,8.0,0.0
2025-02-12,songaon,Baramati,0.0,32.3,60,8.0,0.0
2025-02-12,gunawadi,Baramati,0.0,32.3,60,8.0,0.0
2025-02-12,pandare,Baramati,0.0,32.3,60,8.0,0.0
2025-02-12,korhale,Baramati,0.0,32.3,60,8.0,0.0
2025-02-12,lasalgaon,Niphad,0.0,30.8,45,7.1,0.0
2025-02-12,pimpalgaon,Niphad,0.0,30.8,45,7.1,0.0
2025-02-12,vinchur,Niphad,0.0,30.8,45,7.1,0.0
2025-02-12,ozar,Niphad,0.0,30.8,45,7.1,0.0
2025-02-12,shendurni,Jamner,0.0,35.1,45,8.4,0.0
2025-02-12,pahur,Jamner,0.0,35.1,45,8.4,0.0
2025-02-12,neri,Jamner,0.0,35.1,45,8.4,0.0
2025-02-12,lohara,Jamner,0.0,35.1,45,8.4,0.0
2025-02-13,kanheri,Baramati,0.0,31.8,47,8.8,0.0
2025-02-13,jalochi,Baramati,0.0,31.8,47,8.8,0.0
2025-02-13,medad,Baramati,0.0,31.8,47,8.8,0.0
2025-02-13,nimbut,Baramati,0.0,31.8,47,8.8,0.0
2025-02-13,songaon,Baramati,0.0,31.8,47,8.8,0.0
2025-02-13,gunawadi,Baramati,0.0,31.8,47,8.8,0.0
2025-02-13,pandare,Baramati,0.0,31.8,47,8.8,0.0
2025-02-13,korhale,Baramati,0.0,31.8,47,8.8,0.0
2025-02-13,lasalgaon,Niphad,0.0,32.9,50,10.1,0.0
2025-02-13,pimpalgaon,Niphad,0.0,32.9,50,10.1,0.0
2025-02-13,vinchur,Niphad,0.0,32.9,50,10.1,0.0
2025-02-13,ozar,Niphad,0.0,32.9,50,10.1,0.0
2025-02-13,shendurni,Jamner,0.0,34.1,54,5.9,0.0
2025-02-13,pahur,Jamner,0.0,34.1,54,5.9,0.0
2025-02-13,neri,Jamner,0.0,34.1,54,5.9,0.0
2025-02-13,lohara,Jamner,0.0,34.1,54,5.9,0.0
2025-02-14,kanheri,Baramati,5.8,33.6,58,12.7,5.7
2025-02-14,jalochi,Baramati,5.8,33.6,58,12.7,5.1
2025-02-14,medad,Baramati,5.8,33.6,58,12.7,7.0
2025-02-14,nimbut,Baramati,5.8,33.6,58,12.7,8.2
2025-02-14,songaon,Baramati,5.8,33.6,58,12.7,5.6
2025-02-14,gunawadi,Baramati,5.8,33.6,58,12.7,5.8
2025-02-14,pandare,Baramati,5.8,33.6,58,12.7,5.4
2025-02-14,korhale,Baramati,5.8,33.6,58,12.7,8.2
2025-02-14,lasalgaon,Niphad,0.0,33.7,57,8.2,0.0
2025-02-14,pimpalgaon,Niphad,0.0,33.7,57,8.2,0.0
2025-02-14,vinchur,Niphad,0.0,33.7,57,8.2,0.0
2025-02-14,ozar,Niphad,0.0,33.7,57,8.2,0.0
2025-02-14,shendurni,Jamner,0.0,30.7,50,9.7,0.0
2025-02-14,pahur,Jamner,0.0,30.7,50,9.7,0.0
2025-02-14,neri,Jamner,0.0,30.7,50,9.7,0.0
2025-02-14,lohara,Jamner,0.0,30.7,50,9.7,0.0
2025-02-15,kanheri,Baramati,0.0,34.2,53,7.1,0.0
2025-02-15,jalochi,Baramati,0.0,34.2,53,7.1,0.0
2025-02-15,medad,Baramati,0.0,34.2,53,7.1,0.0
2025-02-15,nimbut,Baramati,0.0,34.2,53,7.1,0.0
2025-02-15,songaon,Baramati,0.0,34.2,53,7.1,0.0
2025-02-15,gunawadi,Baramati,0.0,34.2,53,7.1,0.0
2025-02-15,pandare,Baramati,0.0,34.2,53,7.1,0.0
2025-02-15,korhale,Baramati,0.0,34.2,53,7.1,0.0
2025-02-15,lasalgaon,Niphad,0.0,36.4,53,8.1,0.0
2025-02-15,pimpalgaon,Niphad,0.0,36.4,53,8.1,0.0
2025-02-15,vinchur,Niphad,0.0,36.4,53,8.1,0.0
2025-02-15,ozar,Niphad,0.0,36.4,53,8.1,0.0
2025-02-15,shendurni,Jamner,6.4,31.7,49,12.0,9.2
2025-02-15,pahur,Jamner,6.4,31.7,49,12.0,5.9
2025-02-15,neri,Jamner,6.4,31.7,49,12.0,4.5
2025-02-15,lohara,Jamner,6.4,31.7,49,12.0,5.9
2025-02-16,kanheri,Baramati,0.0,32.7,47,9.3,0.0
2025-02-16,jalochi,Baramati,0.0,32.7,47,9.3,0.0
2025-02-16,medad,Baramati,0.0,32.7,47,9.3,0.0
2025-02-16,nimbut,Baramati,0.0,32.7,47,9.3,0.0
2025-02-16,songaon,Baramati,0.0,32.7,47,9.3,0.0
2025-02-16,gunawadi,Baramati,0.0,32.7,47,9.3,0.0
2025-02-16,pandare,Baramati,0.0,32.7,47,9.3,0.0
2025-02-16,korhale,Baramati,0.0,32.7,47,9.3,0.0
2025-02-16,lasalgaon,Niphad,0.0,34.1,46,6.7,0.0
2025-02-16,pimpalgaon,Niphad,0.0,34.1,46,6.7,0.0
2025-02-16,vinchur,Niphad,0.0,34.1,46,6.7,0.0
2025-02-16,ozar,Niphad,0.0,34.1,46,6.7,0.0
2025-02-16,shendurni,Jamner,0.7,33.7,56,10.5,0.9
2025-02-16,pahur,Jamner,0.7,33.7,56,10.5,0.8
2025-02-16,neri,Jamner,0.7,33.7,56,10.5,0.7
2025-02-16,lohara,Jamner,0.7,33.7,56,10.5,0.5
2025-02-17,kanheri,Baramati,0.0,32.1,53,8.0,0.0
2025-02-17,jalochi,Baramati,0.0,32.1,53,8.0,0.0
2025-02-17,medad,Baramati,0.0,32.1,53,8.0,0.0
2025-02-17,nimbut,Baramati,0.0,32.1,53,8.0,0.0
2025-02-17,songaon,Baramati,0.0,32.1,53,8.0,0.0
2025-02-17,gunawadi,Baramati,0.0,32.1,53,8.0,0.0
2025-02-17,pandare,Baramati,0.0,32.1,53,8.0,0.0
2025-02-17,korhale,Baramati,0.0,32.1,53,8.0,0.0
2025-02-17,lasalgaon,Niphad,0.0,35.1,47,6.1,0.0
2025-02-17,pimpalgaon,Niphad,0.0,35.1,47,6.1,0.0
2025-02-17,vinchur,Niphad,0.0,35.1,47,6.1,0.0
2025-02-17,ozar,Niphad,0.0,35.1,47,6.1,0.0
2025-02-17,shendurni,Jamner,2.2,32.8,49,9.4,2.1
2025-02-17,pahur,Jamner,2.2,32.8,49,9.4,1.4
2025-02-17,neri,Jamner,2.2,32.8,49,9.4,2.3
2025-02-17,lohara,Jamner,2.2,32.8,49,9.4,1.2
2025-02-18,kanheri,Baramati,0.0,32.4,44,11.4,0.0
2025-02-18,jalochi,Baramati,0.0,32.4,44,11.4,0.0
2025-02-18,medad,Baramati,0.0,32.4,44,11.4,0.0
2025-02-18,nimbut,Baramati,0.0,32.4,44,11.4,0.0
2025-02-18,songaon,Baramati,0.0,32.4,44,11.4,0.0
2025-02-18,gunawadi,Baramati,0.0,32.4,44,11.4,0.0
2025-02-18,pandare,Baramati,0.0,32.4,44,11.4,0.0
2025-02-18,korhale,Baramati,0.0,32.4,44,11.4,0.0
2025-02-18,lasalgaon,Niphad,0.0,34.3,50,2.0,0.0
2025-02-18,pimpalgaon,Niphad,0.0,34.3,50,2.0,0.0
2025-02-18,vinchur,Niphad,0.0,34.3,50,2.0,0.0
2025-02-18,ozar,Niphad,0.0,34.3,50,2.0,0.0
2025-02-18,shendurni,Jamner,0.0,32.9,53,7.9,0.0
2025-02-18,pahur,Jamner,0.0,32.9,53,7.9,0.0
2025-02-18,neri,Jamner,0.0,32.9,53,7.9,0.0
2025-02-18,lohara,Jamner,0.0,32.9,53,7.9,0.0
2025-02-19,kanheri,Baramati,0.0,32.5,46,17.0,0.0
2025-02-19,jalochi,Baramati,0.0,32.5,46,17.0,0.0
2025-02-19,medad,Baramati,0.0,32.5,46,17.0,0.0
2025-02-19,nimbut,Baramati,0.0,32.5,46,17.0,0.0
2025-02-19,songaon,Baramati,0.0,32.5,46,17.0,0.0
2025-02-19,gunawadi,Baramati,0.0,32.5,46,17.0,0.0
2025-02-19,pandare,Baramati,0.0,32.5,46,17.0,0.0
2025-02-19,korhale,Baramati,0.0,32.5,46,17.0,0.0
2025-02-19,lasalgaon,Niphad,0.0,31.2,40,3.0,0.0
2025-02-19,pimpalgaon,Niphad,0.0,31.2,40,3.0,0.0
2025-02-19,vinchur,Niphad,0.0,31.2,40,3.0,0.0
2025-02-19,ozar,Niphad,0.0,31.2,40,3.0,0.0
2025-02-19,shendurni,Jamner,0.0,32.2,54,14.9,0.0
2025-02-19,pahur,Jamner,0.0,32.2,54,14.9,0.0
2025-02-19,neri,Jamner,0.0,32.2,54,14.9,0.0
2025-02-19,lohara,Jamner,0.0,32.2,54,14.9,0.0
2025-02-20,kanheri,Baramati,0.0,33.3,54,8.5,0.0
2025-02-20,jalochi,Baramati,0.0,33.3,54,8.5,0.0
2025-02-20,medad,Baramati,0.0,33.3,54,8.5,0.0
2025-02-20,nimbut,Baramati,0.0,33.3,54,8.5,0.0
2025-02-20,songaon,Baramati,0.0,33.3,54,8.5,0.0
2025-02-20,gunawadi,Baramati,0.0,33.3,54,8.5,0.0
2025-02-20,pandare,Baramati,0.0,33.3,54,8.5,0.0
2025-02-20,korhale,Baramati,0.0,33.3,54,8.5,0.0
2025-02-20,lasalgaon,Niphad,2.9,33.8,56,9.4,2.5
2025-02-20,pimpalgaon,Niphad,2.9,33.8,56,9.4,2.3
2025-02-20,vinchur,Niphad,2.9,33.8,56,9.4,2.5
2025-02-20,ozar,Niphad,2.9,33.8,56,9.4,3.3
2025-02-20,shendurni,Jamner,0.0,33.4,47,2.1,0.0
2025-02-20,pahur,Jamner,0.0,33.4,47,2.1,0.0
2025-02-20,neri,Jamner,0.0,33.4,47,2.1,0.0
2025-02-20,lohara,Jamner,0.0,33.4,47,2.1,0.0
2025-02-21,kanheri,Baramati,0.0,34.5,54,3.2,0.0
2025-02-21,jalochi,Baramati,0.0,34.5,54,3.2,0.0
2025-02-21,medad,Baramati,0.0,34.5,54,3.2,0.0
2025-02-21,nimbut,Baramati,0.0,34.5,54,3.2,0.0
2025-02-21,songaon,Baramati,0.0,34.5,54,3.2,0.0
2025-02-21,gunawadi,Baramati,0.0,34.5,54,3.2,0.0
2025-02-21,pandare,Baramati,0.0,34.5,54,3.2,0.0
2025-02-21,korhale,Baramati,0.0,34.5,54,3.2,0.0
2025-02-21,lasalgaon,Niphad,0.0,33.7,47,5.7,0.0
2025-02-21,pimpalgaon,Niphad,0.0,33.7,47,5.7,0.0
2025-02-21,vinchur,Niphad,0.0,33.7,47,5.7,0.0
2025-02-21,ozar,Niphad,0.0,33.7,47,5.7,0.0
2025-02-21,shendurni,Jamner,0.0,31.9,54,12.6,0.0
2025-02-21,pahur,Jamner,0.0,31.9,54,12.6,0.0
2025-02-21,neri,Jamner,0.0,31.9,54,12.6,0.0
2025-02-21,lohara,Jamner,0.0,31.9,54,12.6,0.0
2025-02-22,kanheri,Baramati,0.0,31.9,51,6.0,0.0
2025-02-22,jalochi,Baramati,0.0,31.9,51,6.0,0.0
2025-02-22,medad,Baramati,0.0,31.9,51,6.0,0.0
2025-02-22,nimbut,Baramati,0.0,31.9,51,6.0,0.0
2025-02-22,songaon,Baramati,0.0,31.9,51,6.0,0.0
2025-02-22,gunawadi,Baramati,0.0,31.9,51,6.0,0.0
2025-02-22,pandare,Baramati,0.0,31.9,51,6.0,0.0
2025-02-22,korhale,Baramati,0.0,31.9,51,6.0,0.0
2025-02-22,lasalgaon,Niphad,0.0,35.8,54,7.6,0.0
2025-02-22,pimpalgaon,Niphad,0.0,35.8,54,7.6,0.0
2025-02-22,vinchur,Niphad,0.0,35.8,54,7.6,0.0
2025-02-22,ozar,Niphad,0.0,35.8,54,7.6,0.0
2025-02-22,shendurni,Jamner,0.0,32.1,51,16.8,0.0
2025-02-22,pahur,Jamner,0.0,32.1,51,16.8,0.0
2025-02-22,neri,Jamner,0.0,32.1,51,16.8,0.0
2025-02-22,lohara,Jamner,0.0,32.1,51,16.8,0.0
2025-02-23,kanheri,Baramati,0.0,33.2,48,11.9,0.0
2025-02-23,jalochi,Baramati,0.0,33.2,48,11.9,0.0
2025-02-23,medad,Baramati,0.0,33.2,48,11.9,0.0
2025-02-23,nimbut,Baramati,0.0,33.2,48,11.9,0.0
2025-02-23,songaon,Baramati,0.0,33.2,48,11.9,0.0
2025-02-23,gunawadi,Baramati,0.0,33.2,48,11.9,0.0
2025-02-23,pandare,Baramati,0.0,33.2,48,11.9,0.0
2025-02-23,korhale,Baramati,0.0,33.2,48,11.9,0.0
2025-02-23,lasalgaon,Niphad,2.0,32.7,55,6.7,1.9
2025-02-23,pimpalgaon,Niphad,2.0,32.7,55,6.7,1.7
2025-02-23,vinchur,Niphad,2.0,32.7,55,6.7,2.6
2025-02-23,ozar,Niphad,2.0,32.7,55,6.7,1.9
2025-02-23,shendurni,Jamner,0.0,35.7,45,6.5,0.0
2025-02-23,pahur,Jamner,0.0,35.7,45,6.5,0.0
2025-02-23,neri,Jamner,0.0,35.7,45,6.5,0.0
2025-02-23,lohara,Jamner,0.0,35.7,45,6.5,0.0
2025-02-24,kanheri,Baramati,5.2,33.0,55,4.2,5.5
2025-02-24,jalochi,Baramati,5.2,33.0,55,4.2,4.6
2025-02-24,medad,Baramati,5.2,33.0,55,4.2,4.7
2025-02-24,nimbut,Baramati,5.2,33.0,55,4.2,6.2
2025-02-24,songaon,Baramati,5.2,33.0,55,4.2,3.7
2025-02-24,gunawadi,Baramati,5.2,33.0,55,4.2,5.3
2025-02-24,pandare,Baramati,5.2,33.0,55,4.2,3.9
2025-02-24,korhale,Baramati,5.2,33.0,55,4.2,5.7
2025-02-24,lasalgaon,Niphad,4.8,31.3,49,7.2,3.7
2025-02-24,pimpalgaon,Niphad,4.8,31.3,49,7.2,3.3
2025-02-24,vinchur,Niphad,4.8,31.3,49,7.2,4.7
2025-02-24,ozar,Niphad,4.8,31.3,49,7.2,6.5
2025-02-24,shendurni,Jamner,0.0,33.2,55,8.1,0.0
2025-02-24,pahur,Jamner,0.0,33.2,55,8.1,0.0
2025-02-24,neri,Jamner,0.0,33.2,55,8.1,0.0
2025-02-24,lohara,Jamner,0.0,33.2,55,8.1,0.0
2025-02-25,kanheri,Baramati,0.0,31.9,42,6.7,0.0
2025-02-25,jalochi,Baramati,0.0,31.9,42,6.7,0.0
2025-02-25,medad,Baramati,0.0,31.9,42,6.7,0.0
2025-02-25,nimbut,Baramati,0.0,31.9,42,6.7,0.0
2025-02-25,songaon,Baramati,0.0,31.9,42,6.7,0.0
2025-02-25,gunawadi,Baramati,0.0,31.9,42,6.7,0.0
2025-02-25,pandare,Baramati,0.0,31.9,42,6.7,0.0
2025-02-25,korhale,Baramati,0.0,31.9,42,6.7,0.0
2025-02-25,lasalgaon,Niphad,0.0,36.1,57,10.6,0.0
2025-02-25,pimpalgaon,Niphad,0.0,36.1,57,10.6,0.0
2025-02-25,vinchur,Niphad,0.0,36.1,57,10.6,0.0
2025-02-25,ozar,Niphad,0.0,36.1,57,10.6,0.0
2025-02-25,shendurni,Jamner,0.0,34.4,52,3.8,0.0
2025-02-25,pahur,Jamner,0.0,34.4,52,3.8,0.0
2025-02-25,neri,Jamner,0.0,34.4,52,3.8,0.0
2025-02-25,lohara,Jamner,0.0,34.4,52,3.8,0.0
2025-02-26,kanheri,Baramati,0.0,33.5,46,6.6,0.0
2025-02-26,jalochi,Baramati,0.0,33.5,46,6.6,0.0
2025-02-26,medad,Baramati,0.0,33.5,46,6.6,0.0
2025-02-26,nimbut,Baramati,0.0,33.5,46,6.6,0.0
2025-02-26,songaon,Baramati,0.0,33.5,46,6.6,0.0
2025-02-26,gunawadi,Baramati,0.0,33.5,46,6.6,0.0
2025-02-26,pandare,Baramati,0.0,33.5,46,6.6,0.0
2025-02-26,korhale,Baramati,0.0,33.5,46,6.6,0.0
2025-02-26,lasalgaon,Niphad,0.0,33.3,51,16.5,0.0
2025-02-26,pimpalgaon,Niphad,0.0,33.3,51,16.5,0.0
2025-02-26,vinchur,Niphad,0.0,33.3,51,16.5,0.0
2025-02-26,ozar,Niphad,0.0,33.3,51,16.5,0.0
2025-02-26,shendurni,Jamner,0.0,32.1,50,10.8,0.0
2025-02-26,pahur,Jamner,0.0,32.1,50,10.8,0.0
2025-02-26,neri,Jamner,0.0,32.1,50,10.8,0.0
2025-02-26,lohara,Jamner,0.0,32.1,50,10.8,0.0
2025-02-27,kanheri,Baramati,0.0,32.6,49,9.1,0.0
2025-02-27,jalochi,Baramati,0.0,32.6,49,9.1,0.0
2025-02-27,medad,Baramati,0.0,32.6,49,9.1,0.0
2025-02-27,nimbut,Baramati,0.0,32.6,49,9.1,0.0
2025-02-27,songaon,Baramati,0.0,32.6,49,9.1,0.0
2025-02-27,gunawadi,Baramati,0.0,32.6,49,9.1,0.0
2025-02-27,pandare,Baramati,0.0,32.6,49,9.1,0.0
2025-02-27,korhale,Baramati,0.0,32.6,49,9.1,0.0
2025-02-27,lasalgaon,Niphad,0.0,31.9,46,13.7,0.0
2025-02-27,pimpalgaon,Niphad,0.0,31.9,46,13.7,0.0
2025-02-27,vinchur,Niphad,0.0,31.9,46,13.7,0.0
2025-02-27,ozar,Niphad,0.0,31.9,46,13.7,0.0
2025-02-27,shendurni,Jamner,0.0,32.0,55,3.4,0.0
2025-02-27,pahur,Jamner,0.0,32.0,55,3.4,0.0
2025-02-27,neri,Jamner,0.0,32.0,55,3.4,0.0
2025-02-27,lohara,Jamner,0.0,32.0,55,3.4,0.0
2025-02-28,kanheri,Baramati,0.0,34.0,57,14.1,0.0
2025-02-28,jalochi,Baramati,0.0,34.0,57,14.1,0.0
2025-02-28,medad,Baramati,0.0,34.0,57,14.1,0.0
2025-02-28,nimbut,Baramati,0.0,34.0,57,14.1,0.0
2025-02-28,songaon,Baramati,0.0,34.0,57,14.1,0.0
2025-02-28,gunawadi,Baramati,0.0,34.0,57,14.1,0.0
2025-02-28,pandare,Baramati,0.0,34.0,57,14.1,0.0
2025-02-28,korhale,Baramati,0.0,34.0,57,14.1,0.0
2025-02-28,lasalgaon,Niphad,0.0,35.4,48,13.0,0.0
2025-02-28,pimpalgaon,Niphad,0.0,35.4,48,13.0,0.0
2025-02-28,vinchur,Niphad,0.0,35.4,48,13.0,0.0
2025-02-28,ozar,Niphad,0.0,35.4,48,13.0,0.0
2025-02-28,shendurni,Jamner,0.0,32.7,53,4.5,0.0
2025-02-28,pahur,Jamner,0.0,32.7,53,4.5,0.0
2025-02-28,neri,Jamner,0.0,32.7,53,4.5,0.0
2025-02-28,lohara,Jamner,0.0,32.7,53,4.5,0.0
2025-03-01,kanheri,Baramati,0.0,30.8,54,10.5,0.0
2025-03-01,jalochi,Baramati,0.0,30.8,54,10.5,0.0
2025-03-01,medad,Baramati,0.0,30.8,54,10.5,0.0
2025-03-01,nimbut,Baramati,0.0,30.8,54,10.5,0.0
2025-03-01,songaon,Baramati,0.0,30.8,54,10.5,0.0
2025-03-01,gunawadi,Baramati,0.0,30.8,54,10.5,0.0
2025-03-01,pandare,Baramati,0.0,30.8,54,10.5,0.0
2025-03-01,korhale,Baramati,0.0,30.8,54,10.5,0.0
2025-03-01,lasalgaon,Niphad,0.0,31.8,47,11.9,0.0
2025-03-01,pimpalgaon,Niphad,0.0,31.8,47,11.9,0.0
2025-03-01,vinchur,Niphad,0.0,31.8,47,11.9,0.0
2025-03-01,ozar,Niphad,0.0,31.8,47,11.9,0.0
2025-03-01,shendurni,Jamner,0.0,33.8,46,14.0,0.0
2025-03-01,pahur,Jamner,0.0,33.8,46,14.0,0.0
2025-03-01,neri,Jamner,0.0,33.8,46,14.0,0.0
2025-03-01,lohara,Jamner,0.0,33.8,46,14.0,0.0
2025-03-02,kanheri,Baramati,0.0,35.2,55,5.0,0.0
2025-03-02,jalochi,Baramati,0.0,35.2,55,5.0,0.0
2025-03-02,medad,Baramati,0.0,35.2,55,5.0,0.0
2025-03-02,nimbut,Baramati,0.0,35.2,55,5.0,0.0
2025-03-02,songaon,Baramati,0.0,35.2,55,5.0,0.0
2025-03-02,gunawadi,Baramati,0.0,35.2,55,5.0,0.0
2025-03-02,pandare,Baramati,0.0,35.2,55,5.0,0.0
2025-03-02,korhale,Baramati,0.0,35.2,55,5.0,0.0
2025-03-02,lasalgaon,Niphad,13.4,31.6,47,6.6,15.0
2025-03-02,pimpalgaon,Niphad,13.4,31.6,47,6.6,12.7
2025-03-02,vinchur,Niphad,13.4,31.6,47,6.6,12.7
2025-03-02,ozar,Niphad,13.4,31.6,47,6.6,13.3
2025-03-02,shendurni,Jamner,0.0,32.9,43,13.1,0.0
2025-03-02,pahur,Jamner,0.0,32.9,43,13.1,0.0
2025-03-02,neri,Jamner,0.0,32.9,43,13.1,0.0
2025-03-02,lohara,Jamner,0.0,32.9,43,13.1,0.0
2025-03-03,kanheri,Baramati,0.0,31.3,48,16.6,0.0
2025-03-03,jalochi,Baramati,0.0,31.3,48,16.6,0.0
2025-03-03,medad,Baramati,0.0,31.3,48,16.6,0.0
2025-03-03,nimbut,Baramati,0.0,31.3,48,16.6,0.0
2025-03-03,songaon,Baramati,0.0,31.3,48,16.6,0.0
2025-03-03,gunawadi,Baramati,0.0,31.3,48,16.6,0.0
2025-03-03,pandare,Baramati,0.0,31.3,48,16.6,0.0
2025-03-03,korhale,Baramati,0.0,31.3,48,16.6,0.0
2025-03-03,lasalgaon,Niphad,0.0,32.3,49,10.0,0.0
2025-03-03,pimpalgaon,Niphad,0.0,32.3,49,10.0,0.0
2025-03-03,vinchur,Niphad,0.0,32.3,49,10.0,0.0
2025-03-03,ozar,Niphad,0.0,32.3,49,10.0,0.0
2025-03-03,shendurni,Jamner,0.0,32.8,39,4.7,0.0
2025-03-03,pahur,Jamner,0.0,32.8,39,4.7,0.0
2025-03-03,neri,Jamner,0.0,32.8,39,4.7,0.0
2025-03-03,lohara,Jamner,0.0,32.8,39,4.7,0.0
2025-03-04,kanheri,Baramati,0.0,35.4,48,11.7,0.0
2025-03-04,jalochi,Baramati,0.0,35.4,48,11.7,0.0
2025-03-04,medad,Baramati,0.0,35.4,48,11.7,0.0
2025-03-04,nimbut,Baramati,0.0,35.4,48,11.7,0.0
2025-03-04,songaon,Baramati,0.0,35.4,48,11.7,0.0
2025-03-04,gunawadi,Baramati,0.0,35.4,48,11.7,0.0
2025-03-04,pandare,Baramati,0.0,35.4,48,11.7,0.0
2025-03-04,korhale,Baramati,0.0,35.4,48,11.7,0.0
2025-03-04,lasalgaon,Niphad,0.0,32.6,50,2.0,0.0
2025-03-04,pimpalgaon,Niphad,0.0,32.6,50,2.0,0.0
2025-03-04,vinchur,Niphad,0.0,32.6,50,2.0,0.0
2025-03-04,ozar,Niphad,0.0,32.6,50,2.0,0.0
2025-03-04,shendurni,Jamner,0.0,32.6,49,8.2,0.0
2025-03-04,pahur,Jamner,0.0,32.6,49,8.2,0.0
2025-03-04,neri,Jamner,0.0,32.6,49,8.2,0.0
2025-03-04,lohara,Jamner,0.0,32.6,49,8.2,0.0
2025-03-05,kanheri,Baramati,0.0,32.8,48,15.5,0.0
2025-03-05,jalochi,Baramati,0.0,32.8,48,15.5,0.0
2025-03-05,medad,Baramati,0.0,32.8,48,15.5,0.0
2025-03-05,nimbut,Baramati,0.0,32.8,48,15.5,0.0
2025-03-05,songaon,Baramati,0.0,32.8,48,15.5,0.0
2025-03-05,gunawadi,Baramati,0.0,32.8,48,15.5,0.0
2025-03-05,pandare,Baramati,0.0,32.8,48,15.5,0.0
2025-03-05,korhale,Baramati,0.0,32.8,48,15.5,0.0
2025-03-05,lasalgaon,Niphad,0.0,32.4,45,12.0,0.0
2025-03-05,pimpalgaon,Niphad,0.0,32.4,45,12.0,0.0
2025-03-05,vinchur,Niphad,0.0,32.4,45,12.0,0.0
2025-03-05,ozar,Niphad,0.0,32.4,45,12.0,0.0
2025-03-05,shendurni,Jamner,0.0,34.4,45,3.5,0.0
2025-03-05,pahur,Jamner,0.0,34.4,45,3.5,0.0
2025-03-05,neri,Jamner,0.0,34.4,45,3.5,0.0
2025-03-05,lohara,Jamner,0.0,34.4,45,3.5,0.0
2025-03-06,kanheri,Baramati,0.0,32.4,52,14.9,0.0
2025-03-06,jalochi,Baramati,0.0,32.4,52,14.9,0.0
2025-03-06,medad,Baramati,0.0,32.4,52,14.9,0.0
2025-03-06,nimbut,Baramati,0.0,32.4,52,14.9,0.0
2025-03-06,songaon,Baramati,0.0,32.4,52,14.9,0.0
2025-03-06,gunawadi,Baramati,0.0,32.4,52,14.9,0.0
2025-03-06,pandare,Baramati,0.0,32.4,52,14.9,0.0
2025-03-06,korhale,Baramati,0.0,32.4,52,14.9,0.0
2025-03-06,lasalgaon,Niphad,0.0,32.6,56,3.1,0.0
2025-03-06,pimpalgaon,Niphad,0.0,32.6,56,3.1,0.0
2025-03-06,vinchur,Niphad,0.0,32.6,56,3.1,0.0
2025-03-06,ozar,Niphad,0.0,32.6,56,3.1,0.0
2025-03-06,shendurni,Jamner,0.0,33.5,57,13.7,0.0
2025-03-06,pahur,Jamner,0.0,33.5,57,13.7,0.0
2025-03-06,neri,Jamner,0.0,33.5,57,13.7,0.0
2025-03-06,lohara,Jamner,0.0,33.5,57,13.7,0.0
2025-03-07,kanheri,Baramati,0.0,33.6,47,6.7,0.0
2025-03-07,jalochi,Baramati,0.0,33.6,47,6.7,0.0
2025-03-07,medad,Baramati,0.0,33.6,47,6.7,0.0
2025-03-07,nimbut,Baramati,0.0,33.6,47,6.7,0.0
2025-03-07,songaon,Baramati,0.0,33.6,47,6.7,0.0
2025-03-07,gunawadi,Baramati,0.0,33.6,47,6.7,0.0
2025-03-07,pandare,Baramati,0.0,33.6,47,6.7,0.0
2025-03-07,korhale,Baramati,0.0,33.6,47,6.7,0.0
2025-03-07,lasalgaon,Niphad,0.0,32.9,49,8.6,0.0
2025-03-07,pimpalgaon,Niphad,0.0,32.9,49,8.6,0.0
2025-03-07,vinchur,Niphad,0.0,32.9,49,8.6,0.0
2025-03-07,ozar,Niphad,0.0,32.9,49,8.6,0.0
2025-03-07,shendurni,Jamner,0.0,32.9,50,14.4,0.0
2025-03-07,pahur,Jamner,0.0,32.9,50,14.4,0.0
2025-03-07,neri,Jamner,0.0,32.9,50,14.4,0.0
2025-03-07,lohara,Jamner,0.0,32.9,50,14.4,0.0
2025-03-08,kanheri,Baramati,0.0,33.6,43,15.7,0.0
2025-03-08,jalochi,Baramati,0.0,33.6,43,15.7,0.0
2025-03-08,medad,Baramati,0.0,33.6,43,15.7,0.0
2025-03-08,nimbut,Baramati,0.0,33.6,43,15.7,0.0
2025-03-08,songaon,Baramati,0.0,33.6,43,15.7,0.0
2025-03-08,gunawadi,Baramati,0.0,33.6,43,15.7,0.0
2025-03-08,pandare,Baramati,0.0,33.6,43,15.7,0.0
2025-03-08,korhale,Baramati,0.0,33.6,43,15.7,0.0
2025-03-08,lasalgaon,Niphad,0.0,32.3,52,9.3,0.0
2025-03-08,pimpalgaon,Niphad,0.0,32.3,52,9.3,0.0
2025-03-08,vinchur,Niphad,0.0,32.3,52,9.3,0.0
2025-03-08,ozar,Niphad,0.0,32.3,52,9.3,0.0
2025-03-08,shendurni,Jamner,7.6,33.7,52,17.5,10.0
2025-03-08,pahur,Jamner,7.6,33.7,52,17.5,8.2
2025-03-08,neri,Jamner,7.6,33.7,52,17.5,8.3
2025-03-08,lohara,Jamner,7.6,33.7,52,17.5,4.8
2025-03-09,kanheri,Baramati,0.0,32.5,51,5.8,0.0
2025-03-09,jalochi,Baramati,0.0,32.5,51,5.8,0.0
2025-03-09,medad,Baramati,0.0,32.5,51,5.8,0.0
2025-03-09,nimbut,Baramati,0.0,32.5,51,5.8,0.0
2025-03-09,songaon,Baramati,0.0,32.5,51,5.8,0.0
2025-03-09,gunawadi,Baramati,0.0,32.5,51,5.8,0.0
2025-03-09,pandare,Baramati,0.0,32.5,51,5.8,0.0
2025-03-09,korhale,Baramati,0.0,32.5,51,5.8,0.0
2025-03-09,lasalgaon,Niphad,0.0,33.7,53,11.1,0.0
2025-03-09,pimpalgaon,Niphad,0.0,33.7,53,11.1,0.0
2025-03-09,vinchur,Niphad,0.0,33.7,53,11.1,0.0
2025-03-09,ozar,Niphad,0.0,33.7,53,11.1,0.0
2025-03-09,shendurni,Jamner,0.0,32.3,55,12.4,0.0
2025-03-09,pahur,Jamner,0.0,32.3,55,12.4,0.0
2025-03-09,neri,Jamner,0.0,32.3,55,12.4,0.0
2025-03-09,lohara,Jamner,0.0,32.3,55,12.4,0.0
2025-03-10,kanheri,Baramati,5.1,33.8,56,8.9,4.8
2025-03-10,jalochi,Baramati,5.1,33.8,56,8.9,5.9
2025-03-10,medad,Baramati,5.1,33.8,56,8.9,7.4
2025-03-10,nimbut,Baramati,5.1,33.8,56,8.9,5.2
2025-03-10,songaon,Baramati,5.1,33.8,56,8.9,5.0
2025-03-10,gunawadi,Baramati,5.1,33.8,56,8.9,4.3
2025-03-10,pandare,Baramati,5.1,33.8,56,8.9,3.8
2025-03-10,korhale,Baramati,5.1,33.8,56,8.9,5.9
2025-03-10,lasalgaon,Niphad,0.0,31.9,46,12.9,0.0
2025-03-10,pimpalgaon,Niphad,0.0,31.9,46,12.9,0.0
2025-03-10,vinchur,Niphad,0.0,31.9,46,12.9,0.0
2025-03-10,ozar,Niphad,0.0,31.9,46,12.9,0.0
2025-03-10,shendurni,Jamner,0.0,32.5,51,14.9,0.0
2025-03-10,pahur,Jamner,0.0,32.5,51,14.9,0.0
2025-03-10,neri,Jamner,0.0,32.5,51,14.9,0.0
2025-03-10,lohara,Jamner,0.0,32.5,51,14.9,0.0
2025-03-11,kanheri,Baramati,0.0,32.2,53,5.2,0.0
2025-03-11,jalochi,Baramati,0.0,32.2,53,5.2,0.0
2025-03-11,medad,Baramati,0.0,32.2,53,5.2,0.0
2025-03-11,nimbut,Baramati,0.0,32.2,53,5.2,0.0
2025-03-11,songaon,Baramati,0.0,32.2,53,5.2,0.0
2025-03-11,gunawadi,Baramati,0.0,32.2,53,5.2,0.0
2025-03-11,pandare,Baramati,0.0,32.2,53,5.2,0.0
2025-03-11,korhale,Baramati,0.0,32.2,53,5.2,0.0
2025-03-11,lasalgaon,Niphad,0.0,32.4,50,2.2,0.0
2025-03-11,pimpalgaon,Niphad,0.0,32.4,50,2.2,0.0
2025-03-11,vinchur,Niphad,0.0,32.4,50,2.2,0.0
2025-03-11,ozar,Niphad,0.0,32.4,50,2.2,0.0
2025-03-11,shendurni,Jamner,0.0,35.5,52,8.5,0.0
2025-03-11,pahur,Jamner,0.0,35.5,52,8.5,0.0
2025-03-11,neri,Jamner,0.0,35.5,52,8.5,0.0
2025-03-11,lohara,Jamner,0.0,35.5,52,8.5,0.0
2025-03-12,kanheri,Baramati,0.0,33.2,47,5.0,0.0
2025-03-12,jalochi,Baramati,0.0,33.2,47,5.0,0.0
2025-03-12,medad,Baramati,0.0,33.2,47,5.0,0.0
2025-03-12,nimbut,Baramati,0.0,33.2,47,5.0,0.0
2025-03-12,songaon,Baramati,0.0,33.2,47,5.0,0.0
2025-03-12,gunawadi,Baramati,0.0,33.2,47,5.0,0.0
2025-03-12,pandare,Baramati,0.0,33.2,47,5.0,0.0
2025-03-12,korhale,Baramati,0.0,33.2,47,5.0,0.0
2025-03-12,lasalgaon,Niphad,0.0,31.4,50,16.1,0.0
2025-03-12,pimpalgaon,Niphad,0.0,31.4,50,16.1,0.0
2025-03-12,vinchur,Niphad,0.0,31.4,50,16.1,0.0
2025-03-12,ozar,Niphad,0.0,31.4,50,16.1,0.0
2025-03-12,shendurni,Jamner,0.0,31.4,48,8.0,0.0
2025-03-12,pahur,Jamner,0.0,31.4,48,8.0,0.0
2025-03-12,neri,Jamner,0.0,31.4,48,8.0,0.0
2025-03-12,lohara,Jamner,0.0,31.4,48,8.0,0.0
2025-03-13,kanheri,Baramati,0.0,33.8,49,14.3,0.0
2025-03-13,jalochi,Baramati,0.0,33.8,49,14.3,0.0
2025-03-13,medad,Baramati,0.0,33.8,49,14.3,0.0
2025-03-13,nimbut,Baramati,0.0,33.8,49,14.3,0.0
2025-03-13,songaon,Baramati,0.0,33.8,49,14.3,0.0
2025-03-13,gunawadi,Baramati,0.0,33.8,49,14.3,0.0
2025-03-13,pandare,Baramati,0.0,33.8,49,14.3,0.0
2025-03-13,korhale,Baramati,0.0,33.8,49,14.3,0.0
2025-03-13,lasalgaon,Niphad,0.0,32.1,47,6.4,0.0
2025-03-13,pimpalgaon,Niphad,0.0,32.1,47,6.4,0.0
2025-03-13,vinchur,Niphad,0.0,32.1,47,6.4,0.0
2025-03-13,ozar,Niphad,0.0,32.1,47,6.4,0.0
2025-03-13,shendurni,Jamner,2.4,35.3,52,10.0,2.8
2025-03-13,pahur,Jamner,2.4,35.3,52,10.0,2.3
2025-03-13,neri,Jamner,2.4,35.3,52,10.0,1.4
2025-03-13,lohara,Jamner,2.4,35.3,52,10.0,2.2
2025-03-14,kanheri,Baramati,0.0,33.8,48,2.0,0.0
2025-03-14,jalochi,Baramati,0.0,33.8,48,2.0,0.0
2025-03-14,medad,Baramati,0.0,33.8,48,2.0,0.0
2025-03-14,nimbut,Baramati,0.0,33.8,48,2.0,0.0
2025-03-14,songaon,Baramati,0.0,33.8,48,2.0,0.0
2025-03-14,gunawadi,Baramati,0.0,33.8,48,2.0,0.0
2025-03-14,pandare,Baramati,0.0,33.8,48,2.0,0.0
2025-03-14,korhale,Baramati,0.0,33.8,48,2.0,0.0
2025-03-14,lasalgaon,Niphad,0.0,30.1,55,8.5,0.0
2025-03-14,pimpalgaon,Niphad,0.0,30.1,55,8.5,0.0
2025-03-14,vinchur,Niphad,0.0,30.1,55,8.5,0.0
2025-03-14,ozar,Niphad,0.0,30.1,55,8.5,0.0
2025-03-14,shendurni,Jamner,0.0,32.7,49,7.4,0.0
2025-03-14,pahur,Jamner,0.0,32.7,49,7.4,0.0
2025-03-14,neri,Jamner,0.0,32.7,49,7.4,0.0
2025-03-14,lohara,Jamner,0.0,32.7,49,7.4,0.0
2025-03-15,kanheri,Baramati,0.0,33.4,51,11.9,0.0
2025-03-15,jalochi,Baramati,0.0,33.4,51,11.9,0.0
2025-03-15,medad,Baramati,0.0,33.4,51,11.9,0.0
2025-03-15,nimbut,Baramati,0.0,33.4,51,11.9,0.0
2025-03-15,songaon,Baramati,0.0,33.4,51,11.9,0.0
2025-03-15,gunawadi,Baramati,0.0,33.4,51,11.9,0.0
2025-03-15,pandare,Baramati,0.0,33.4,51,11.9,0.0
2025-03-15,korhale,Baramati,0.0,33.4,51,11.9,0.0
2025-03-15,lasalgaon,Niphad,0.0,33.3,52,9.4,0.0
2025-03-15,pimpalgaon,Niphad,0.0,33.3,52,9.4,0.0
2025-03-15,vinchur,Niphad,0.0,33.3,52,9.4,0.0
2025-03-15,ozar,Niphad,0.0,33.3,52,9.4,0.0
2025-03-15,shendurni,Jamner,0.0,32.7,47,9.7,0.0
2025-03-15,pahur,Jamner,0.0,32.7,47,9.7,0.0
2025-03-15,neri,Jamner,0.0,32.7,47,9.7,0.0
2025-03-15,lohara,Jamner,0.0,32.7,47,9.7,0.0
2025-03-16,kanheri,Baramati,0.0,34.0,52,4.8,0.0
2025-03-16,jalochi,Baramati,0.0,34.0,52,4.8,0.0
2025-03-16,medad,Baramati,0.0,34.0,52,4.8,0.0
2025-03-16,nimbut,Baramati,0.0,34.0,52,4.8,0.0
2025-03-16,songaon,Baramati,0.0,34.0,52,4.8,0.0
2025-03-16,gunawadi,Baramati,0.0,34.0,52,4.8,0.0
2025-03-16,pandare,Baramati,0.0,34.0,52,4.8,0.0
2025-03-16,korhale,Baramati,0.0,34.0,52,4.8,0.0
2025-03-16,lasalgaon,Niphad,3.9,31.1,52,6.9,4.3
2025-03-16,pimpalgaon,Niphad,3.9,31.1,52,6.9,3.5
2025-03-16,vinchur,Niphad,3.9,31.1,52,6.9,4.7
2025-03-16,ozar,Niphad,3.9,31.1,52,6.9,5.1
2025-03-16,shendurni,Jamner,0.0,32.5,44,6.5,0.0
2025-03-16,pahur,Jamner,0.0,32.5,44,6.5,0.0
2025-03-16,neri,Jamner,0.0,32.5,44,6.5,0.0
2025-03-16,lohara,Jamner,0.0,32.5,44,6.5,0.0
2025-03-17,kanheri,Baramati,0.0,32.2,55,5.1,0.0
2025-03-17,jalochi,Baramati,0.0,32.2,55,5.1,0.0
2025-03-17,medad,Baramati,0.0,32.2,55,5.1,0.0
2025-03-17,nimbut,Baramati,0.0,32.2,55,5.1,0.0
2025-03-17,songaon,Baramati,0.0,32.2,55,5.1,0.0
2025-03-17,gunawadi,Baramati,0.0,32.2,55,5.1,0.0
2025-03-17,pandare,Baramati,0.0,32.2,55,5.1,0.0
2025-03-17,korhale,Baramati,0.0,32.2,55,5.1,0.0
2025-03-17,lasalgaon,Niphad,2.1,31.4,53,13.2,1.8
2025-03-17,pimpalgaon,Niphad,2.1,31.4,53,13.2,1.7
2025-03-17,vinchur,Niphad,2.1,31.4,53,13.2,2.0
2025-03-17,ozar,Niphad,2.1,31.4,53,13.2,2.6
2025-03-17,shendurni,Jamner,0.0,34.6,45,11.6,0.0
2025-03-17,pahur,Jamner,0.0,34.6,45,11.6,0.0
2025-03-17,neri,Jamner,0.0,34.6,45,11.6,0.0
2025-03-17,lohara,Jamner,0.0,34.6,45,11.6,0.0
2025-03-18,kanheri,Baramati,0.0,36.1,48,3.8,0.0
2025-03-18,jalochi,Baramati,0.0,36.1,48,3.8,0.0
2025-03-18,medad,Baramati,0.0,36.1,48,3.8,0.0
2025-03-18,nimbut,Baramati,0.0,36.1,48,3.8,0.0
2025-03-18,songaon,Baramati,0.0,36.1,48,3.8,0.0
2025-03-18,gunawadi,Baramati,0.0,36.1,48,3.8,0.0
2025-03-18,pandare,Baramati,0.0,36.1,48,3.8,0.0
2025-03-18,korhale,Baramati,0.0,36.1,48,3.8,0.0
2025-03-18,lasalgaon,Niphad,0.0,30.7,51,8.7,0.0
2025-03-18,pimpalgaon,Niphad,0.0,30.7,51,8.7,0.0
2025-03-18,vinchur,Niphad,0.0,30.7,51,8.7,0.0
2025-03-18,ozar,Niphad,0.0,30.7,51,8.7,0.0
2025-03-18,shendurni,Jamner,0.0,33.5,51,11.0,0.0
2025-03-18,pahur,Jamner,0.0,33.5,51,11.0,0.0
2025-03-18,neri,Jamner,0.0,33.5,51,11.0,0.0
2025-03-18,lohara,Jamner,0.0,33.5,51,11.0,0.0
2025-03-19,kanheri,Baramati,0.0,33.2,46,10.6,0.0
2025-03-19,jalochi,Baramati,0.0,33.2,46,10.6,0.0
2025-03-19,medad,Baramati,0.0,33.2,46,10.6,0.0
2025-03-19,nimbut,Baramati,0.0,33.2,46,10.6,0.0
2025-03-19,songaon,Baramati,0.0,33.2,46,10.6,0.0
2025-03-19,gunawadi,Baramati,0.0,33.2,46,10.6,0.0
2025-03-19,pandare,Baramati,0.0,33.2,46,10.6,0.0
2025-03-19,korhale,Baramati,0.0,33.2,46,10.6,0.0
2025-03-19,lasalgaon,Niphad,0.0,33.0,60,7.5,0.0
2025-03-19,pimpalgaon,Niphad,0.0,33.0,60,7.5,0.0
2025-03-19,vinchur,Niphad,0.0,33.0,60,7.5,0.0
2025-03-19,ozar,Niphad,0.0,33.0,60,7.5,0.0
2025-03-19,shendurni,Jamner,0.0,35.3,56,14.4,0.0
2025-03-19,pahur,Jamner,0.0,35.3,56,14.4,0.0
2025-03-19,neri,Jamner,0.0,35.3,56,14.4,0.0
2025-03-19,lohara,Jamner,0.0,35.3,56,14.4,0.0
2025-03-20,kanheri,Baramati,0.0,33.0,50,6.3,0.0
2025-03-20,jalochi,Baramati,0.0,33.0,50,6.3,0.0
2025-03-20,medad,Baramati,0.0,33.0,50,6.3,0.0
2025-03-20,nimbut,Baramati,0.0,33.0,50,6.3,0.0
2025-03-20,songaon,Baramati,0.0,33.0,50,6.3,0.0
2025-03-20,gunawadi,Baramati,0.0,33.0,50,6.3,0.0
2025-03-20,pandare,Baramati,0.0,33.0,50,6.3,0.0
2025-03-20,korhale,Baramati,0.0,33.0,50,6.3,0.0
2025-03-20,lasalgaon,Niphad,6.7,30.8,57,3.4,5.6
2025-03-20,pimpalgaon,Niphad,6.7,30.8,57,3.4,5.6
2025-03-20,vinchur,Niphad,6.7,30.8,57,3.4,5.8
2025-03-20,ozar,Niphad,6.7,30.8,57,3.4,6.6
2025-03-20,shendurni,Jamner,0.0,33.2,48,4.0,0.0
2025-03-20,pahur,Jamner,0.0,33.2,48,4.0,0.0
2025-03-20,neri,Jamner,0.0,33.2,48,4.0,0.0
2025-03-20,lohara,Jamner,0.0,33.2,48,4.0,0.0
2025-03-21,kanheri,Baramati,0.0,33.2,52,2.2,0.0
2025-03-21,jalochi,Baramati,0.0,33.2,52,2.2,0.0
2025-03-21,medad,Baramati,0.0,33.2,52,2.2,0.0
2025-03-21,nimbut,Baramati,0.0,33.2,52,2.2,0.0
2025-03-21,songaon,Baramati,0.0,33.2,52,2.2,0.0
2025-03-21,gunawadi,Baramati,0.0,33.2,52,2.2,0.0
2025-03-21,pandare,Baramati,0.0,33.2,52,2.2,0.0
2025-03-21,korhale,Baramati,0.0,33.2,52,2.2,0.0
2025-03-21,lasalgaon,Niphad,0.0,34.0,49,15.1,0.0
2025-03-21,pimpalgaon,Niphad,0.0,34.0,49,15.1,0.0
2025-03-21,vinchur,Niphad,0.0,34.0,49,15.1,0.0
2025-03-21,ozar,Niphad,0.0,34.0,49,15.1,0.0
2025-03-21,shendurni,Jamner,8.1,31.3,46,5.4,9.7
2025-03-21,pahur,Jamner,8.1,31.3,46,5.4,7.5
2025-03-21,neri,Jamner,8.1,31.3,46,5.4,5.6
2025-03-21,lohara,Jamner,8.1,31.3,46,5.4,5.9
2025-03-22,kanheri,Baramati,0.0,35.0,48,9.4,0.0
2025-03-22,jalochi,Baramati,0.0,35.0,48,9.4,0.0
2025-03-22,medad,Baramati,0.0,35.0,48,9.4,0.0
2025-03-22,nimbut,Baramati,0.0,35.0,48,9.4,0.0
2025-03-22,songaon,Baramati,0.0,35.0,48,9.4,0.0
2025-03-22,gunawadi,Baramati,0.0,35.0,48,9.4,0.0
2025-03-22,pandare,Baramati,0.0,35.0,48,9.4,0.0
2025-03-22,korhale,Baramati,0.0,35.0,48,9.4,0.0
2025-03-22,lasalgaon,Niphad,0.0,32.4,51,6.8,0.0
2025-03-22,pimpalgaon,Niphad,0.0,32.4,51,6.8,0.0
2025-03-22,vinchur,Niphad,0.0,32.4,51,6.8,0.0
2025-03-22,ozar,Niphad,0.0,32.4,51,6.8,0.0
2025-03-22,shendurni,Jamner,0.0,32.8,52,3.2,0.0
2025-03-22,pahur,Jamner,0.0,32.8,52,3.2,0.0
2025-03-22,neri,Jamner,0.0,32.8,52,3.2,0.0
2025-03-22,lohara,Jamner,0.0,32.8,52,3.2,0.0
2025-03-23,kanheri,Baramati,0.0,28.8,48,9.0,0.0
2025-03-23,jalochi,Baramati,0.0,28.8,48,9.0,0.0
2025-03-23,medad,Baramati,0.0,28.8,48,9.0,0.0
2025-03-23,nimbut,Baramati,0.0,28.8,48,9.0,0.0
2025-03-23,songaon,Baramati,0.0,28.8,48,9.0,0.0
2025-03-23,gunawadi,Baramati,0.0,28.8,48,9.0,0.0
2025-03-23,pandare,Baramati,0.0,28.8,48,9.0,0.0
2025-03-23,korhale,Baramati,0.0,28.8,48,9.0,0.0
2025-03-23,lasalgaon,Niphad,0.0,33.8,51,5.3,0.0
2025-03-23,pimpalgaon,Niphad,0.0,33.8,51,5.3,0.0
2025-03-23,vinchur,Niphad,0.0,33.8,51,5.3,0.0
2025-03-23,ozar,Niphad,0.0,33.8,51,5.3,0.0
2025-03-23,shendurni,Jamner,0.0,32.8,50,15.2,0.0
2025-03-23,pahur,Jamner,0.0,32.8,50,15.2,0.0
2025-03-23,neri,Jamner,0.0,32.8,50,15.2,0.0
2025-03-23,lohara,Jamner,0.0,32.8,50,15.2,0.0
2025-03-24,kanheri,Baramati,0.0,32.7,53,10.3,0.0
2025-03-24,jalochi,Baramati,0.0,32.7,53,10.3,0.0
2025-03-24,medad,Baramati,0.0,32.7,53,10.3,0.0
2025-03-24,nimbut,Baramati,0.0,32.7,53,10.3,0.0
2025-03-24,songaon,Baramati,0.0,32.7,53,10.3,0.0
2025-03-24,gunawadi,Baramati,0.0,32.7,53,10.3,0.0
2025-03-24,pandare,Baramati,0.0,32.7,53,10.3,0.0
2025-03-24,korhale,Baramati,0.0,32.7,53,10.3,0.0
2025-03-24,lasalgaon,Niphad,0.0,31.7,48,7.2,0.0
2025-03-24,pimpalgaon,Niphad,0.0,31.7,48,7.2,0.0
2025-03-24,vinchur,Niphad,0.0,31.7,48,7.2,0.0
2025-03-24,ozar,Niphad,0.0,31.7,48,7.2,0.0
2025-03-24,shendurni,Jamner,0.0,32.1,55,4.7,0.0
2025-03-24,pahur,Jamner,0.0,32.1,55,4.7,0.0
2025-03-24,neri,Jamner,0.0,32.1,55,4.7,0.0
2025-03-24,lohara,Jamner,0.0,32.1,55,4.7,0.0
2025-03-25,kanheri,Baramati,0.0,33.9,50,2.0,0.0
2025-03-25,jalochi,Baramati,0.0,33.9,50,2.0,0.0
2025-03-25,medad,Baramati,0.0,33.9,50,2.0,0.0
2025-03-25,nimbut,Baramati,0.0,33.9,50,2.0,0.0
2025-03-25,songaon,Baramati,0.0,33.9,50,2.0,0.0
2025-03-25,gunawadi,Baramati,0.0,33.9,50,2.0,0.0
2025-03-25,pandare,Baramati,0.0,33.9,50,2.0,0.0
2025-03-25,korhale,Baramati,0.0,33.9,50,2.0,0.0
2025-03-25,lasalgaon,Niphad,0.0,33.6,52,8.7,0.0
2025-03-25,pimpalgaon,Niphad,0.0,33.6,52,8.7,0.0
2025-03-25,vinchur,Niphad,0.0,33.6,52,8.7,0.0
2025-03-25,ozar,Niphad,0.0,33.6,52,8.7,0.0
2025-03-25,shendurni,Jamner,0.0,32.3,54,7.3,0.0
2025-03-25,pahur,Jamner,0.0,32.3,54,7.3,0.0
2025-03-25,neri,Jamner,0.0,32.3,54,7.3,0.0
2025-03-25,lohara,Jamner,0.0,32.3,54,7.3,0.0
2025-03-26,kanheri,Baramati,0.0,32.9,47,10.2,0.0
2025-03-26,jalochi,Baramati,0.0,32.9,47,10.2,0.0
2025-03-26,medad,Baramati,0.0,32.9,47,10.2,0.0
2025-03-26,nimbut,Baramati,0.0,32.9,47,10.2,0.0
2025-03-26,songaon,Baramati,0.0,32.9,47,10.2,0.0
2025-03-26,gunawadi,Baramati,0.0,32.9,47,10.2,0.0
2025-03-26,pandare,Baramati,0.0,32.9,47,10.2,0.0
2025-03-26,korhale,Baramati,0.0,32.9,47,10.2,0.0
2025-03-26,lasalgaon,Niphad,0.0,31.2,43,13.0,0.0
2025-03-26,pimpalgaon,Niphad,0.0,31.2,43,13.0,0.0
2025-03-26,vinchur,Niphad,0.0,31.2,43,13.0,0.0
2025-03-26,ozar,Niphad,0.0,31.2,43,13.0,0.0
2025-03-26,shendurni,Jamner,0.0,34.7,46,6.7,0.0
2025-03-26,pahur,Jamner,0.0,34.7,46,6.7,0.0
2025-03-26,neri,Jamner,0.0,34.7,46,6.7,0.0
2025-03-26,lohara,Jamner,0.0,34.7,46,6.7,0.0
2025-03-27,kanheri,Baramati,0.0,32.9,50,12.1,0.0
2025-03-27,jalochi,Baramati,0.0,32.9,50,12.1,0.0
2025-03-27,medad,Baramati,0.0,32.9,50,12.1,0.0
2025-03-27,nimbut,Baramati,0.0,32.9,50,12.1,0.0
2025-03-27,songaon,Baramati,0.0,32.9,50,12.1,0.0
2025-03-27,gunawadi,Baramati,0.0,32.9,50,12.1,0.0
2025-03-27,pandare,Baramati,0.0,32.9,50,12.1,0.0
2025-03-27,korhale,Baramati,0.0,32.9,50,12.1,0.0
2025-03-27,lasalgaon,Niphad,0.0,34.1,52,8.0,0.0
2025-03-27,pimpalgaon,Niphad,0.0,34.1,52,8.0,0.0
2025-03-27,vinchur,Niphad,0.0,34.1,52,8.0,0.0
2025-03-27,ozar,Niphad,0.0,34.1,52,8.0,0.0
2025-03-27,shendurni,Jamner,2.8,32.4,54,10.7,3.4
2025-03-27,pahur,Jamner,2.8,32.4,54,10.7,4.1
2025-03-27,neri,Jamner,2.8,32.4,54,10.7,2.9
2025-03-27,lohara,Jamner,2.8,32.4,54,10.7,1.6
2025-03-28,kanheri,Baramati,0.0,33.4,45,6.8,0.0
2025-03-28,jalochi,Baramati,0.0,33.4,45,6.8,0.0
2025-03-28,medad,Baramati,0.0,33.4,45,6.8,0.0
2025-03-28,nimbut,Baramati,0.0,33.4,45,6.8,0.0
2025-03-28,songaon,Baramati,0.0,33.4,45,6.8,0.0
2025-03-28,gunawadi,Baramati,0.0,33.4,45,6.8,0.0
2025-03-28,pandare,Baramati,0.0,33.4,45,6.8,0.0
2025-03-28,korhale,Baramati,0.0,33.4,45,6.8,0.0
2025-03-28,lasalgaon,Niphad,0.0,35.9,50,5.6,0.0
2025-03-28,pimpalgaon,Niphad,0.0,35.9,50,5.6,0.0
2025-03-28,vinchur,Niphad,0.0,35.9,50,5.6,0.0
2025-03-28,ozar,Niphad,0.0,35.9,50,5.6,0.0
2025-03-28,shendurni,Jamner,0.0,33.2,53,7.6,0.0
2025-03-28,pahur,Jamner,0.0,33.2,53,7.6,0.0
2025-03-28,neri,Jamner,0.0,33.2,53,7.6,0.0
2025-03-28,lohara,Jamner,0.0,33.2,53,7.6,0.0
2025-03-29,kanheri,Baramati,0.0,31.6,50,7.0,0.0
2025-03-29,jalochi,Baramati,0.0,31.6,50,7.0,0.0
2025-03-29,medad,Baramati,0.0,31.6,50,7.0,0.0
2025-03-29,nimbut,Baramati,0.0,31.6,50,7.0,0.0
2025-03-29,songaon,Baramati,0.0,31.6,50,7.0,0.0
2025-03-29,gunawadi,Baramati,0.0,31.6,50,7.0,0.0
2025-03-29,pandare,Baramati,0.0,31.6,50,7.0,0.0
2025-03-29,korhale,Baramati,0.0,31.6,50,7.0,0.0
2025-03-29,lasalgaon,Niphad,0.0,33.0,48,10.0,0.0
2025-03-29,pimpalgaon,Niphad,0.0,33.0,48,10.0,0.0
2025-03-29,vinchur,Niphad,0.0,33.0,48,10.0,0.0
2025-03-29,ozar,Niphad,0.0,33.0,48,10.0,0.0
2025-03-29,shendurni,Jamner,0.0,33.4,50,13.2,0.0
2025-03-29,pahur,Jamner,0.0,33.4,50,13.2,0.0
2025-03-29,neri,Jamner,0.0,33.4,50,13.2,0.0
2025-03-29,lohara,Jamner,0.0,33.4,50,13.2,0.0
2025-03-30,kanheri,Baramati,0.0,32.2,44,10.8,0.0
2025-03-30,jalochi,Baramati,0.0,32.2,44,10.8,0.0
2025-03-30,medad,Baramati,0.0,32.2,44,10.8,0.0
2025-03-30,nimbut,Baramati,0.0,32.2,44,10.8,0.0
2025-03-30,songaon,Baramati,0.0,32.2,44,10.8,0.0
2025-03-30,gunawadi,Baramati,0.0,32.2,44,10.8,0.0
2025-03-30,pandare,Baramati,0.0,32.2,44,10.8,0.0
2025-03-30,korhale,Baramati,0.0,32.2,44,10.8,0.0
2025-03-30,lasalgaon,Niphad,0.0,35.2,58,13.1,0.0
2025-03-30,pimpalgaon,Niphad,0.0,35.2,58,13.1,0.0
2025-03-30,vinchur,Niphad,0.0,35.2,58,13.1,0.0
2025-03-30,ozar,Niphad,0.0,35.2,58,13.1,0.0
2025-03-30,shendurni,Jamner,0.0,32.3,42,6.2,0.0
2025-03-30,pahur,Jamner,0.0,32.3,42,6.2,0.0
2025-03-30,neri,Jamner,0.0,32.3,42,6.2,0.0
2025-03-30,lohara,Jamner,0.0,32.3,42,6.2,0.0
2025-03-31,kanheri,Baramati,6.4,33.0,53,13.7,7.3
2025-03-31,jalochi,Baramati,6.4,33.0,53,13.7,6.1
2025-03-31,medad,Baramati,6.4,33.0,53,13.7,8.9
2025-03-31,nimbut,Baramati,6.4,33.0,53,13.7,6.4
2025-03-31,songaon,Baramati,6.4,33.0,53,13.7,6.6
2025-03-31,gunawadi,Baramati,6.4,33.0,53,13.7,5.7
2025-03-31,pandare,Baramati,6.4,33.0,53,13.7,6.2
2025-03-31,korhale,Baramati,6.4,33.0,53,13.7,7.6
2025-03-31,lasalgaon,Niphad,0.0,34.2,50,5.3,0.0
2025-03-31,pimpalgaon,Niphad,0.0,34.2,50,5.3,0.0
2025-03-31,vinchur,Niphad,0.0,34.2,50,5.3,0.0
2025-03-31,ozar,Niphad,0.0,34.2,50,5.3,0.0
2025-03-31,shendurni,Jamner,0.0,33.3,44,8.0,0.0
2025-03-31,pahur,Jamner,0.0,33.3,44,8.0,0.0
2025-03-31,neri,Jamner,0.0,33.3,44,8.0,0.0
2025-03-31,lohara,Jamner,0.0,33.3,44,8.0,0.0
2025-04-01,kanheri,Baramati,0.0,33.2,58,8.8,0.0
2025-04-01,jalochi,Baramati,0.0,33.2,58,8.8,0.0
2025-04-01,medad,Baramati,0.0,33.2,58,8.8,0.0
2025-04-01,nimbut,Baramati,0.0,33.2,58,8.8,0.0
2025-04-01,songaon,Baramati,0.0,33.2,58,8.8,0.0
2025-04-01,gunawadi,Baramati,0.0,33.2,58,8.8,0.0
2025-04-01,pandare,Baramati,0.0,33.2,58,8.8,0.0
2025-04-01,korhale,Baramati,0.0,33.2,58,8.8,0.0
2025-04-01,lasalgaon,Niphad,0.0,33.6,46,10.7,0.0
2025-04-01,pimpalgaon,Niphad,0.0,33.6,46,10.7,0.0
2025-04-01,vinchur,Niphad,0.0,33.6,46,10.7,0.0
2025-04-01,ozar,Niphad,0.0,33.6,46,10.7,0.0
2025-04-01,shendurni,Jamner,0.0,32.7,46,7.1,0.0
2025-04-01,pahur,Jamner,0.0,32.7,46,7.1,0.0
2025-04-01,neri,Jamner,0.0,32.7,46,7.1,0.0
2025-04-01,lohara,Jamner,0.0,32.7,46,7.1,0.0
2025-04-02,kanheri,Baramati,0.0,31.5,50,13.9,0.0
2025-04-02,jalochi,Baramati,0.0,31.5,50,13.9,0.0
2025-04-02,medad,Baramati,0.0,31.5,50,13.9,0.0
2025-04-02,nimbut,Baramati,0.0,31.5,50,13.9,0.0
2025-04-02,songaon,Baramati,0.0,31.5,50,13.9,0.0
2025-04-02,gunawadi,Baramati,0.0,31.5,50,13.9,0.0
2025-04-02,pandare,Baramati,0.0,31.5,50,13.9,0.0
2025-04-02,korhale,Baramati,0.0,31.5,50,13.9,0.0
2025-04-02,lasalgaon,Niphad,0.0,34.8,48,10.9,0.0
2025-04-02,pimpalgaon,Niphad,0.0,34.8,48,10.9,0.0
2025-04-02,vinchur,Niphad,0.0,34.8,48,10.9,0.0
2025-04-02,ozar,Niphad,0.0,34.8,48,10.9,0.0
2025-04-02,shendurni,Jamner,0.0,32.0,50,9.2,0.0
2025-04-02,pahur,Jamner,0.0,32.0,50,9.2,0.0
2025-04-02,neri,Jamner,0.0,32.0,50,9.2,0.0
2025-04-02,lohara,Jamner,0.0,32.0,50,9.2,0.0
2025-04-03,kanheri,Baramati,0.0,33.7,47,10.5,0.0
2025-04-03,jalochi,Baramati,0.0,33.7,47,10.5,0.0
2025-04-03,medad,Baramati,0.0,33.7,47,10.5,0.0
2025-04-03,nimbut,Baramati,0.0,33.7,47,10.5,0.0
2025-04-03,songaon,Baramati,0.0,33.7,47,10.5,0.0
2025-04-03,gunawadi,Baramati,0.0,33.7,47,10.5,0.0
2025-04-03,pandare,Baramati,0.0,33.7,47,10.5,0.0
2025-04-03,korhale,Baramati,0.0,33.7,47,10.5,0.0
2025-04-03,lasalgaon,Niphad,0.0,31.7,49,3.0,0.0
2025-04-03,pimpalgaon,Niphad,0.0,31.7,49,3.0,0.0
2025-04-03,vinchur,Niphad,0.0,31.7,49,3.0,0.0
2025-04-03,ozar,Niphad,0.0,31.7,49,3.0,0.0
2025-04-03,shendurni,Jamner,0.0,33.0,47,5.8,0.0
2025-04-03,pahur,Jamner,0.0,33.0,47,5.8,0.0
2025-04-03,neri,Jamner,0.0,33.0,47,5.8,0.0
2025-04-03,lohara,Jamner,0.0,33.0,47,5.8,0.0
2025-04-04,kanheri,Baramati,0.0,33.6,50,11.2,0.0
2025-04-04,jalochi,Baramati,0.0,33.6,50,11.2,0.0
2025-04-04,medad,Baramati,0.0,33.6,50,11.2,0.0
2025-04-04,nimbut,Baramati,0.0,33.6,50,11.2,0.0
2025-04-04,songaon,Baramati,0.0,33.6,50,11.2,0.0
2025-04-04,gunawadi,Baramati,0.0,33.6,50,11.2,0.0
2025-04-04,pandare,Baramati,0.0,33.6,50,11.2,0.0
2025-04-04,korhale,Baramati,0.0,33.6,50,11.2,0.0
2025-04-04,lasalgaon,Niphad,0.0,33.3,48,14.7,0.0
2025-04-04,pimpalgaon,Niphad,0.0,33.3,48,14.7,0.0
2025-04-04,vinchur,Niphad,0.0,33.3,48,14.7,0.0
2025-04-04,ozar,Niphad,0.0,33.3,48,14.7,0.0
2025-04-04,shendurni,Jamner,0.0,33.0,48,7.5,0.0
2025-04-04,pahur,Jamner,0.0,33.0,48,7.5,0.0
2025-04-04,neri,Jamner,0.0,33.0,48,7.5,0.0
2025-04-04,lohara,Jamner,0.0,33.0,48,7.5,0.0
2025-04-05,kanheri,Baramati,3.2,33.8,47,14.4,3.7
2025-04-05,jalochi,Baramati,3.2,33.8,47,14.4,3.1
2025-04-05,medad,Baramati,3.2,33.8,47,14.4,4.1
2025-04-05,nimbut,Baramati,3.2,33.8,47,14.4,4.1
2025-04-05,songaon,Baramati,3.2,33.8,47,14.4,2.7
2025-04-05,gunawadi,Baramati,3.2,33.8,47,14.4,2.5
2025-04-05,pandare,Baramati,3.2,33.8,47,14.4,2.5
2025-04-05,korhale,Baramati,3.2,33.8,47,14.4,3.6
2025-04-05,lasalgaon,Niphad,0.0,33.7,51,9.8,0.0
2025-04-05,pimpalgaon,Niphad,0.0,33.7,51,9.8,0.0
2025-04-05,vinchur,Niphad,0.0,33.7,51,9.8,0.0
2025-04-05,ozar,Niphad,0.0,33.7,51,9.8,0.0
2025-04-05,shendurni,Jamner,0.0,32.8,52,15.4,0.0
2025-04-05,pahur,Jamner,0.0,32.8,52,15.4,0.0
2025-04-05,neri,Jamner,0.0,32.8,52,15.4,0.0
2025-04-05,lohara,Jamner,0.0,32.8,52,15.4,0.0
2025-04-06,kanheri,Baramati,4.8,33.8,57,10.5,4.5
2025-04-06,jalochi,Baramati,4.8,33.8,57,10.5,4.5
2025-04-06,medad,Baramati,4.8,33.8,57,10.5,5.8
2025-04-06,nimbut,Baramati,4.8,33.8,57,10.5,4.6
2025-04-06,songaon,Baramati,4.8,33.8,57,10.5,4.4
2025-04-06,gunawadi,Baramati,4.8,33.8,57,10.5,4.8
2025-04-06,pandare,Baramati,4.8,33.8,57,10.5,3.9
2025-04-06,korhale,Baramati,4.8,33.8,57,10.5,5.4
2025-04-06,lasalgaon,Niphad,0.0,33.4,41,4.6,0.0
2025-04-06,pimpalgaon,Niphad,0.0,33.4,41,4.6,0.0
2025-04-06,vinchur,Niphad,0.0,33.4,41,4.6,0.0
2025-04-06,ozar,Niphad,0.0,33.4,41,4.6,0.0
2025-04-06,shendurni,Jamner,0.0,32.7,46,6.5,0.0
2025-04-06,pahur,Jamner,0.0,32.7,46,6.5,0.0
2025-04-06,neri,Jamner,0.0,32.7,46,6.5,0.0
2025-04-06,lohara,Jamner,0.0,32.7,46,6.5,0.0
2025-04-07,kanheri,Baramati,0.0,34.8,49,14.2,0.0
2025-04-07,jalochi,Baramati,0.0,34.8,49,14.2,0.0
2025-04-07,medad,Baramati,0.0,34.8,49,14.2,0.0
2025-04-07,nimbut,Baramati,0.0,34.8,49,14.2,0.0
2025-04-07,songaon,Baramati,0.0,34.8,49,14.2,0.0
2025-04-07,gunawadi,Baramati,0.0,34.8,49,14.2,0.0
2025-04-07,pandare,Baramati,0.0,34.8,49,14.2,0.0
2025-04-07,korhale,Baramati,0.0,34.8,49,14.2,0.0
2025-04-07,lasalgaon,Niphad,0.0,33.3,46,8.0,0.0
2025-04-07,pimpalgaon,Niphad,0.0,33.3,46,8.0,0.0
2025-04-07,vinchur,Niphad,0.0,33.3,46,8.0,0.0
2025-04-07,ozar,Niphad,0.0,33.3,46,8.0,0.0
2025-04-07,shendurni,Jamner,0.0,32.6,48,14.4,0.0
2025-04-07,pahur,Jamner,0.0,32.6,48,14.4,0.0
2025-04-07,neri,Jamner,0.0,32.6,48,14.4,0.0
2025-04-07,lohara,Jamner,0.0,32.6,48,14.4,0.0
2025-04-08,kanheri,Baramati,0.0,34.0,48,2.0,0.0
2025-04-08,jalochi,Baramati,0.0,34.0,48,2.0,0.0
2025-04-08,medad,Baramati,0.0,34.0,48,2.0,0.0
2025-04-08,nimbut,Baramati,0.0,34.0,48,2.0,0.0
2025-04-08,songaon,Baramati,0.0,34.0,48,2.0,0.0
2025-04-08,gunawadi,Baramati,0.0,34.0,48,2.0,0.0
2025-04-08,pandare,Baramati,0.0,34.0,48,2.0,0.0
2025-04-08,korhale,Baramati,0.0,34.0,48,2.0,0.0
2025-04-08,lasalgaon,Niphad,0.0,33.2,51,5.6,0.0
2025-04-08,pimpalgaon,Niphad,0.0,33.2,51,5.6,0.0
2025-04-08,vinchur,Niphad,0.0,33.2,51,5.6,0.0
2025-04-08,ozar,Niphad,0.0,33.2,51,5.6,0.0
2025-04-08,shendurni,Jamner,0.0,31.7,46,9.2,0.0
2025-04-08,pahur,Jamner,0.0,31.7,46,9.2,0.0
2025-04-08,neri,Jamner,0.0,31.7,46,9.2,0.0
2025-04-08,lohara,Jamner,0.0,31.7,46,9.2,0.0
2025-04-09,kanheri,Baramati,0.0,34.0,52,10.9,0.0
2025-04-09,jalochi,Baramati,0.0,34.0,52,10.9,0.0
2025-04-09,medad,Baramati,0.0,34.0,52,10.9,0.0
2025-04-09,nimbut,Baramati,0.0,34.0,52,10.9,0.0
2025-04-09,songaon,Baramati,0.0,34.0,52,10.9,0.0
2025-04-09,gunawadi,Baramati,0.0,34.0,52,10.9,0.0
2025-04-09,pandare,Baramati,0.0,34.0,52,10.9,0.0
2025-04-09,korhale,Baramati,0.0,34.0,52,10.9,0.0
2025-04-09,lasalgaon,Niphad,0.0,31.8,48,5.5,0.0
2025-04-09,pimpalgaon,Niphad,0.0,31.8,48,5.5,0.0
2025-04-09,vinchur,Niphad,0.0,31.8,48,5.5,0.0
2025-04-09,ozar,Niphad,0.0,31.8,48,5.5,0.0
2025-04-09,shendurni,Jamner,0.0,34.2,50,6.6,0.0
2025-04-09,pahur,Jamner,0.0,34.2,50,6.6,0.0
2025-04-09,neri,Jamner,0.0,34.2,50,6.6,0.0
2025-04-09,lohara,Jamner,0.0,34.2,50,6.6,0.0
2025-04-10,kanheri,Baramati,3.0,33.0,62,8.8,2.5
2025-04-10,jalochi,Baramati,3.0,33.0,62,8.8,1.8
2025-04-10,medad,Baramati,3.0,33.0,62,8.8,2.9
2025-04-10,nimbut,Baramati,3.0,33.0,62,8.8,3.7
2025-04-10,songaon,Baramati,3.0,33.0,62,8.8,3.0
2025-04-10,gunawadi,Baramati,3.0,33.0,62,8.8,1.7
2025-04-10,pandare,Baramati,3.0,33.0,62,8.8,3.6
2025-04-10,korhale,Baramati,3.0,33.0,62,8.8,4.8
2025-04-10,lasalgaon,Niphad,1.6,32.1,48,11.7,1.3
2025-04-10,pimpalgaon,Niphad,1.6,32.1,48,11.7,1.7
2025-04-10,vinchur,Niphad,1.6,32.1,48,11.7,1.9
2025-04-10,ozar,Niphad,1.6,32.1,48,11.7,1.9
2025-04-10,shendurni,Jamner,0.0,32.4,39,11.8,0.0
2025-04-10,pahur,Jamner,0.0,32.4,39,11.8,0.0
2025-04-10,neri,Jamner,0.0,32.4,39,11.8,0.0
2025-04-10,lohara,Jamner,0.0,32.4,39,11.8,0.0
2025-04-11,kanheri,Baramati,0.0,33.3,43,8.6,0.0
2025-04-11,jalochi,Baramati,0.0,33.3,43,8.6,0.0
2025-04-11,medad,Baramati,0.0,33.3,43,8.6,0.0
2025-04-11,nimbut,Baramati,0.0,33.3,43,8.6,0.0
2025-04-11,songaon,Baramati,0.0,33.3,43,8.6,0.0
2025-04-11,gunawadi,Baramati,0.0,33.3,43,8.6,0.0
2025-04-11,pandare,Baramati,0.0,33.3,43,8.6,0.0
2025-04-11,korhale,Baramati,0.0,33.3,43,8.6,0.0
2025-04-11,lasalgaon,Niphad,0.0,31.8,50,13.5,0.0
2025-04-11,pimpalgaon,Niphad,0.0,31.8,50,13.5,0.0
2025-04-11,vinchur,Niphad,0.0,31.8,50,13.5,0.0
2025-04-11,ozar,Niphad,0.0,31.8,50,13.5,0.0
2025-04-11,shendurni,Jamner,1.7,32.8,49,7.2,2.0
2025-04-11,pahur,Jamner,1.7,32.8,49,7.2,1.8
2025-04-11,neri,Jamner,1.7,32.8,49,7.2,1.7
2025-04-11,lohara,Jamner,1.7,32.8,49,7.2,1.5
2025-04-12,kanheri,Baramati,0.0,32.7,49,7.6,0.0
2025-04-12,jalochi,Baramati,0.0,32.7,49,7.6,0.0
2025-04-12,medad,Baramati,0.0,32.7,49,7.6,0.0
2025-04-12,nimbut,Baramati,0.0,32.7,49,7.6,0.0
2025-04-12,songaon,Baramati,0.0,32.7,49,7.6,0.0
2025-04-12,gunawadi,Baramati,0.0,32.7,49,7.6,0.0
2025-04-12,pandare,Baramati,0.0,32.7,49,7.6,0.0
2025-04-12,korhale,Baramati,0.0,32.7,49,7.6,0.0
2025-04-12,lasalgaon,Niphad,4.5,33.1,51,9.4,4.5
2025-04-12,pimpalgaon,Niphad,4.5,33.1,51,9.4,5.1
2025-04-12,vinchur,Niphad,4.5,33.1,51,9.4,5.0
2025-04-12,ozar,Niphad,4.5,33.1,51,9.4,6.1
2025-04-12,shendurni,Jamner,0.0,33.0,51,13.0,0.0
2025-04-12,pahur,Jamner,0.0,33.0,51,13.0,0.0
2025-04-12,neri,Jamner,0.0,33.0,51,13.0,0.0
2025-04-12,lohara,Jamner,0.0,33.0,51,13.0,0.0
2025-04-13,kanheri,Baramati,0.0,34.1,49,4.6,0.0
2025-04-13,jalochi,Baramati,0.0,34.1,49,4.6,0.0
2025-04-13,medad,Baramati,0.0,34.1,49,4.6,0.0
2025-04-13,nimbut,Baramati,0.0,34.1,49,4.6,0.0
2025-04-13,songaon,Baramati,0.0,34.1,49,4.6,0.0
2025-04-13,gunawadi,Baramati,0.0,34.1,49,4.6,0.0
2025-04-13,pandare,Baramati,0.0,34.1,49,4.6,0.0
2025-04-13,korhale,Baramati,0.0,34.1,49,4.6,0.0
2025-04-13,lasalgaon,Niphad,0.0,32.5,58,3.6,0.0
2025-04-13,pimpalgaon,Niphad,0.0,32.5,58,3.6,0.0
2025-04-13,vinchur,Niphad,0.0,32.5,58,3.6,0.0
2025-04-13,ozar,Niphad,0.0,32.5,58,3.6,0.0
2025-04-13,shendurni,Jamner,2.2,32.6,55,9.1,2.4
2025-04-13,pahur,Jamner,2.2,32.6,55,9.1,2.5
2025-04-13,neri,Jamner,2.2,32.6,55,9.1,2.0
2025-04-13,lohara,Jamner,2.2,32.6,55,9.1,1.3
2025-04-14,kanheri,Baramati,0.0,35.4,54,10.5,0.0
2025-04-14,jalochi,Baramati,0.0,35.4,54,10.5,0.0
2025-04-14,medad,Baramati,0.0,35.4,54,10.5,0.0
2025-04-14,nimbut,Baramati,0.0,35.4,54,10.5,0.0
2025-04-14,songaon,Baramati,0.0,35.4,54,10.5,0.0
2025-04-14,gunawadi,Baramati,0.0,35.4,54,10.5,0.0
2025-04-14,pandare,Baramati,0.0,35.4,54,10.5,0.0
2025-04-14,korhale,Baramati,0.0,35.4,54,10.5,0.0
2025-04-14,lasalgaon,Niphad,0.0,32.5,45,9.9,0.0
2025-04-14,pimpalgaon,Niphad,0.0,32.5,45,9.9,0.0
2025-04-14,vinchur,Niphad,0.0,32.5,45,9.9,0.0
2025-04-14,ozar,Niphad,0.0,32.5,45,9.9,0.0
2025-04-14,shendurni,Jamner,0.0,34.5,53,2.6,0.0
2025-04-14,pahur,Jamner,0.0,34.5,53,2.6,0.0
2025-04-14,neri,Jamner,0.0,34.5,53,2.6,0.0
2025-04-14,lohara,Jamner,0.0,34.5,53,2.6,0.0
2025-04-15,kanheri,Baramati,0.0,33.1,45,11.8,0.0
2025-04-15,jalochi,Baramati,0.0,33.1,45,11.8,0.0
2025-04-15,medad,Baramati,0.0,33.1,45,11.8,0.0
2025-04-15,nimbut,Baramati,0.0,33.1,45,11.8,0.0
2025-04-15,songaon,Baramati,0.0,33.1,45,11.8,0.0
2025-04-15,gunawadi,Baramati,0.0,33.1,45,11.8,0.0
2025-04-15,pandare,Baramati,0.0,33.1,45,11.8,0.0
2025-04-15,korhale,Baramati,0.0,33.1,45,11.8,0.0
2025-04-15,lasalgaon,Niphad,0.0,34.5,46,12.8,0.0
2025-04-15,pimpalgaon,Niphad,0.0,34.5,46,12.8,0.0
2025-04-15,vinchur,Niphad,0.0,34.5,46,12.8,0.0
2025-04-15,ozar,Niphad,0.0,34.5,46,12.8,0.0
2025-04-15,shendurni,Jamner,0.0,33.7,51,7.2,0.0
2025-04-15,pahur,Jamner,0.0,33.7,51,7.2,0.0
2025-04-15,neri,Jamner,0.0,33.7,51,7.2,0.0
2025-04-15,lohara,Jamner,0.0,33.7,51,7.2,0.0
2025-04-16,kanheri,Baramati,0.0,33.6,47,2.0,0.0
2025-04-16,jalochi,Baramati,0.0,33.6,47,2.0,0.0
2025-04-16,medad,Baramati,0.0,33.6,47,2.0,0.0
2025-04-16,nimbut,Baramati,0.0,33.6,47,2.0,0.0
2025-04-16,songaon,Baramati,0.0,33.6,47,2.0,0.0
2025-04-16,gunawadi,Baramati,0.0,33.6,47,2.0,0.0
2025-04-16,pandare,Baramati,0.0,33.6,47,2.0,0.0
2025-04-16,korhale,Baramati,0.0,33.6,47,2.0,0.0
2025-04-16,lasalgaon,Niphad,0.0,33.0,48,8.6,0.0
2025-04-16,pimpalgaon,Niphad,0.0,33.0,48,8.6,0.0
2025-04-16,vinchur,Niphad,0.0,33.0,48,8.6,0.0
2025-04-16,ozar,Niphad,0.0,33.0,48,8.6,0.0
2025-04-16,shendurni,Jamner,0.0,33.9,55,4.1,0.0
2025-04-16,pahur,Jamner,0.0,33.9,55,4.1,0.0
2025-04-16,neri,Jamner,0.0,33.9,55,4.1,0.0
2025-04-16,lohara,Jamner,0.0,33.9,55,4.1,0.0
2025-04-17,kanheri,Baramati,5.9,31.7,51,3.0,5.2
2025-04-17,jalochi,Baramati,5.9,31.7,51,3.0,4.8
2025-04-17,medad,Baramati,5.9,31.7,51,3.0,6.6
2025-04-17,nimbut,Baramati,5.9,31.7,51,3.0,6.2
2025-04-17,songaon,Baramati,5.9,31.7,51,3.0,6.1
2025-04-17,gunawadi,Baramati,5.9,31.7,51,3.0,4.1
2025-04-17,pandare,Baramati,5.9,31.7,51,3.0,5.4
2025-04-17,korhale,Baramati,5.9,31.7,51,3.0,6.1
2025-04-17,lasalgaon,Niphad,3.9,31.6,52,6.3,4.3
2025-04-17,pimpalgaon,Niphad,3.9,31.6,52,6.3,3.8
2025-04-17,vinchur,Niphad,3.9,31.6,52,6.3,3.6
2025-04-17,ozar,Niphad,3.9,31.6,52,6.3,5.5
2025-04-17,shendurni,Jamner,0.0,33.5,46,9.6,0.0
2025-04-17,pahur,Jamner,0.0,33.5,46,9.6,0.0
2025-04-17,neri,Jamner,0.0,33.5,46,9.6,0.0
2025-04-17,lohara,Jamner,0.0,33.5,46,9.6,0.0
2025-04-18,kanheri,Baramati,0.0,32.1,50,14.8,0.0
2025-04-18,jalochi,Baramati,0.0,32.1,50,14.8,0.0
2025-04-18,medad,Baramati,0.0,32.1,50,14.8,0.0
2025-04-18,nimbut,Baramati,0.0,32.1,50,14.8,0.0
2025-04-18,songaon,Baramati,0.0,32.1,50,14.8,0.0
2025-04-18,gunawadi,Baramati,0.0,32.1,50,14.8,0.0
2025-04-18,pandare,Baramati,0.0,32.1,50,14.8,0.0
2025-04-18,korhale,Baramati,0.0,32.1,50,14.8,0.0
2025-04-18,lasalgaon,Niphad,0.0,34.0,44,4.9,0.0
2025-04-18,pimpalgaon,Niphad,0.0,34.0,44,4.9,0.0
2025-04-18,vinchur,Niphad,0.0,34.0,44,4.9,0.0
2025-04-18,ozar,Niphad,0.0,34.0,44,4.9,0.0
2025-04-18,shendurni,Jamner,0.0,31.2,43,9.8,0.0
2025-04-18,pahur,Jamner,0.0,31.2,43,9.8,0.0
2025-04-18,neri,Jamner,0.0,31.2,43,9.8,0.0
2025-04-18,lohara,Jamner,0.0,31.2,43,9.8,0.0
2025-04-19,kanheri,Baramati,0.0,33.5,56,11.8,0.0
2025-04-19,jalochi,Baramati,0.0,33.5,56,11.8,0.0
2025-04-19,medad,Baramati,0.0,33.5,56,11.8,0.0
2025-04-19,nimbut,Baramati,0.0,33.5,56,11.8,0.0
2025-04-19,songaon,Baramati,0.0,33.5,56,11.8,0.0
2025-04-19,gunawadi,Baramati,0.0,33.5,56,11.8,0.0
2025-04-19,pandare,Baramati,0.0,33.5,56,11.8,0.0
2025-04-19,korhale,Baramati,0.0,33.5,56,11.8,0.0
2025-04-19,lasalgaon,Niphad,0.0,31.8,46,10.3,0.0
2025-04-19,pimpalgaon,Niphad,0.0,31.8,46,10.3,0.0
2025-04-19,vinchur,Niphad,0.0,31.8,46,10.3,0.0
2025-04-19,ozar,Niphad,0.0,31.8,46,10.3,0.0
2025-04-19,shendurni,Jamner,0.0,32.7,50,12.3,0.0
2025-04-19,pahur,Jamner,0.0,32.7,50,12.3,0.0
2025-04-19,neri,Jamner,0.0,32.7,50,12.3,0.0
2025-04-19,lohara,Jamner,0.0,32.7,50,12.3,0.0
2025-04-20,kanheri,Baramati,0.0,34.7,48,6.3,0.0
2025-04-20,jalochi,Baramati,0.0,34.7,48,6.3,0.0
2025-04-20,medad,Baramati,0.0,34.7,48,6.3,0.0
2025-04-20,nimbut,Baramati,0.0,34.7,48,6.3,0.0
2025-04-20,songaon,Baramati,0.0,34.7,48,6.3,0.0
2025-04-20,gunawadi,Baramati,0.0,34.7,48,6.3,0.0
2025-04-20,pandare,Baramati,0.0,34.7,48,6.3,0.0
2025-04-20,korhale,Baramati,0.0,34.7,48,6.3,0.0
2025-04-20,lasalgaon,Niphad,0.0,34.0,47,11.8,0.0
2025-04-20,pimpalgaon,Niphad,0.0,34.0,47,11.8,0.0
2025-04-20,vinchur,Niphad,0.0,34.0,47,11.8,0.0
2025-04-20,ozar,Niphad,0.0,34.0,47,11.8,0.0
2025-04-20,shendurni,Jamner,0.0,33.4,44,4.4,0.0
2025-04-20,pahur,Jamner,0.0,33.4,44,4.4,0.0
2025-04-20,neri,Jamner,0.0,33.4,44,4.4,0.0
2025-04-20,lohara,Jamner,0.0,33.4,44,4.4,0.0
2025-04-21,kanheri,Baramati,0.0,35.0,48,2.0,0.0
2025-04-21,jalochi,Baramati,0.0,35.0,48,2.0,0.0
2025-04-21,medad,Baramati,0.0,35.0,48,2.0,0.0
2025-04-21,nimbut,Baramati,0.0,35.0,48,2.0,0.0
2025-04-21,songaon,Baramati,0.0,35.0,48,2.0,0.0
2025-04-21,gunawadi,Baramati,0.0,35.0,48,2.0,0.0
2025-04-21,pandare,Baramati,0.0,35.0,48,2.0,0.0
2025-04-21,korhale,Baramati,0.0,35.0,48,2.0,0.0
2025-04-21,lasalgaon,Niphad,0.0,30.7,42,6.1,0.0
2025-04-21,pimpalgaon,Niphad,0.0,30.7,42,6.1,0.0
2025-04-21,vinchur,Niphad,0.0,30.7,42,6.1,0.0
2025-04-21,ozar,Niphad,0.0,30.7,42,6.1,0.0
2025-04-21,shendurni,Jamner,0.0,31.4,51,8.6,0.0
2025-04-21,pahur,Jamner,0.0,31.4,51,8.6,0.0
2025-04-21,neri,Jamner,0.0,31.4,51,8.6,0.0
2025-04-21,lohara,Jamner,0.0,31.4,51,8.6,0.0
2025-04-22,kanheri,Baramati,2.7,35.1,49,4.0,3.1
2025-04-22,jalochi,Baramati,2.7,35.1,49,4.0,2.5
2025-04-22,medad,Baramati,2.7,35.1,49,4.0,3.4
2025-04-22,nimbut,Baramati,2.7,35.1,49,4.0,2.8
2025-04-22,songaon,Baramati,2.7,35.1,49,4.0,2.6
2025-04-22,gunawadi,Baramati,2.7,35.1,49,4.0,2.1
2025-04-22,pandare,Baramati,2.7,35.1,49,4.0,2.9
2025-04-22,korhale,Baramati,2.7,35.1,49,4.0,3.0
2025-04-22,lasalgaon,Niphad,0.0,34.1,51,2.0,0.0
2025-04-22,pimpalgaon,Niphad,0.0,34.1,51,2.0,0.0
2025-04-22,vinchur,Niphad,0.0,34.1,51,2.0,0.0
2025-04-22,ozar,Niphad,0.0,34.1,51,2.0,0.0
2025-04-22,shendurni,Jamner,0.0,32.4,41,8.5,0.0
2025-04-22,pahur,Jamner,0.0,32.4,41,8.5,0.0
2025-04-22,neri,Jamner,0.0,32.4,41,8.5,0.0
2025-04-22,lohara,Jamner,0.0,32.4,41,8.5,0.0
2025-04-23,kanheri,Baramati,0.0,32.2,48,12.4,0.0
2025-04-23,jalochi,Baramati,0.0,32.2,48,12.4,0.0
2025-04-23,medad,Baramati,0.0,32.2,48,12.4,0.0
2025-04-23,nimbut,Baramati,0.0,32.2,48,12.4,0.0
2025-04-23,songaon,Baramati,0.0,32.2,48,12.4,0.0
2025-04-23,gunawadi,Baramati,0.0,32.2,48,12.4,0.0
2025-04-23,pandare,Baramati,0.0,32.2,48,12.4,0.0
2025-04-23,korhale,Baramati,0.0,32.2,48,12.4,0.0
2025-04-23,lasalgaon,Niphad,0.0,30.5,58,2.5,0.0
2025-04-23,pimpalgaon,Niphad,0.0,30.5,58,2.5,0.0
2025-04-23,vinchur,Niphad,0.0,30.5,58,2.5,0.0
2025-04-23,ozar,Niphad,0.0,30.5,58,2.5,0.0
2025-04-23,shendurni,Jamner,0.0,33.4,50,2.9,0.0
2025-04-23,pahur,Jamner,0.0,33.4,50,2.9,0.0
2025-04-23,neri,Jamner,0.0,33.4,50,2.9,0.0
2025-04-23,lohara,Jamner,0.0,33.4,50,2.9,0.0
2025-04-24,kanheri,Baramati,0.0,32.1,52,2.0,0.0
2025-04-24,jalochi,Baramati,0.0,32.1,52,2.0,0.0
2025-04-24,medad,Baramati,0.0,32.1,52,2.0,0.0
2025-04-24,nimbut,Baramati,0.0,32.1,52,2.0,0.0
2025-04-24,songaon,Baramati,0.0,32.1,52,2.0,0.0
2025-04-24,gunawadi,Baramati,0.0,32.1,52,2.0,0.0
2025-04-24,pandare,Baramati,0.0,32.1,52,2.0,0.0
2025-04-24,korhale,Baramati,0.0,32.1,52,2.0,0.0
2025-04-24,lasalgaon,Niphad,0.0,33.7,49,15.8,0.0
2025-04-24,pimpalgaon,Niphad,0.0,33.7,49,15.8,0.0
2025-04-24,vinchur,Niphad,0.0,33.7,49,15.8,0.0
2025-04-24,ozar,Niphad,0.0,33.7,49,15.8,0.0
2025-04-24,shendurni,Jamner,0.0,33.6,48,2.0,0.0
2025-04-24,pahur,Jamner,0.0,33.6,48,2.0,0.0
2025-04-24,neri,Jamner,0.0,33.6,48,2.0,0.0
2025-04-24,lohara,Jamner,0.0,33.6,48,2.0,0.0
2025-04-25,kanheri,Baramati,10.8,33.2,56,5.2,12.4
2025-04-25,jalochi,Baramati,10.8,33.2,56,5.2,9.8
2025-04-25,medad,Baramati,10.8,33.2,56,5.2,15.9
2025-04-25,nimbut,Baramati,10.8,33.2,56,5.2,11.7
2025-04-25,songaon,Baramati,10.8,33.2,56,5.2,9.8
2025-04-25,gunawadi,Baramati,10.8,33.2,56,5.2,8.5
2025-04-25,pandare,Baramati,10.8,33.2,56,5.2,8.3
2025-04-25,korhale,Baramati,10.8,33.2,56,5.2,11.2
2025-04-25,lasalgaon,Niphad,0.0,34.8,43,9.7,0.0
2025-04-25,pimpalgaon,Niphad,0.0,34.8,43,9.7,0.0
2025-04-25,vinchur,Niphad,0.0,34.8,43,9.7,0.0
2025-04-25,ozar,Niphad,0.0,34.8,43,9.7,0.0
2025-04-25,shendurni,Jamner,0.0,32.5,52,19.5,0.0
2025-04-25,pahur,Jamner,0.0,32.5,52,19.5,0.0
2025-04-25,neri,Jamner,0.0,32.5,52,19.5,0.0
2025-04-25,lohara,Jamner,0.0,32.5,52,19.5,0.0
2025-04-26,kanheri,Baramati,0.0,32.8,51,3.1,0.0
2025-04-26,jalochi,Baramati,0.0,32.8,51,3.1,0.0
2025-04-26,medad,Baramati,0.0,32.8,51,3.1,0.0
2025-04-26,nimbut,Baramati,0.0,32.8,51,3.1,0.0
2025-04-26,songaon,Baramati,0.0,32.8,51,3.1,0.0
2025-04-26,gunawadi,Baramati,0.0,32.8,51,3.1,0.0
2025-04-26,pandare,Baramati,0.0,32.8,51,3.1,0.0
2025-04-26,korhale,Baramati,0.0,32.8,51,3.1,0.0
2025-04-26,lasalgaon,Niphad,0.0,33.2,46,13.0,0.0
2025-04-26,pimpalgaon,Niphad,0.0,33.2,46,13.0,0.0
2025-04-26,vinchur,Niphad,0.0,33.2,46,13.0,0.0
2025-04-26,ozar,Niphad,0.0,33.2,46,13.0,0.0
2025-04-26,shendurni,Jamner,0.0,35.3,44,13.1,0.0
2025-04-26,pahur,Jamner,0.0,35.3,44,13.1,0.0
2025-04-26,neri,Jamner,0.0,35.3,44,13.1,0.0
2025-04-26,lohara,Jamner,0.0,35.3,44,13.1,0.0
2025-04-27,kanheri,Baramati,8.1,32.0,50,9.4,6.7
2025-04-27,jalochi,Baramati,8.1,32.0,50,9.4,7.3
2025-04-27,medad,Baramati,8.1,32.0,50,9.4,10.1
2025-04-27,nimbut,Baramati,8.1,32.0,50,9.4,8.7
2025-04-27,songaon,Baramati,8.1,32.0,50,9.4,7.8
2025-04-27,gunawadi,Baramati,8.1,32.0,50,9.4,7.0
2025-04-27,pandare,Baramati,8.1,32.0,50,9.4,8.3
2025-04-27,korhale,Baramati,8.1,32.0,50,9.4,9.8
2025-04-27,lasalgaon,Niphad,0.0,34.4,51,6.7,0.0
2025-04-27,pimpalgaon,Niphad,0.0,34.4,51,6.7,0.0
2025-04-27,vinchur,Niphad,0.0,34.4,51,6.7,0.0
2025-04-27,ozar,Niphad,0.0,34.4,51,6.7,0.0
2025-04-27,shendurni,Jamner,0.0,35.2,50,4.3,0.0
2025-04-27,pahur,Jamner,0.0,35.2,50,4.3,0.0
2025-04-27,neri,Jamner,0.0,35.2,50,4.3,0.0
2025-04-27,lohara,Jamner,0.0,35.2,50,4.3,0.0
2025-04-28,kanheri,Baramati,0.0,32.6,56,9.8,0.0
2025-04-28,jalochi,Baramati,0.0,32.6,56,9.8,0.0
2025-04-28,medad,Baramati,0.0,32.6,56,9.8,0.0
2025-04-28,nimbut,Baramati,0.0,32.6,56,9.8,0.0
2025-04-28,songaon,Baramati,0.0,32.6,56,9.8,0.0
2025-04-28,gunawadi,Baramati,0.0,32.6,56,9.8,0.0
2025-04-28,pandare,Baramati,0.0,32.6,56,9.8,0.0
2025-04-28,korhale,Baramati,0.0,32.6,56,9.8,0.0
2025-04-28,lasalgaon,Niphad,0.0,33.5,45,6.2,0.0
2025-04-28,pimpalgaon,Niphad,0.0,33.5,45,6.2,0.0
2025-04-28,vinchur,Niphad,0.0,33.5,45,6.2,0.0
2025-04-28,ozar,Niphad,0.0,33.5,45,6.2,0.0
2025-04-28,shendurni,Jamner,2.3,32.0,53,2.8,2.5
2025-04-28,pahur,Jamner,2.3,32.0,53,2.8,2.2
2025-04-28,neri,Jamner,2.3,32.0,53,2.8,2.0
2025-04-28,lohara,Jamner,2.3,32.0,53,2.8,1.9
2025-04-29,kanheri,Baramati,0.0,31.9,52,14.1,0.0
2025-04-29,jalochi,Baramati,0.0,31.9,52,14.1,0.0
2025-04-29,medad,Baramati,0.0,31.9,52,14.1,0.0
2025-04-29,nimbut,Baramati,0.0,31.9,52,14.1,0.0
2025-04-29,songaon,Baramati,0.0,31.9,52,14.1,0.0
2025-04-29,gunawadi,Baramati,0.0,31.9,52,14.1,0.0
2025-04-29,pandare,Baramati,0.0,31.9,52,14.1,0.0
2025-04-29,korhale,Baramati,0.0,31.9,52,14.1,0.0
2025-04-29,lasalgaon,Niphad,0.0,32.4,55,12.1,0.0
2025-04-29,pimpalgaon,Niphad,0.0,32.4,55,12.1,0.0
2025-04-29,vinchur,Niphad,0.0,32.4,55,12.1,0.0
2025-04-29,ozar,Niphad,0.0,32.4,55,12.1,0.0
2025-04-29,shendurni,Jamner,0.0,31.4,51,10.5,0.0
2025-04-29,pahur,Jamner,0.0,31.4,51,10.5,0.0
2025-04-29,neri,Jamner,0.0,31.4,51,10.5,0.0
2025-04-29,lohara,Jamner,0.0,31.4,51,10.5,0.0
2025-04-30,kanheri,Baramati,0.0,30.9,53,7.1,0.0
2025-04-30,jalochi,Baramati,0.0,30.9,53,7.1,0.0
2025-04-30,medad,Baramati,0.0,30.9,53,7.1,0.0
2025-04-30,nimbut,Baramati,0.0,30.9,53,7.1,0.0
2025-04-30,songaon,Baramati,0.0,30.9,53,7.1,0.0
2025-04-30,gunawadi,Baramati,0.0,30.9,53,7.1,0.0
2025-04-30,pandare,Baramati,0.0,30.9,53,7.1,0.0
2025-04-30,korhale,Baramati,0.0,30.9,53,7.1,0.0
2025-04-30,lasalgaon,Niphad,0.0,32.0,46,5.9,0.0
2025-04-30,pimpalgaon,Niphad,0.0,32.0,46,5.9,0.0
2025-04-30,vinchur,Niphad,0.0,32.0,46,5.9,0.0
2025-04-30,ozar,Niphad,0.0,32.0,46,5.9,0.0
2025-04-30,shendurni,Jamner,0.0,36.3,50,9.4,0.0
2025-04-30,pahur,Jamner,0.0,36.3,50,9.4,0.0
2025-04-30,neri,Jamner,0.0,36.3,50,9.4,0.0
2025-04-30,lohara,Jamner,0.0,36.3,50,9.4,0.0
2025-05-01,kanheri,Baramati,0.0,31.2,52,7.5,0.0
2025-05-01,jalochi,Baramati,0.0,31.2,52,7.5,0.0
2025-05-01,medad,Baramati,0.0,31.2,52,7.5,0.0
2025-05-01,nimbut,Baramati,0.0,31.2,52,7.5,0.0
2025-05-01,songaon,Baramati,0.0,31.2,52,7.5,0.0
2025-05-01,gunawadi,Baramati,0.0,31.2,52,7.5,0.0
2025-05-01,pandare,Baramati,0.0,31.2,52,7.5,0.0
2025-05-01,korhale,Baramati,0.0,31.2,52,7.5,0.0
2025-05-01,lasalgaon,Niphad,0.0,34.9,52,5.0,0.0
2025-05-01,pimpalgaon,Niphad,0.0,34.9,52,5.0,0.0
2025-05-01,vinchur,Niphad,0.0,34.9,52,5.0,0.0
2025-05-01,ozar,Niphad,0.0,34.9,52,5.0,0.0
2025-05-01,shendurni,Jamner,0.0,32.6,47,4.9,0.0
2025-05-01,pahur,Jamner,0.0,32.6,47,4.9,0.0
2025-05-01,neri,Jamner,0.0,32.6,47,4.9,0.0
2025-05-01,lohara,Jamner,0.0,32.6,47,4.9,0.0
2025-05-02,kanheri,Baramati,0.0,31.9,50,7.9,0.0
2025-05-02,jalochi,Baramati,0.0,31.9,50,7.9,0.0
2025-05-02,medad,Baramati,0.0,31.9,50,7.9,0.0
2025-05-02,nimbut,Baramati,0.0,31.9,50,7.9,0.0
2025-05-02,songaon,Baramati,0.0,31.9,50,7.9,0.0
2025-05-02,gunawadi,Baramati,0.0,31.9,50,7.9,0.0
2025-05-02,pandare,Baramati,0.0,31.9,50,7.9,0.0
2025-05-02,korhale,Baramati,0.0,31.9,50,7.9,0.0
2025-05-02,lasalgaon,Niphad,0.0,32.6,48,7.6,0.0
2025-05-02,pimpalgaon,Niphad,0.0,32.6,48,7.6,0.0
2025-05-02,vinchur,Niphad,0.0,32.6,48,7.6,0.0
2025-05-02,ozar,Niphad,0.0,32.6,48,7.6,0.0
2025-05-02,shendurni,Jamner,0.0,31.8,50,9.3,0.0
2025-05-02,pahur,Jamner,0.0,31.8,50,9.3,0.0
2025-05-02,neri,Jamner,0.0,31.8,50,9.3,0.0
2025-05-02,lohara,Jamner,0.0,31.8,50,9.3,0.0
2025-05-03,kanheri,Baramati,0.0,31.3,44,6.5,0.0
2025-05-03,jalochi,Baramati,0.0,31.3,44,6.5,0.0
2025-05-03,medad,Baramati,0.0,31.3,44,6.5,0.0
2025-05-03,nimbut,Baramati,0.0,31.3,44,6.5,0.0
2025-05-03,songaon,Baramati,0.0,31.3,44,6.5,0.0
2025-05-03,gunawadi,Baramati,0.0,31.3,44,6.5,0.0
2025-05-03,pandare,Baramati,0.0,31.3,44,6.5,0.0
2025-05-03,korhale,Baramati,0.0,31.3,44,6.5,0.0
2025-05-03,lasalgaon,Niphad,0.0,32.0,50,4.8,0.0
2025-05-03,pimpalgaon,Niphad,0.0,32.0,50,4.8,0.0
2025-05-03,vinchur,Niphad,0.0,32.0,50,4.8,0.0
2025-05-03,ozar,Niphad,0.0,32.0,50,4.8,0.0
2025-05-03,shendurni,Jamner,0.0,34.0,55,9.2,0.0
2025-05-03,pahur,Jamner,0.0,34.0,55,9.2,0.0
2025-05-03,neri,Jamner,0.0,34.0,55,9.2,0.0
2025-05-03,lohara,Jamner,0.0,34.0,55,9.2,0.0
2025-05-04,kanheri,Baramati,0.0,31.9,56,12.1,0.0
2025-05-04,jalochi,Baramati,0.0,31.9,56,12.1,0.0
2025-05-04,medad,Baramati,0.0,31.9,56,12.1,0.0
2025-05-04,nimbut,Baramati,0.0,31.9,56,12.1,0.0
2025-05-04,songaon,Baramati,0.0,31.9,56,12.1,0.0
2025-05-04,gunawadi,Baramati,0.0,31.9,56,12.1,0.0
2025-05-04,pandare,Baramati,0.0,31.9,56,12.1,0.0
2025-05-04,korhale,Baramati,0.0,31.9,56,12.1,0.0
2025-05-04,lasalgaon,Niphad,0.0,31.6,51,8.7,0.0
2025-05-04,pimpalgaon,Niphad,0.0,31.6,51,8.7,0.0
2025-05-04,vinchur,Niphad,0.0,31.6,51,8.7,0.0
2025-05-04,ozar,Niphad,0.0,31.6,51,8.7,0.0
2025-05-04,shendurni,Jamner,3.1,33.9,51,7.9,3.2
2025-05-04,pahur,Jamner,3.1,33.9,51,7.9,3.4
2025-05-04,neri,Jamner,3.1,33.9,51,7.9,2.7
2025-05-04,lohara,Jamner,3.1,33.9,51,7.9,2.6
2025-05-05,kanheri,Baramati,0.0,31.9,48,8.1,0.0
2025-05-05,jalochi,Baramati,0.0,31.9,48,8.1,0.0
2025-05-05,medad,Baramati,0.0,31.9,48,8.1,0.0
2025-05-05,nimbut,Baramati,0.0,31.9,48,8.1,0.0
2025-05-05,songaon,Baramati,0.0,31.9,48,8.1,0.0
2025-05-05,gunawadi,Baramati,0.0,31.9,48,8.1,0.0
2025-05-05,pandare,Baramati,0.0,31.9,48,8.1,0.0
2025-05-05,korhale,Baramati,0.0,31.9,48,8.1,0.0
2025-05-05,lasalgaon,Niphad,0.0,33.1,50,12.7,0.0
2025-05-05,pimpalgaon,Niphad,0.0,33.1,50,12.7,0.0
2025-05-05,vinchur,Niphad,0.0,33.1,50,12.7,0.0
2025-05-05,ozar,Niphad,0.0,33.1,50,12.7,0.0
2025-05-05,shendurni,Jamner,0.0,33.7,42,4.9,0.0
2025-05-05,pahur,Jamner,0.0,33.7,42,4.9,0.0
2025-05-05,neri,Jamner,0.0,33.7,42,4.9,0.0
2025-05-05,lohara,Jamner,0.0,33.7,42,4.9,0.0
2025-05-06,kanheri,Baramati,0.0,33.5,52,11.5,0.0
2025-05-06,jalochi,Baramati,0.0,33.5,52,11.5,0.0
2025-05-06,medad,Baramati,0.0,33.5,52,11.5,0.0
2025-05-06,nimbut,Baramati,0.0,33.5,52,11.5,0.0
2025-05-06,songaon,Baramati,0.0,33.5,52,11.5,0.0
2025-05-06,gunawadi,Baramati,0.0,33.5,52,11.5,0.0
2025-05-06,pandare,Baramati,0.0,33.5,52,11.5,0.0
2025-05-06,korhale,Baramati,0.0,33.5,52,11.5,0.0
2025-05-06,lasalgaon,Niphad,1.3,31.6,48,2.0,1.0
2025-05-06,pimpalgaon,Niphad,1.3,31.6,48,2.0,1.0
2025-05-06,vinchur,Niphad,1.3,31.6,48,2.0,1.5
2025-05-06,ozar,Niphad,1.3,31.6,48,2.0,1.4
2025-05-06,shendurni,Jamner,0.0,32.1,52,3.2,0.0
2025-05-06,pahur,Jamner,0.0,32.1,52,3.2,0.0
2025-05-06,neri,Jamner,0.0,32.1,52,3.2,0.0
2025-05-06,lohara,Jamner,0.0,32.1,52,3.2,0.0
2025-05-07,kanheri,Baramati,0.0,31.1,46,6.1,0.0
2025-05-07,jalochi,Baramati,0.0,31.1,46,6.1,0.0
2025-05-07,medad,Baramati,0.0,31.1,46,6.1,0.0
2025-05-07,nimbut,Baramati,0.0,31.1,46,6.1,0.0
2025-05-07,songaon,Baramati,0.0,31.1,46,6.1,0.0
2025-05-07,gunawadi,Baramati,0.0,31.1,46,6.1,0.0
2025-05-07,pandare,Baramati,0.0,31.1,46,6.1,0.0
2025-05-07,korhale,Baramati,0.0,31.1,46,6.1,0.0
2025-05-07,lasalgaon,Niphad,0.0,32.6,48,11.7,0.0
2025-05-07,pimpalgaon,Niphad,0.0,32.6,48,11.7,0.0
2025-05-07,vinchur,Niphad,0.0,32.6,48,11.7,0.0
2025-05-07,ozar,Niphad,0.0,32.6,48,11.7,0.0
2025-05-07,shendurni,Jamner,0.0,34.2,50,8.0,0.0
2025-05-07,pahur,Jamner,0.0,34.2,50,8.0,0.0
2025-05-07,neri,Jamner,0.0,34.2,50,8.0,0.0
2025-05-07,lohara,Jamner,0.0,34.2,50,8.0,0.0
2025-05-08,kanheri,Baramati,0.0,31.9,55,3.2,0.0
2025-05-08,jalochi,Baramati,0.0,31.9,55,3.2,0.0
2025-05-08,medad,Baramati,0.0,31.9,55,3.2,0.0
2025-05-08,nimbut,Baramati,0.0,31.9,55,3.2,0.0
2025-05-08,songaon,Baramati,0.0,31.9,55,3.2,0.0
2025-05-08,gunawadi,Baramati,0.0,31.9,55,3.2,0.0
2025-05-08,pandare,Baramati,0.0,31.9,55,3.2,0.0
2025-05-08,korhale,Baramati,0.0,31.9,55,3.2,0.0
2025-05-08,lasalgaon,Niphad,0.0,32.3,45,9.0,0.0
2025-05-08,pimpalgaon,Niphad,0.0,32.3,45,9.0,0.0
2025-05-08,vinchur,Niphad,0.0,32.3,45,9.0,0.0
2025-05-08,ozar,Niphad,0.0,32.3,45,9.0,0.0
2025-05-08,shendurni,Jamner,0.0,34.3,49,10.9,0.0
2025-05-08,pahur,Jamner,0.0,34.3,49,10.9,0.0
2025-05-08,neri,Jamner,0.0,34.3,49,10.9,0.0
2025-05-08,lohara,Jamner,0.0,34.3,49,10.9,0.0
2025-05-09,kanheri,Baramati,3.0,33.9,59,2.0,2.3
2025-05-09,jalochi,Baramati,3.0,33.9,59,2.0,2.5
2025-05-09,medad,Baramati,3.0,33.9,59,2.0,3.7
2025-05-09,nimbut,Baramati,3.0,33.9,59,2.0,3.8
2025-05-09,songaon,Baramati,3.0,33.9,59,2.0,2.5
2025-05-09,gunawadi,Baramati,3.0,33.9,59,2.0,2.6
2025-05-09,pandare,Baramati,3.0,33.9,59,2.0,2.1
2025-05-09,korhale,Baramati,3.0,33.9,59,2.0,4.7
2025-05-09,lasalgaon,Niphad,6.4,31.6,59,10.2,5.6
2025-05-09,pimpalgaon,Niphad,6.4,31.6,59,10.2,5.7
2025-05-09,vinchur,Niphad,6.4,31.6,59,10.2,6.8
2025-05-09,ozar,Niphad,6.4,31.6,59,10.2,8.8
2025-05-09,shendurni,Jamner,0.0,32.7,48,3.2,0.0
2025-05-09,pahur,Jamner,0.0,32.7,48,3.2,0.0
2025-05-09,neri,Jamner,0.0,32.7,48,3.2,0.0
2025-05-09,lohara,Jamner,0.0,32.7,48,3.2,0.0
2025-05-10,kanheri,Baramati,6.9,33.8,48,10.4,6.3
2025-05-10,jalochi,Baramati,6.9,33.8,48,10.4,5.9
2025-05-10,medad,Baramati,6.9,33.8,48,10.4,9.2
2025-05-10,nimbut,Baramati,6.9,33.8,48,10.4,6.3
2025-05-10,songaon,Baramati,6.9,33.8,48,10.4,5.5
2025-05-10,gunawadi,Baramati,6.9,33.8,48,10.4,6.9
2025-05-10,pandare,Baramati,6.9,33.8,48,10.4,5.7
2025-05-10,korhale,Baramati,6.9,33.8,48,10.4,7.9
2025-05-10,lasalgaon,Niphad,0.0,32.6,52,15.0,0.0
2025-05-10,pimpalgaon,Niphad,0.0,32.6,52,15.0,0.0
2025-05-10,vinchur,Niphad,0.0,32.6,52,15.0,0.0
2025-05-10,ozar,Niphad,0.0,32.6,52,15.0,0.0
2025-05-10,shendurni,Jamner,0.0,32.6,52,6.5,0.0
2025-05-10,pahur,Jamner,0.0,32.6,52,6.5,0.0
2025-05-10,neri,Jamner,0.0,32.6,52,6.5,0.0
2025-05-10,lohara,Jamner,0.0,32.6,52,6.5,0.0
2025-05-11,kanheri,Baramati,0.0,31.5,50,7.7,0.0
2025-05-11,jalochi,Baramati,0.0,31.5,50,7.7,0.0
2025-05-11,medad,Baramati,0.0,31.5,50,7.7,0.0
2025-05-11,nimbut,Baramati,0.0,31.5,50,7.7,0.0
2025-05-11,songaon,Baramati,0.0,31.5,50,7.7,0.0
2025-05-11,gunawadi,Baramati,0.0,31.5,50,7.7,0.0
2025-05-11,pandare,Baramati,0.0,31.5,50,7.7,0.0
2025-05-11,korhale,Baramati,0.0,31.5,50,7.7,0.0
2025-05-11,lasalgaon,Niphad,0.0,32.6,52,10.0,0.0
2025-05-11,pimpalgaon,Niphad,0.0,32.6,52,10.0,0.0
2025-05-11,vinchur,Niphad,0.0,32.6,52,10.0,0.0
2025-05-11,ozar,Niphad,0.0,32.6,52,10.0,0.0
2025-05-11,shendurni,Jamner,0.0,30.6,52,2.0,0.0
2025-05-11,pahur,Jamner,0.0,30.6,52,2.0,0.0
2025-05-11,neri,Jamner,0.0,30.6,52,2.0,0.0
2025-05-11,lohara,Jamner,0.0,30.6,52,2.0,0.0
2025-05-12,kanheri,Baramati,0.0,34.5,49,5.5,0.0
2025-05-12,jalochi,Baramati,0.0,34.5,49,5.5,0.0
2025-05-12,medad,Baramati,0.0,34.5,49,5.5,0.0
2025-05-12,nimbut,Baramati,0.0,34.5,49,5.5,0.0
2025-05-12,songaon,Baramati,0.0,34.5,49,5.5,0.0
2025-05-12,gunawadi,Baramati,0.0,34.5,49,5.5,0.0
2025-05-12,pandare,Baramati,0.0,34.5,49,5.5,0.0
2025-05-12,korhale,Baramati,0.0,34.5,49,5.5,0.0
2025-05-12,lasalgaon,Niphad,0.0,34.8,55,13.4,0.0
2025-05-12,pimpalgaon,Niphad,0.0,34.8,55,13.4,0.0
2025-05-12,vinchur,Niphad,0.0,34.8,55,13.4,0.0
2025-05-12,ozar,Niphad,0.0,34.8,55,13.4,0.0
2025-05-12,shendurni,Jamner,0.0,32.0,48,10.9,0.0
2025-05-12,pahur,Jamner,0.0,32.0,48,10.9,0.0
2025-05-12,neri,Jamner,0.0,32.0,48,10.9,0.0
2025-05-12,lohara,Jamner,0.0,32.0,48,10.9,0.0
2025-05-13,kanheri,Baramati,0.0,32.3,50,7.3,0.0
2025-05-13,jalochi,Baramati,0.0,32.3,50,7.3,0.0
2025-05-13,medad,Baramati,0.0,32.3,50,7.3,0.0
2025-05-13,nimbut,Baramati,0.0,32.3,50,7.3,0.0
2025-05-13,songaon,Baramati,0.0,32.3,50,7.3,0.0
2025-05-13,gunawadi,Baramati,0.0,32.3,50,7.3,0.0
2025-05-13,pandare,Baramati,0.0,32.3,50,7.3,0.0
2025-05-13,korhale,Baramati,0.0,32.3,50,7.3,0.0
2025-05-13,lasalgaon,Niphad,0.0,33.4,51,7.5,0.0
2025-05-13,pimpalgaon,Niphad,0.0,33.4,51,7.5,0.0
2025-05-13,vinchur,Niphad,0.0,33.4,51,7.5,0.0
2025-05-13,ozar,Niphad,0.0,33.4,51,7.5,0.0
2025-05-13,shendurni,Jamner,0.0,34.5,46,2.9,0.0
2025-05-13,pahur,Jamner,0.0,34.5,46,2.9,0.0
2025-05-13,neri,Jamner,0.0,34.5,46,2.9,0.0
2025-05-13,lohara,Jamner,0.0,34.5,46,2.9,0.0
2025-05-14,kanheri,Baramati,0.0,33.9,55,15.3,0.0
2025-05-14,jalochi,Baramati,0.0,33.9,55,15.3,0.0
2025-05-14,medad,Baramati,0.0,33.9,55,15.3,0.0
2025-05-14,nimbut,Baramati,0.0,33.9,55,15.3,0.0
2025-05-14,songaon,Baramati,0.0,33.9,55,15.3,0.0
2025-05-14,gunawadi,Baramati,0.0,33.9,55,15.3,0.0
2025-05-14,pandare,Baramati,0.0,33.9,55,15.3,0.0
2025-05-14,korhale,Baramati,0.0,33.9,55,15.3,0.0
2025-05-14,lasalgaon,Niphad,7.5,32.4,50,10.3,10.8
2025-05-14,pimpalgaon,Niphad,7.5,32.4,50,10.3,9.0
2025-05-14,vinchur,Niphad,7.5,32.4,50,10.3,6.5
2025-05-14,ozar,Niphad,7.5,32.4,50,10.3,7.8
2025-05-14,shendurni,Jamner,0.0,32.5,45,4.7,0.0
2025-05-14,pahur,Jamner,0.0,32.5,45,4.7,0.0
2025-05-14,neri,Jamner,0.0,32.5,45,4.7,0.0
2025-05-14,lohara,Jamner,0.0,32.5,45,4.7,0.0
2025-05-15,kanheri,Baramati,0.0,30.8,49,11.8,0.0
2025-05-15,jalochi,Baramati,0.0,30.8,49,11.8,0.0
2025-05-15,medad,Baramati,0.0,30.8,49,11.8,0.0
2025-05-15,nimbut,Baramati,0.0,30.8,49,11.8,0.0
2025-05-15,songaon,Baramati,0.0,30.8,49,11.8,0.0
2025-05-15,gunawadi,Baramati,0.0,30.8,49,11.8,0.0
2025-05-15,pandare,Baramati,0.0,30.8,49,11.8,0.0
2025-05-15,korhale,Baramati,0.0,30.8,49,11.8,0.0
2025-05-15,lasalgaon,Niphad,0.0,36.0,55,5.3,0.0
2025-05-15,pimpalgaon,Niphad,0.0,36.0,55,5.3,0.0
2025-05-15,vinchur,Niphad,0.0,36.0,55,5.3,0.0
2025-05-15,ozar,Niphad,0.0,36.0,55,5.3,0.0
2025-05-15,shendurni,Jamner,0.0,34.7,50,11.7,0.0
2025-05-15,pahur,Jamner,0.0,34.7,50,11.7,0.0
2025-05-15,neri,Jamner,0.0,34.7,50,11.7,0.0
2025-05-15,lohara,Jamner,0.0,34.7,50,11.7,0.0
2025-05-16,kanheri,Baramati,0.0,35.5,48,7.7,0.0
2025-05-16,jalochi,Baramati,0.0,35.5,48,7.7,0.0
2025-05-16,medad,Baramati,0.0,35.5,48,7.7,0.0
2025-05-16,nimbut,Baramati,0.0,35.5,48,7.7,0.0
2025-05-16,songaon,Baramati,0.0,35.5,48,7.7,0.0
2025-05-16,gunawadi,Baramati,0.0,35.5,48,7.7,0.0
2025-05-16,pandare,Baramati,0.0,35.5,48,7.7,0.0
2025-05-16,korhale,Baramati,0.0,35.5,48,7.7,0.0
2025-05-16,lasalgaon,Niphad,0.0,31.6,52,9.7,0.0
2025-05-16,pimpalgaon,Niphad,0.0,31.6,52,9.7,0.0
2025-05-16,vinchur,Niphad,0.0,31.6,52,9.7,0.0
2025-05-16,ozar,Niphad,0.0,31.6,52,9.7,0.0
2025-05-16,shendurni,Jamner,0.0,34.8,49,6.2,0.0
2025-05-16,pahur,Jamner,0.0,34.8,49,6.2,0.0
2025-05-16,neri,Jamner,0.0,34.8,49,6.2,0.0
2025-05-16,lohara,Jamner,0.0,34.8,49,6.2,0.0
2025-05-17,kanheri,Baramati,0.0,31.2,46,17.3,0.0
2025-05-17,jalochi,Baramati,0.0,31.2,46,17.3,0.0
2025-05-17,medad,Baramati,0.0,31.2,46,17.3,0.0
2025-05-17,nimbut,Baramati,0.0,31.2,46,17.3,0.0
2025-05-17,songaon,Baramati,0.0,31.2,46,17.3,0.0
2025-05-17,gunawadi,Baramati,0.0,31.2,46,17.3,0.0
2025-05-17,pandare,Baramati,0.0,31.2,46,17.3,0.0
2025-05-17,korhale,Baramati,0.0,31.2,46,17.3,0.0
2025-05-17,lasalgaon,Niphad,0.0,33.7,62,10.1,0.0
2025-05-17,pimpalgaon,Niphad,0.0,33.7,62,10.1,0.0
2025-05-17,vinchur,Niphad,0.0,33.7,62,10.1,0.0
2025-05-17,ozar,Niphad,0.0,33.7,62,10.1,0.0
2025-05-17,shendurni,Jamner,0.0,34.5,50,8.8,0.0
2025-05-17,pahur,Jamner,0.0,34.5,50,8.8,0.0
2025-05-17,neri,Jamner,0.0,34.5,50,8.8,0.0
2025-05-17,lohara,Jamner,0.0,34.5,50,8.8,0.0
2025-05-18,kanheri,Baramati,5.5,31.0,55,17.8,4.5
2025-05-18,jalochi,Baramati,5.5,31.0,55,17.8,4.5
2025-05-18,medad,Baramati,5.5,31.0,55,17.8,7.0
2025-05-18,nimbut,Baramati,5.5,31.0,55,17.8,7.2
2025-05-18,songaon,Baramati,5.5,31.0,55,17.8,5.3
2025-05-18,gunawadi,Baramati,5.5,31.0,55,17.8,5.0
2025-05-18,pandare,Baramati,5.5,31.0,55,17.8,4.2
2025-05-18,korhale,Baramati,5.5,31.0,55,17.8,6.1
2025-05-18,lasalgaon,Niphad,0.0,33.4,52,7.6,0.0
2025-05-18,pimpalgaon,Niphad,0.0,33.4,52,7.6,0.0
2025-05-18,vinchur,Niphad,0.0,33.4,52,7.6,0.0
2025-05-18,ozar,Niphad,0.0,33.4,52,7.6,0.0
2025-05-18,shendurni,Jamner,0.0,34.1,55,16.3,0.0
2025-05-18,pahur,Jamner,0.0,34.1,55,16.3,0.0
2025-05-18,neri,Jamner,0.0,34.1,55,16.3,0.0
2025-05-18,lohara,Jamner,0.0,34.1,55,16.3,0.0
2025-05-19,kanheri,Baramati,0.0,33.8,48,12.9,0.0
2025-05-19,jalochi,Baramati,0.0,33.8,48,12.9,0.0
2025-05-19,medad,Baramati,0.0,33.8,48,12.9,0.0
2025-05-19,nimbut,Baramati,0.0,33.8,48,12.9,0.0
2025-05-19,songaon,Baramati,0.0,33.8,48,12.9,0.0
2025-05-19,gunawadi,Baramati,0.0,33.8,48,12.9,0.0
2025-05-19,pandare,Baramati,0.0,33.8,48,12.9,0.0
2025-05-19,korhale,Baramati,0.0,33.8,48,12.9,0.0
2025-05-19,lasalgaon,Niphad,0.0,32.3,50,5.3,0.0
2025-05-19,pimpalgaon,Niphad,0.0,32.3,50,5.3,0.0
2025-05-19,vinchur,Niphad,0.0,32.3,50,5.3,0.0
2025-05-19,ozar,Niphad,0.0,32.3,50,5.3,0.0
2025-05-19,shendurni,Jamner,0.0,32.5,46,18.2,0.0
2025-05-19,pahur,Jamner,0.0,32.5,46,18.2,0.0
2025-05-19,neri,Jamner,0.0,32.5,46,18.2,0.0
2025-05-19,lohara,Jamner,0.0,32.5,46,18.2,0.0
2025-05-20,kanheri,Baramati,6.1,34.7,53,14.1,6.2
2025-05-20,jalochi,Baramati,6.1,34.7,53,14.1,5.8
2025-05-20,medad,Baramati,6.1,34.7,53,14.1,6.4
2025-05-20,nimbut,Baramati,6.1,34.7,53,14.1,7.4
2025-05-20,songaon,Baramati,6.1,34.7,53,14.1,5.1
2025-05-20,gunawadi,Baramati,6.1,34.7,53,14.1,5.3
2025-05-20,pandare,Baramati,6.1,34.7,53,14.1,4.7
2025-05-20,korhale,Baramati,6.1,34.7,53,14.1,5.0
2025-05-20,lasalgaon,Niphad,0.0,34.7,55,10.3,0.0
2025-05-20,pimpalgaon,Niphad,0.0,34.7,55,10.3,0.0
2025-05-20,vinchur,Niphad,0.0,34.7,55,10.3,0.0
2025-05-20,ozar,Niphad,0.0,34.7,55,10.3,0.0
2025-05-20,shendurni,Jamner,0.0,31.5,53,4.8,0.0
2025-05-20,pahur,Jamner,0.0,31.5,53,4.8,0.0
2025-05-20,neri,Jamner,0.0,31.5,53,4.8,0.0
2025-05-20,lohara,Jamner,0.0,31.5,53,4.8,0.0
2025-05-21,kanheri,Baramati,0.0,33.0,52,2.0,0.0
2025-05-21,jalochi,Baramati,0.0,33.0,52,2.0,0.0
2025-05-21,medad,Baramati,0.0,33.0,52,2.0,0.0
2025-05-21,nimbut,Baramati,0.0,33.0,52,2.0,0.0
2025-05-21,songaon,Baramati,0.0,33.0,52,2.0,0.0
2025-05-21,gunawadi,Baramati,0.0,33.0,52,2.0,0.0
2025-05-21,pandare,Baramati,0.0,33.0,52,2.0,0.0
2025-05-21,korhale,Baramati,0.0,33.0,52,2.0,0.0
2025-05-21,lasalgaon,Niphad,0.0,32.6,53,5.1,0.0
2025-05-21,pimpalgaon,Niphad,0.0,32.6,53,5.1,0.0
2025-05-21,vinchur,Niphad,0.0,32.6,53,5.1,0.0
2025-05-21,ozar,Niphad,0.0,32.6,53,5.1,0.0
2025-05-21,shendurni,Jamner,0.0,33.1,47,13.1,0.0
2025-05-21,pahur,Jamner,0.0,33.1,47,13.1,0.0
2025-05-21,neri,Jamner,0.0,33.1,47,13.1,0.0
2025-05-21,lohara,Jamner,0.0,33.1,47,13.1,0.0
2025-05-22,kanheri,Baramati,0.4,32.7,50,10.4,0.4
2025-05-22,jalochi,Baramati,0.4,32.7,50,10.4,0.4
2025-05-22,medad,Baramati,0.4,32.7,50,10.4,0.5
2025-05-22,nimbut,Baramati,0.4,32.7,50,10.4,0.4
2025-05-22,songaon,Baramati,0.4,32.7,50,10.4,0.3
2025-05-22,gunawadi,Baramati,0.4,32.7,50,10.4,0.5
2025-05-22,pandare,Baramati,0.4,32.7,50,10.4,0.3
2025-05-22,korhale,Baramati,0.4,32.7,50,10.4,0.5
2025-05-22,lasalgaon,Niphad,3.5,32.3,50,6.7,3.3
2025-05-22,pimpalgaon,Niphad,3.5,32.3,50,6.7,3.2
2025-05-22,vinchur,Niphad,3.5,32.3,50,6.7,4.0
2025-05-22,ozar,Niphad,3.5,32.3,50,6.7,4.0
2025-05-22,shendurni,Jamner,0.0,31.6,50,11.9,0.0
2025-05-22,pahur,Jamner,0.0,31.6,50,11.9,0.0
2025-05-22,neri,Jamner,0.0,31.6,50,11.9,0.0
2025-05-22,lohara,Jamner,0.0,31.6,50,11.9,0.0
2025-05-23,kanheri,Baramati,0.0,32.4,53,7.6,0.0
2025-05-23,jalochi,Baramati,0.0,32.4,53,7.6,0.0
2025-05-23,medad,Baramati,0.0,32.4,53,7.6,0.0
2025-05-23,nimbut,Baramati,0.0,32.4,53,7.6,0.0
2025-05-23,songaon,Baramati,0.0,32.4,53,7.6,0.0
2025-05-23,gunawadi,Baramati,0.0,32.4,53,7.6,0.0
2025-05-23,pandare,Baramati,0.0,32.4,53,7.6,0.0
2025-05-23,korhale,Baramati,0.0,32.4,53,7.6,0.0
2025-05-23,lasalgaon,Niphad,0.0,34.1,47,8.8,0.0
2025-05-23,pimpalgaon,Niphad,0.0,34.1,47,8.8,0.0
2025-05-23,vinchur,Niphad,0.0,34.1,47,8.8,0.0
2025-05-23,ozar,Niphad,0.0,34.1,47,8.8,0.0
2025-05-23,shendurni,Jamner,0.0,31.8,54,9.6,0.0
2025-05-23,pahur,Jamner,0.0,31.8,54,9.6,0.0
2025-05-23,neri,Jamner,0.0,31.8,54,9.6,0.0
2025-05-23,lohara,Jamner,0.0,31.8,54,9.6,0.0
2025-05-24,kanheri,Baramati,0.0,34.5,54,6.4,0.0
2025-05-24,jalochi,Baramati,0.0,34.5,54,6.4,0.0
2025-05-24,medad,Baramati,0.0,34.5,54,6.4,0.0
2025-05-24,nimbut,Baramati,0.0,34.5,54,6.4,0.0
2025-05-24,songaon,Baramati,0.0,34.5,54,6.4,0.0
2025-05-24,gunawadi,Baramati,0.0,34.5,54,6.4,0.0
2025-05-24,pandare,Baramati,0.0,34.5,54,6.4,0.0
2025-05-24,korhale,Baramati,0.0,34.5,54,6.4,0.0
2025-05-24,lasalgaon,Niphad,6.1,32.9,51,10.0,4.7
2025-05-24,pimpalgaon,Niphad,6.1,32.9,51,10.0,6.2
2025-05-24,vinchur,Niphad,6.1,32.9,51,10.0,6.3
2025-05-24,ozar,Niphad,6.1,32.9,51,10.0,7.7
2025-05-24,shendurni,Jamner,0.0,33.8,55,8.3,0.0
2025-05-24,pahur,Jamner,0.0,33.8,55,8.3,0.0
2025-05-24,neri,Jamner,0.0,33.8,55,8.3,0.0
2025-05-24,lohara,Jamner,0.0,33.8,55,8.3,0.0
2025-05-25,kanheri,Baramati,0.0,32.4,46,11.0,0.0
2025-05-25,jalochi,Baramati,0.0,32.4,46,11.0,0.0
2025-05-25,medad,Baramati,0.0,32.4,46,11.0,0.0
2025-05-25,nimbut,Baramati,0.0,32.4,46,11.0,0.0
2025-05-25,songaon,Baramati,0.0,32.4,46,11.0,0.0
2025-05-25,gunawadi,Baramati,0.0,32.4,46,11.0,0.0
2025-05-25,pandare,Baramati,0.0,32.4,46,11.0,0.0
2025-05-25,korhale,Baramati,0.0,32.4,46,11.0,0.0
2025-05-25,lasalgaon,Niphad,0.0,32.8,54,11.1,0.0
2025-05-25,pimpalgaon,Niphad,0.0,32.8,54,11.1,0.0
2025-05-25,vinchur,Niphad,0.0,32.8,54,11.1,0.0
2025-05-25,ozar,Niphad,0.0,32.8,54,11.1,0.0
2025-05-25,shendurni,Jamner,0.0,31.6,47,9.3,0.0
2025-05-25,pahur,Jamner,0.0,31.6,47,9.3,0.0
2025-05-25,neri,Jamner,0.0,31.6,47,9.3,0.0
2025-05-25,lohara,Jamner,0.0,31.6,47,9.3,0.0
2025-05-26,kanheri,Baramati,0.0,30.1,52,6.2,0.0
2025-05-26,jalochi,Baramati,0.0,30.1,52,6.2,0.0
2025-05-26,medad,Baramati,0.0,30.1,52,6.2,0.0
2025-05-26,nimbut,Baramati,0.0,30.1,52,6.2,0.0
2025-05-26,songaon,Baramati,0.0,30.1,52,6.2,0.0
2025-05-26,gunawadi,Baramati,0.0,30.1,52,6.2,0.0
2025-05-26,pandare,Baramati,0.0,30.1,52,6.2,0.0
2025-05-26,korhale,Baramati,0.0,30.1,52,6.2,0.0
2025-05-26,lasalgaon,Niphad,0.0,32.9,51,8.3,0.0
2025-05-26,pimpalgaon,Niphad,0.0,32.9,51,8.3,0.0
2025-05-26,vinchur,Niphad,0.0,32.9,51,8.3,0.0
2025-05-26,ozar,Niphad,0.0,32.9,51,8.3,0.0
2025-05-26,shendurni,Jamner,0.0,31.7,50,9.1,0.0
2025-05-26,pahur,Jamner,0.0,31.7,50,9.1,0.0
2025-05-26,neri,Jamner,0.0,31.7,50,9.1,0.0
2025-05-26,lohara,Jamner,0.0,31.7,50,9.1,0.0
2025-05-27,kanheri,Baramati,0.0,32.7,45,6.5,0.0
2025-05-27,jalochi,Baramati,0.0,32.7,45,6.5,0.0
2025-05-27,medad,Baramati,0.0,32.7,45,6.5,0.0
2025-05-27,nimbut,Baramati,0.0,32.7,45,6.5,0.0
2025-05-27,songaon,Baramati,0.0,32.7,45,6.5,0.0
2025-05-27,gunawadi,Baramati,0.0,32.7,45,6.5,0.0
2025-05-27,pandare,Baramati,0.0,32.7,45,6.5,0.0
2025-05-27,korhale,Baramati,0.0,32.7,45,6.5,0.0
2025-05-27,lasalgaon,Niphad,0.0,32.1,51,11.3,0.0
2025-05-27,pimpalgaon,Niphad,0.0,32.1,51,11.3,0.0
2025-05-27,vinchur,Niphad,0.0,32.1,51,11.3,0.0
2025-05-27,ozar,Niphad,0.0,32.1,51,11.3,0.0
2025-05-27,shendurni,Jamner,0.0,33.6,41,8.8,0.0
2025-05-27,pahur,Jamner,0.0,33.6,41,8.8,0.0
2025-05-27,neri,Jamner,0.0,33.6,41,8.8,0.0
2025-05-27,lohara,Jamner,0.0,33.6,41,8.8,0.0
2025-05-28,kanheri,Baramati,0.0,32.1,53,14.7,0.0
2025-05-28,jalochi,Baramati,0.0,32.1,53,14.7,0.0
2025-05-28,medad,Baramati,0.0,32.1,53,14.7,0.0
2025-05-28,nimbut,Baramati,0.0,32.1,53,14.7,0.0
2025-05-28,songaon,Baramati,0.0,32.1,53,14.7,0.0
2025-05-28,gunawadi,Baramati,0.0,32.1,53,14.7,0.0
2025-05-28,pandare,Baramati,0.0,32.1,53,14.7,0.0
2025-05-28,korhale,Baramati,0.0,32.1,53,14.7,0.0
2025-05-28,lasalgaon,Niphad,0.0,33.7,48,6.0,0.0
2025-05-28,pimpalgaon,Niphad,0.0,33.7,48,6.0,0.0
2025-05-28,vinchur,Niphad,0.0,33.7,48,6.0,0.0
2025-05-28,ozar,Niphad,0.0,33.7,48,6.0,0.0
2025-05-28,shendurni,Jamner,0.0,34.7,46,15.7,0.0
2025-05-28,pahur,Jamner,0.0,34.7,46,15.7,0.0
2025-05-28,neri,Jamner,0.0,34.7,46,15.7,0.0
2025-05-28,lohara,Jamner,0.0,34.7,46,15.7,0.0
2025-05-29,kanheri,Baramati,0.0,31.6,50,10.0,0.0
2025-05-29,jalochi,Baramati,0.0,31.6,50,10.0,0.0
2025-05-29,medad,Baramati,0.0,31.6,50,10.0,0.0
2025-05-29,nimbut,Baramati,0.0,31.6,50,10.0,0.0
2025-05-29,songaon,Baramati,0.0,31.6,50,10.0,0.0
2025-05-29,gunawadi,Baramati,0.0,31.6,50,10.0,0.0
2025-05-29,pandare,Baramati,0.0,31.6,50,10.0,0.0
2025-05-29,korhale,Baramati,0.0,31.6,50,10.0,0.0
2025-05-29,lasalgaon,Niphad,0.0,33.1,49,10.2,0.0
2025-05-29,pimpalgaon,Niphad,0.0,33.1,49,10.2,0.0
2025-05-29,vinchur,Niphad,0.0,33.1,49,10.2,0.0
2025-05-29,ozar,Niphad,0.0,33.1,49,10.2,0.0
2025-05-29,shendurni,Jamner,0.0,32.7,50,8.3,0.0
2025-05-29,pahur,Jamner,0.0,32.7,50,8.3,0.0
2025-05-29,neri,Jamner,0.0,32.7,50,8.3,0.0
2025-05-29,lohara,Jamner,0.0,32.7,50,8.3,0.0
2025-05-30,kanheri,Baramati,0.0,33.3,50,8.8,0.0
2025-05-30,jalochi,Baramati,0.0,33.3,50,8.8,0.0
2025-05-30,medad,Baramati,0.0,33.3,50,8.8,0.0
2025-05-30,nimbut,Baramati,0.0,33.3,50,8.8,0.0
2025-05-30,songaon,Baramati,0.0,33.3,50,8.8,0.0
2025-05-30,gunawadi,Baramati,0.0,33.3,50,8.8,0.0
2025-05-30,pandare,Baramati,0.0,33.3,50,8.8,0.0
2025-05-30,korhale,Baramati,0.0,33.3,50,8.8,0.0
2025-05-30,lasalgaon,Niphad,3.5,32.8,49,12.4,2.8
2025-05-30,pimpalgaon,Niphad,3.5,32.8,49,12.4,2.8
2025-05-30,vinchur,Niphad,3.5,32.8,49,12.4,3.1
2025-05-30,ozar,Niphad,3.5,32.8,49,12.4,4.4
2025-05-30,shendurni,Jamner,0.0,31.9,44,10.3,0.0
2025-05-30,pahur,Jamner,0.0,31.9,44,10.3,0.0
2025-05-30,neri,Jamner,0.0,31.9,44,10.3,0.0
2025-05-30,lohara,Jamner,0.0,31.9,44,10.3,0.0
2025-05-31,kanheri,Baramati,0.0,32.8,53,13.9,0.0
2025-05-31,jalochi,Baramati,0.0,32.8,53,13.9,0.0
2025-05-31,medad,Baramati,0.0,32.8,53,13.9,0.0
2025-05-31,nimbut,Baramati,0.0,32.8,53,13.9,0.0
2025-05-31,songaon,Baramati,0.0,32.8,53,13.9,0.0
2025-05-31,gunawadi,Baramati,0.0,32.8,53,13.9,0.0
2025-05-31,pandare,Baramati,0.0,32.8,53,13.9,0.0
2025-05-31,korhale,Baramati,0.0,32.8,53,13.9,0.0
2025-05-31,lasalgaon,Niphad,0.0,30.0,49,4.6,0.0
2025-05-31,pimpalgaon,Niphad,0.0,30.0,49,4.6,0.0
2025-05-31,vinchur,Niphad,0.0,30.0,49,4.6,0.0
2025-05-31,ozar,Niphad,0.0,30.0,49,4.6,0.0
2025-05-31,shendurni,Jamner,2.8,32.1,51,5.1,3.2
2025-05-31,pahur,Jamner,2.8,32.1,51,5.1,2.8
2025-05-31,neri,Jamner,2.8,32.1,51,5.1,1.7
2025-05-31,lohara,Jamner,2.8,32.1,51,5.1,2.4
2025-06-01,kanheri,Baramati,0.0,29.0,70,15.5,0.0
2025-06-01,jalochi,Baramati,0.0,29.0,70,15.5,0.0
2025-06-01,medad,Baramati,0.0,29.0,70,15.5,0.0
2025-06-01,nimbut,Baramati,0.0,29.0,70,15.5,0.0
2025-06-01,songaon,Baramati,0.0,29.0,70,15.5,0.0
2025-06-01,gunawadi,Baramati,0.0,29.0,70,15.5,0.0
2025-06-01,pandare,Baramati,0.0,29.0,70,15.5,0.0
2025-06-01,korhale,Baramati,0.0,29.0,70,15.5,0.0
2025-06-01,lasalgaon,Niphad,47.2,24.4,98,17.8,40.8
2025-06-01,pimpalgaon,Niphad,47.2,24.4,98,17.8,32.4
2025-06-01,vinchur,Niphad,47.2,24.4,98,17.8,41.1
2025-06-01,ozar,Niphad,47.2,24.4,98,17.8,61.5
2025-06-01,shendurni,Jamner,15.4,26.7,72,14.8,14.4
2025-06-01,pahur,Jamner,15.4,26.7,72,14.8,15.4
2025-06-01,neri,Jamner,15.4,26.7,72,14.8,16.8
2025-06-01,lohara,Jamner,15.4,26.7,72,14.8,11.0
2025-06-02,kanheri,Baramati,32.9,24.2,97,9.4,43.2
2025-06-02,jalochi,Baramati,32.9,24.2,97,9.4,26.2
2025-06-02,medad,Baramati,32.9,24.2,97,9.4,42.4
2025-06-02,nimbut,Baramati,32.9,24.2,97,9.4,35.0
2025-06-02,songaon,Baramati,32.9,24.2,97,9.4,30.9
2025-06-02,gunawadi,Baramati,32.9,24.2,97,9.4,22.6
2025-06-02,pandare,Baramati,32.9,24.2,97,9.4,24.1
2025-06-02,korhale,Baramati,32.9,24.2,97,9.4,45.2
2025-06-02,lasalgaon,Niphad,34.5,25.1,92,15.6,30.2
2025-06-02,pimpalgaon,Niphad,34.5,25.1,92,15.6,30.8
2025-06-02,vinchur,Niphad,34.5,25.1,92,15.6,36.4
2025-06-02,ozar,Niphad,34.5,25.1,92,15.6,46.5
2025-06-02,shendurni,Jamner,31.6,25.1,87,23.9,35.6
2025-06-02,pahur,Jamner,31.6,25.1,87,23.9,32.7
2025-06-02,neri,Jamner,31.6,25.1,87,23.9,24.3
2025-06-02,lohara,Jamner,31.6,25.1,87,23.9,30.7
2025-06-03,kanheri,Baramati,46.9,24.4,97,15.8,53.1
2025-06-03,jalochi,Baramati,46.9,24.4,97,15.8,34.7
2025-06-03,medad,Baramati,46.9,24.4,97,15.8,50.0
2025-06-03,nimbut,Baramati,46.9,24.4,97,15.8,54.6
2025-06-03,songaon,Baramati,46.9,24.4,97,15.8,49.8
2025-06-03,gunawadi,Baramati,46.9,24.4,97,15.8,40.9
2025-06-03,pandare,Baramati,46.9,24.4,97,15.8,41.3
2025-06-03,korhale,Baramati,46.9,24.4,97,15.8,44.8
2025-06-03,lasalgaon,Niphad,40.9,24.3,93,9.9,35.4
2025-06-03,pimpalgaon,Niphad,40.9,24.3,93,9.9,47.7
2025-06-03,vinchur,Niphad,40.9,24.3,93,9.9,42.0
2025-06-03,ozar,Niphad,40.9,24.3,93,9.9,49.5
2025-06-03,shendurni,Jamner,76.3,23.9,99,12.7,107.4
2025-06-03,pahur,Jamner,76.3,23.9,99,12.7,91.5
2025-06-03,neri,Jamner,76.3,23.9,99,12.7,72.8
2025-06-03,lohara,Jamner,76.3,23.9,99,12.7,59.6
2025-06-04,kanheri,Baramati,21.7,26.9,81,9.8,18.2
2025-06-04,jalochi,Baramati,21.7,26.9,81,9.8,24.9
2025-06-04,medad,Baramati,21.7,26.9,81,9.8,28.4
2025-06-04,nimbut,Baramati,21.7,26.9,81,9.8,19.3
2025-06-04,songaon,Baramati,21.7,26.9,81,9.8,18.7
2025-06-04,gunawadi,Baramati,21.7,26.9,81,9.8,15.6
2025-06-04,pandare,Baramati,21.7,26.9,81,9.8,15.3
2025-06-04,korhale,Baramati,21.7,26.9,81,9.8,19.9
2025-06-04,lasalgaon,Niphad,11.9,26.8,83,22.3,9.1
2025-06-04,pimpalgaon,Niphad,11.9,26.8,83,22.3,14.4
2025-06-04,vinchur,Niphad,11.9,26.8,83,22.3,12.3
2025-06-04,ozar,Niphad,11.9,26.8,83,22.3,17.7
2025-06-04,shendurni,Jamner,22.1,26.5,80,14.9,23.1
2025-06-04,pahur,Jamner,22.1,26.5,80,14.9,24.2
2025-06-04,neri,Jamner,22.1,26.5,80,14.9,19.8
2025-06-04,lohara,Jamner,22.1,26.5,80,14.9,17.4
2025-06-05,kanheri,Baramati,13.4,28.2,74,11.9,12.8
2025-06-05,jalochi,Baramati,13.4,28.2,74,11.9,11.0
2025-06-05,medad,Baramati,13.4,28.2,74,11.9,13.3
2025-06-05,nimbut,Baramati,13.4,28.2,74,11.9,17.4
2025-06-05,songaon,Baramati,13.4,28.2,74,11.9,11.6
2025-06-05,gunawadi,Baramati,13.4,28.2,74,11.9,10.7
2025-06-05,pandare,Baramati,13.4,28.2,74,11.9,15.6
2025-06-05,korhale,Baramati,13.4,28.2,74,11.9,12.8
2025-06-05,lasalgaon,Niphad,42.2,23.0,87,10.3,30.6
2025-06-05,pimpalgaon,Niphad,42.2,23.0,87,10.3,40.3
2025-06-05,vinchur,Niphad,42.2,23.0,87,10.3,38.9
2025-06-05,ozar,Niphad,42.2,23.0,87,10.3,47.1
2025-06-05,shendurni,Jamner,36.6,23.2,85,13.9,37.9
2025-06-05,pahur,Jamner,36.6,23.2,85,13.9,37.8
2025-06-05,neri,Jamner,36.6,23.2,85,13.9,26.4
2025-06-05,lohara,Jamner,36.6,23.2,85,13.9,28.7
2025-06-06,kanheri,Baramati,0.0,29.4,71,13.6,0.0
2025-06-06,jalochi,Baramati,0.0,29.4,71,13.6,0.0
2025-06-06,medad,Baramati,0.0,29.4,71,13.6,0.0
2025-06-06,nimbut,Baramati,0.0,29.4,71,13.6,0.0
2025-06-06,songaon,Baramati,0.0,29.4,71,13.6,0.0
2025-06-06,gunawadi,Baramati,0.0,29.4,71,13.6,0.0
2025-06-06,pandare,Baramati,0.0,29.4,71,13.6,0.0
2025-06-06,korhale,Baramati,0.0,29.4,71,13.6,0.0
2025-06-06,lasalgaon,Niphad,61.4,24.9,90,12.5,52.7
2025-06-06,pimpalgaon,Niphad,61.4,24.9,90,12.5,70.7
2025-06-06,vinchur,Niphad,61.4,24.9,90,12.5,73.0
2025-06-06,ozar,Niphad,61.4,24.9,90,12.5,70.9
2025-06-06,shendurni,Jamner,23.6,26.2,83,15.5,26.5
2025-06-06,pahur,Jamner,23.6,26.2,83,15.5,28.8
2025-06-06,neri,Jamner,23.6,26.2,83,15.5,23.4
2025-06-06,lohara,Jamner,23.6,26.2,83,15.5,17.8
2025-06-07,kanheri,Baramati,0.0,26.3,79,23.9,0.0
2025-06-07,jalochi,Baramati,0.0,26.3,79,23.9,0.0
2025-06-07,medad,Baramati,0.0,26.3,79,23.9,0.0
2025-06-07,nimbut,Baramati,0.0,26.3,79,23.9,0.0
2025-06-07,songaon,Baramati,0.0,26.3,79,23.9,0.0
2025-06-07,gunawadi,Baramati,0.0,26.3,79,23.9,0.0
2025-06-07,pandare,Baramati,0.0,26.3,79,23.9,0.0
2025-06-07,korhale,Baramati,0.0,26.3,79,23.9,0.0
2025-06-07,lasalgaon,Niphad,43.4,23.9,93,5.4,39.4
2025-06-07,pimpalgaon,Niphad,43.4,23.9,93,5.4,51.6
2025-06-07,vinchur,Niphad,43.4,23.9,93,5.4,43.2
2025-06-07,ozar,Niphad,43.4,23.9,93,5.4,59.4
2025-06-07,shendurni,Jamner,97.1,26.1,99,15.1,96.7
2025-06-07,pahur,Jamner,97.1,26.1,99,15.1,67.5
2025-06-07,neri,Jamner,97.1,26.1,99,15.1,82.9
2025-06-07,lohara,Jamner,97.1,26.1,99,15.1,69.0
2025-06-08,kanheri,Baramati,86.9,25.4,99,14.7,88.4
2025-06-08,jalochi,Baramati,86.9,25.4,99,14.7,102.4
2025-06-08,medad,Baramati,86.9,25.4,99,14.7,119.8
2025-06-08,nimbut,Baramati,86.9,25.4,99,14.7,75.1
2025-06-08,songaon,Baramati,86.9,25.4,99,14.7,67.5
2025-06-08,gunawadi,Baramati,86.9,25.4,99,14.7,64.2
2025-06-08,pandare,Baramati,86.9,25.4,99,14.7,84.3
2025-06-08,korhale,Baramati,86.9,25.4,99,14.7,123.4
2025-06-08,lasalgaon,Niphad,27.2,25.6,92,8.9,19.9
2025-06-08,pimpalgaon,Niphad,27.2,25.6,92,8.9,30.2
2025-06-08,vinchur,Niphad,27.2,25.6,92,8.9,22.0
2025-06-08,ozar,Niphad,27.2,25.6,92,8.9,35.2
2025-06-08,shendurni,Jamner,24.7,24.9,85,12.7,25.5
2025-06-08,pahur,Jamner,24.7,24.9,85,12.7,20.3
2025-06-08,neri,Jamner,24.7,24.9,85,12.7,28.8
2025-06-08,lohara,Jamner,24.7,24.9,85,12.7,17.5
2025-06-09,kanheri,Baramati,74.1,27.2,99,15.5,80.2
2025-06-09,jalochi,Baramati,74.1,27.2,99,15.5,72.1
2025-06-09,medad,Baramati,74.1,27.2,99,15.5,78.9
2025-06-09,nimbut,Baramati,74.1,27.2,99,15.5,68.4
2025-06-09,songaon,Baramati,74.1,27.2,99,15.5,65.9
2025-06-09,gunawadi,Baramati,74.1,27.2,99,15.5,67.4
2025-06-09,pandare,Baramati,74.1,27.2,99,15.5,63.0
2025-06-09,korhale,Baramati,74.1,27.2,99,15.5,71.6
2025-06-09,lasalgaon,Niphad,9.4,28.3,85,14.1,8.0
2025-06-09,pimpalgaon,Niphad,9.4,28.3,85,14.1,9.8
2025-06-09,vinchur,Niphad,9.4,28.3,85,14.1,7.1
2025-06-09,ozar,Niphad,9.4,28.3,85,14.1,9.2
2025-06-09,shendurni,Jamner,49.6,25.7,94,14.8,61.4
2025-06-09,pahur,Jamner,49.6,25.7,94,14.8,45.3
2025-06-09,neri,Jamner,49.6,25.7,94,14.8,39.7
2025-06-09,lohara,Jamner,49.6,25.7,94,14.8,47.0
2025-06-10,kanheri,Baramati,31.5,25.3,87,18.5,35.7
2025-06-10,jalochi,Baramati,31.5,25.3,87,18.5,26.3
2025-06-10,medad,Baramati,31.5,25.3,87,18.5,26.1
2025-06-10,nimbut,Baramati,31.5,25.3,87,18.5,31.1
2025-06-10,songaon,Baramati,31.5,25.3,87,18.5,29.2
2025-06-10,gunawadi,Baramati,31.5,25.3,87,18.5,29.9
2025-06-10,pandare,Baramati,31.5,25.3,87,18.5,23.6
2025-06-10,korhale,Baramati,31.5,25.3,87,18.5,51.1
2025-06-10,lasalgaon,Niphad,30.8,26.1,93,17.1,32.6
2025-06-10,pimpalgaon,Niphad,30.8,26.1,93,17.1,27.6
2025-06-10,vinchur,Niphad,30.8,26.1,93,17.1,32.3
2025-06-10,ozar,Niphad,30.8,26.1,93,17.1,41.3
2025-06-10,shendurni,Jamner,41.8,26.4,88,11.2,43.4
2025-06-10,pahur,Jamner,41.8,26.4,88,11.2,31.6
2025-06-10,neri,Jamner,41.8,26.4,88,11.2,39.5
2025-06-10,lohara,Jamner,41.8,26.4,88,11.2,35.8
2025-06-11,kanheri,Baramati,20.1,26.5,83,12.5,18.7
2025-06-11,jalochi,Baramati,20.1,26.5,83,12.5,20.0
2025-06-11,medad,Baramati,20.1,26.5,83,12.5,20.3
2025-06-11,nimbut,Baramati,20.1,26.5,83,12.5,23.1
2025-06-11,songaon,Baramati,20.1,26.5,83,12.5,15.1
2025-06-11,gunawadi,Baramati,20.1,26.5,83,12.5,15.1
2025-06-11,pandare,Baramati,20.1,26.5,83,12.5,18.3
2025-06-11,korhale,Baramati,20.1,26.5,83,12.5,24.8
2025-06-11,lasalgaon,Niphad,0.0,27.3,73,12.8,0.0
2025-06-11,pimpalgaon,Niphad,0.0,27.3,73,12.8,0.0
2025-06-11,vinchur,Niphad,0.0,27.3,73,12.8,0.0
2025-06-11,ozar,Niphad,0.0,27.3,73,12.8,0.0
2025-06-11,shendurni,Jamner,12.8,27.2,74,13.2,12.6
2025-06-11,pahur,Jamner,12.8,27.2,74,13.2,14.6
2025-06-11,neri,Jamner,12.8,27.2,74,13.2,8.9
2025-06-11,lohara,Jamner,12.8,27.2,74,13.2,8.8
2025-06-12,kanheri,Baramati,0.0,26.6,73,13.7,0.0
2025-06-12,jalochi,Baramati,0.0,26.6,73,13.7,0.0
2025-06-12,medad,Baramati,0.0,26.6,73,13.7,0.0
2025-06-12,nimbut,Baramati,0.0,26.6,73,13.7,0.0
2025-06-12,songaon,Baramati,0.0,26.6,73,13.7,0.0
2025-06-12,gunawadi,Baramati,0.0,26.6,73,13.7,0.0
2025-06-12,pandare,Baramati,0.0,26.6,73,13.7,0.0
2025-06-12,korhale,Baramati,0.0,26.6,73,13.7,0.0
2025-06-12,lasalgaon,Niphad,23.4,26.1,88,17.7,19.5
2025-06-12,pimpalgaon,Niphad,23.4,26.1,88,17.7,20.8
2025-06-12,vinchur,Niphad,23.4,26.1,88,17.7,24.5
2025-06-12,ozar,Niphad,23.4,26.1,88,17.7,32.9
2025-06-12,shendurni,Jamner,0.0,27.7,75,17.6,0.0
2025-06-12,pahur,Jamner,0.0,27.7,75,17.6,0.0
2025-06-12,neri,Jamner,0.0,27.7,75,17.6,0.0
2025-06-12,lohara,Jamner,0.0,27.7,75,17.6,0.0
2025-06-13,kanheri,Baramati,0.0,28.2,68,10.6,0.0
2025-06-13,jalochi,Baramati,0.0,28.2,68,10.6,0.0
2025-06-13,medad,Baramati,0.0,28.2,68,10.6,0.0
2025-06-13,nimbut,Baramati,0.0,28.2,68,10.6,0.0
2025-06-13,songaon,Baramati,0.0,28.2,68,10.6,0.0
2025-06-13,gunawadi,Baramati,0.0,28.2,68,10.6,0.0
2025-06-13,pandare,Baramati,0.0,28.2,68,10.6,0.0
2025-06-13,korhale,Baramati,0.0,28.2,68,10.6,0.0
2025-06-13,lasalgaon,Niphad,11.1,25.2,81,8.9,9.2
2025-06-13,pimpalgaon,Niphad,11.1,25.2,81,8.9,9.3
2025-06-13,vinchur,Niphad,11.1,25.2,81,8.9,9.3
2025-06-13,ozar,Niphad,11.1,25.2,81,8.9,9.7
2025-06-13,shendurni,Jamner,5.4,27.6,78,14.4,5.4
2025-06-13,pahur,Jamner,5.4,27.6,78,14.4,4.6
2025-06-13,neri,Jamner,5.4,27.6,78,14.4,5.6
2025-06-13,lohara,Jamner,5.4,27.6,78,14.4,4.4
2025-06-14,kanheri,Baramati,0.0,27.0,80,9.1,0.0
2025-06-14,jalochi,Baramati,0.0,27.0,80,9.1,0.0
2025-06-14,medad,Baramati,0.0,27.0,80,9.1,0.0
2025-06-14,nimbut,Baramati,0.0,27.0,80,9.1,0.0
2025-06-14,songaon,Baramati,0.0,27.0,80,9.1,0.0
2025-06-14,gunawadi,Baramati,0.0,27.0,80,9.1,0.0
2025-06-14,pandare,Baramati,0.0,27.0,80,9.1,0.0
2025-06-14,korhale,Baramati,0.0,27.0,80,9.1,0.0
2025-06-14,lasalgaon,Niphad,0.0,26.0,71,13.1,0.0
2025-06-14,pimpalgaon,Niphad,0.0,26.0,71,13.1,0.0
2025-06-14,vinchur,Niphad,0.0,26.0,71,13.1,0.0
2025-06-14,ozar,Niphad,0.0,26.0,71,13.1,0.0
2025-06-14,shendurni,Jamner,35.4,24.8,81,7.8,42.5
2025-06-14,pahur,Jamner,35.4,24.8,81,7.8,30.1
2025-06-14,neri,Jamner,35.4,24.8,81,7.8,30.0
2025-06-14,lohara,Jamner,35.4,24.8,81,7.8,30.3
2025-06-15,kanheri,Baramati,5.1,27.9,69,21.2,4.6
2025-06-15,jalochi,Baramati,5.1,27.9,69,21.2,4.9
2025-06-15,medad,Baramati,5.1,27.9,69,21.2,5.9
2025-06-15,nimbut,Baramati,5.1,27.9,69,21.2,6.2
2025-06-15,songaon,Baramati,5.1,27.9,69,21.2,5.3
2025-06-15,gunawadi,Baramati,5.1,27.9,69,21.2,4.9
2025-06-15,pandare,Baramati,5.1,27.9,69,21.2,3.7
2025-06-15,korhale,Baramati,5.1,27.9,69,21.2,5.2
2025-06-15,lasalgaon,Niphad,23.1,25.6,75,11.4,18.6
2025-06-15,pimpalgaon,Niphad,23.1,25.6,75,11.4,20.0
2025-06-15,vinchur,Niphad,23.1,25.6,75,11.4,23.2
2025-06-15,ozar,Niphad,23.1,25.6,75,11.4,26.6
2025-06-15,shendurni,Jamner,24.8,26.1,81,17.2,24.2
2025-06-15,pahur,Jamner,24.8,26.1,81,17.2,24.9
2025-06-15,neri,Jamner,24.8,26.1,81,17.2,20.5
2025-06-15,lohara,Jamner,24.8,26.1,81,17.2,21.5
2025-06-16,kanheri,Baramati,22.2,26.9,85,14.6,27.8
2025-06-16,jalochi,Baramati,22.2,26.9,85,14.6,22.1
2025-06-16,medad,Baramati,22.2,26.9,85,14.6,26.9
2025-06-16,nimbut,Baramati,22.2,26.9,85,14.6,29.2
2025-06-16,songaon,Baramati,22.2,26.9,85,14.6,21.8
2025-06-16,gunawadi,Baramati,22.2,26.9,85,14.6,23.7
2025-06-16,pandare,Baramati,22.2,26.9,85,14.6,21.1
2025-06-16,korhale,Baramati,22.2,26.9,85,14.6,24.5
2025-06-16,lasalgaon,Niphad,0.0,26.8,77,9.3,0.0
2025-06-16,pimpalgaon,Niphad,0.0,26.8,77,9.3,0.0
2025-06-16,vinchur,Niphad,0.0,26.8,77,9.3,0.0
2025-06-16,ozar,Niphad,0.0,26.8,77,9.3,0.0
2025-06-16,shendurni,Jamner,24.7,25.3,87,14.5,26.3
2025-06-16,pahur,Jamner,24.7,25.3,87,14.5,22.0
2025-06-16,neri,Jamner,24.7,25.3,87,14.5,21.5
2025-06-16,lohara,Jamner,24.7,25.3,87,14.5,21.4
2025-06-17,kanheri,Baramati,31.2,25.5,95,20.6,22.8
2025-06-17,jalochi,Baramati,31.2,25.5,95,20.6,31.9
2025-06-17,medad,Baramati,31.2,25.5,95,20.6,44.8
2025-06-17,nimbut,Baramati,31.2,25.5,95,20.6,34.1
2025-06-17,songaon,Baramati,31.2,25.5,95,20.6,31.1
2025-06-17,gunawadi,Baramati,31.2,25.5,95,20.6,23.2
2025-06-17,pandare,Baramati,31.2,25.5,95,20.6,23.8
2025-06-17,korhale,Baramati,31.2,25.5,95,20.6,25.5
2025-06-17,lasalgaon,Niphad,15.5,26.6,79,13.5,11.9
2025-06-17,pimpalgaon,Niphad,15.5,26.6,79,13.5,12.4
2025-06-17,vinchur,Niphad,15.5,26.6,79,13.5,15.6
2025-06-17,ozar,Niphad,15.5,26.6,79,13.5,19.1
2025-06-17,shendurni,Jamner,0.0,29.3,81,9.4,0.0
2025-06-17,pahur,Jamner,0.0,29.3,81,9.4,0.0
2025-06-17,neri,Jamner,0.0,29.3,81,9.4,0.0
2025-06-17,lohara,Jamner,0.0,29.3,81,9.4,0.0
2025-06-18,kanheri,Baramati,3.2,30.6,81,16.8,3.2
2025-06-18,jalochi,Baramati,3.2,30.6,81,16.8,5.0
2025-06-18,medad,Baramati,3.2,30.6,81,16.8,3.4
2025-06-18,nimbut,Baramati,3.2,30.6,81,16.8,3.8
2025-06-18,songaon,Baramati,3.2,30.6,81,16.8,2.9
2025-06-18,gunawadi,Baramati,3.2,30.6,81,16.8,3.7
2025-06-18,pandare,Baramati,3.2,30.6,81,16.8,2.4
2025-06-18,korhale,Baramati,3.2,30.6,81,16.8,4.4
2025-06-18,lasalgaon,Niphad,10.9,28.7,77,10.0,10.0
2025-06-18,pimpalgaon,Niphad,10.9,28.7,77,10.0,7.0
2025-06-18,vinchur,Niphad,10.9,28.7,77,10.0,9.3
2025-06-18,ozar,Niphad,10.9,28.7,77,10.0,12.0
2025-06-18,shendurni,Jamner,0.0,27.1,73,16.0,0.0
2025-06-18,pahur,Jamner,0.0,27.1,73,16.0,0.0
2025-06-18,neri,Jamner,0.0,27.1,73,16.0,0.0
2025-06-18,lohara,Jamner,0.0,27.1,73,16.0,0.0
2025-06-19,kanheri,Baramati,0.0,27.6,76,7.0,0.0
2025-06-19,jalochi,Baramati,0.0,27.6,76,7.0,0.0
2025-06-19,medad,Baramati,0.0,27.6,76,7.0,0.0
2025-06-19,nimbut,Baramati,0.0,27.6,76,7.0,0.0
2025-06-19,songaon,Baramati,0.0,27.6,76,7.0,0.0
2025-06-19,gunawadi,Baramati,0.0,27.6,76,7.0,0.0
2025-06-19,pandare,Baramati,0.0,27.6,76,7.0,0.0
2025-06-19,korhale,Baramati,0.0,27.6,76,7.0,0.0
2025-06-19,lasalgaon,Niphad,46.8,23.7,94,13.7,46.6
2025-06-19,pimpalgaon,Niphad,46.8,23.7,94,13.7,46.0
2025-06-19,vinchur,Niphad,46.8,23.7,94,13.7,49.8
2025-06-19,ozar,Niphad,46.8,23.7,94,13.7,54.6
2025-06-19,shendurni,Jamner,16.5,26.5,79,11.7,17.4
2025-06-19,pahur,Jamner,16.5,26.5,79,11.7,20.1
2025-06-19,neri,Jamner,16.5,26.5,79,11.7,14.3
2025-06-19,lohara,Jamner,16.5,26.5,79,11.7,18.8
2025-06-20,kanheri,Baramati,29.1,25.8,87,19.5,30.3
2025-06-20,jalochi,Baramati,29.1,25.8,87,19.5,28.7
2025-06-20,medad,Baramati,29.1,25.8,87,19.5,39.7
2025-06-20,nimbut,Baramati,29.1,25.8,87,19.5,16.7
2025-06-20,songaon,Baramati,29.1,25.8,87,19.5,31.6
2025-06-20,gunawadi,Baramati,29.1,25.8,87,19.5,36.4
2025-06-20,pandare,Baramati,29.1,25.8,87,19.5,21.9
2025-06-20,korhale,Baramati,29.1,25.8,87,19.5,31.2
2025-06-20,lasalgaon,Niphad,3.8,27.2,78,15.1,3.0
2025-06-20,pimpalgaon,Niphad,3.8,27.2,78,15.1,3.0
2025-06-20,vinchur,Niphad,3.8,27.2,78,15.1,3.7
2025-06-20,ozar,Niphad,3.8,27.2,78,15.1,4.9
2025-06-20,shendurni,Jamner,28.6,25.2,87,23.0,35.5
2025-06-20,pahur,Jamner,28.6,25.2,87,23.0,31.3
2025-06-20,neri,Jamner,28.6,25.2,87,23.0,19.6
2025-06-20,lohara,Jamner,28.6,25.2,87,23.0,23.9
2025-06-21,kanheri,Baramati,51.5,25.7,92,22.6,54.4
2025-06-21,jalochi,Baramati,51.5,25.7,92,22.6,59.0
2025-06-21,medad,Baramati,51.5,25.7,92,22.6,58.3
2025-06-21,nimbut,Baramati,51.5,25.7,92,22.6,53.0
2025-06-21,songaon,Baramati,51.5,25.7,92,22.6,35.9
2025-06-21,gunawadi,Baramati,51.5,25.7,92,22.6,55.6
2025-06-21,pandare,Baramati,51.5,25.7,92,22.6,44.9
2025-06-21,korhale,Baramati,51.5,25.7,92,22.6,55.8
2025-06-21,lasalgaon,Niphad,58.7,23.3,99,17.4,49.3
2025-06-21,pimpalgaon,Niphad,58.7,23.3,99,17.4,67.8
2025-06-21,vinchur,Niphad,58.7,23.3,99,17.4,86.3
2025-06-21,ozar,Niphad,58.7,23.3,99,17.4,91.8
2025-06-21,shendurni,Jamner,66.7,25.7,90,12.0,79.7
2025-06-21,pahur,Jamner,66.7,25.7,90,12.0,60.4
2025-06-21,neri,Jamner,66.7,25.7,90,12.0,58.7
2025-06-21,lohara,Jamner,66.7,25.7,90,12.0,49.1
2025-06-22,kanheri,Baramati,0.0,28.6,72,6.3,0.0
2025-06-22,jalochi,Baramati,0.0,28.6,72,6.3,0.0
2025-06-22,medad,Baramati,0.0,28.6,72,6.3,0.0
2025-06-22,nimbut,Baramati,0.0,28.6,72,6.3,0.0
2025-06-22,songaon,Baramati,0.0,28.6,72,6.3,0.0
2025-06-22,gunawadi,Baramati,0.0,28.6,72,6.3,0.0
2025-06-22,pandare,Baramati,0.0,28.6,72,6.3,0.0
2025-06-22,korhale,Baramati,0.0,28.6,72,6.3,0.0
2025-06-22,lasalgaon,Niphad,88.6,24.8,99,7.9,98.0
2025-06-22,pimpalgaon,Niphad,88.6,24.8,99,7.9,77.3
2025-06-22,vinchur,Niphad,88.6,24.8,99,7.9,101.8
2025-06-22,ozar,Niphad,88.6,24.8,99,7.9,106.4
2025-06-22,shendurni,Jamner,108.2,25.0,99,3.3,106.9
2025-06-22,pahur,Jamner,108.2,25.0,99,3.3,122.0
2025-06-22,neri,Jamner,108.2,25.0,99,3.3,100.8
2025-06-22,lohara,Jamner,108.2,25.0,99,3.3,93.9
2025-06-23,kanheri,Baramati,114.4,24.2,96,11.7,117.1
2025-06-23,jalochi,Baramati,114.4,24.2,96,11.7,90.9
2025-06-23,medad,Baramati,114.4,24.2,96,11.7,115.5
2025-06-23,nimbut,Baramati,114.4,24.2,96,11.7,134.8
2025-06-23,songaon,Baramati,114.4,24.2,96,11.7,120.7
2025-06-23,gunawadi,Baramati,114.4,24.2,96,11.7,95.7
2025-06-23,pandare,Baramati,114.4,24.2,96,11.7,129.6
2025-06-23,korhale,Baramati,114.4,24.2,96,11.7,148.1
2025-06-23,lasalgaon,Niphad,0.0,28.4,78,9.8,0.0
2025-06-23,pimpalgaon,Niphad,0.0,28.4,78,9.8,0.0
2025-06-23,vinchur,Niphad,0.0,28.4,78,9.8,0.0
2025-06-23,ozar,Niphad,0.0,28.4,78,9.8,0.0
2025-06-23,shendurni,Jamner,23.3,25.6,83,8.7,32.4
2025-06-23,pahur,Jamner,23.3,25.6,83,8.7,24.2
2025-06-23,neri,Jamner,23.3,25.6,83,8.7,18.2
2025-06-23,lohara,Jamner,23.3,25.6,83,8.7,14.1
2025-06-24,kanheri,Baramati,0.0,28.4,77,17.0,0.0
2025-06-24,jalochi,Baramati,0.0,28.4,77,17.0,0.0
2025-06-24,medad,Baramati,0.0,28.4,77,17.0,0.0
2025-06-24,nimbut,Baramati,0.0,28.4,77,17.0,0.0
2025-06-24,songaon,Baramati,0.0,28.4,77,17.0,0.0
2025-06-24,gunawadi,Baramati,0.0,28.4,77,17.0,0.0
2025-06-24,pandare,Baramati,0.0,28.4,77,17.0,0.0
2025-06-24,korhale,Baramati,0.0,28.4,77,17.0,0.0
2025-06-24,lasalgaon,Niphad,49.0,23.2,95,5.9,39.3
2025-06-24,pimpalgaon,Niphad,49.0,23.2,95,5.9,37.5
2025-06-24,vinchur,Niphad,49.0,23.2,95,5.9,54.1
2025-06-24,ozar,Niphad,49.0,23.2,95,5.9,57.1
2025-06-24,shendurni,Jamner,43.9,23.9,93,16.5,44.5
2025-06-24,pahur,Jamner,43.9,23.9,93,16.5,39.2
2025-06-24,neri,Jamner,43.9,23.9,93,16.5,36.1
2025-06-24,lohara,Jamner,43.9,23.9,93,16.5,38.4
2025-06-25,kanheri,Baramati,0.0,28.2,79,12.5,0.0
2025-06-25,jalochi,Baramati,0.0,28.2,79,12.5,0.0
2025-06-25,medad,Baramati,0.0,28.2,79,12.5,0.0
2025-06-25,nimbut,Baramati,0.0,28.2,79,12.5,0.0
2025-06-25,songaon,Baramati,0.0,28.2,79,12.5,0.0
2025-06-25,gunawadi,Baramati,0.0,28.2,79,12.5,0.0
2025-06-25,pandare,Baramati,0.0,28.2,79,12.5,0.0
2025-06-25,korhale,Baramati,0.0,28.2,79,12.5,0.0
2025-06-25,lasalgaon,Niphad,31.7,24.8,94,9.1,21.6
2025-06-25,pimpalgaon,Niphad,31.7,24.8,94,9.1,31.1
2025-06-25,vinchur,Niphad,31.7,24.8,94,9.1,35.5
2025-06-25,ozar,Niphad,31.7,24.8,94,9.1,34.5
2025-06-25,shendurni,Jamner,27.5,27.2,87,16.8,33.2
2025-06-25,pahur,Jamner,27.5,27.2,87,16.8,29.9
2025-06-25,neri,Jamner,27.5,27.2,87,16.8,23.7
2025-06-25,lohara,Jamner,27.5,27.2,87,16.8,18.0
2025-06-26,kanheri,Baramati,57.0,23.9,99,12.3,64.6
2025-06-26,jalochi,Baramati,57.0,23.9,99,12.3,45.4
2025-06-26,medad,Baramati,57.0,23.9,99,12.3,85.8
2025-06-26,nimbut,Baramati,57.0,23.9,99,12.3,63.2
2025-06-26,songaon,Baramati,57.0,23.9,99,12.3,66.8
2025-06-26,gunawadi,Baramati,57.0,23.9,99,12.3,46.2
2025-06-26,pandare,Baramati,57.0,23.9,99,12.3,43.9
2025-06-26,korhale,Baramati,57.0,23.9,99,12.3,61.4
2025-06-26,lasalgaon,Niphad,7.6,25.9,75,18.3,7.7
2025-06-26,pimpalgaon,Niphad,7.6,25.9,75,18.3,7.2
2025-06-26,vinchur,Niphad,7.6,25.9,75,18.3,8.5
2025-06-26,ozar,Niphad,7.6,25.9,75,18.3,9.9
2025-06-26,shendurni,Jamner,19.5,25.7,89,12.9,24.5
2025-06-26,pahur,Jamner,19.5,25.7,89,12.9,19.7
2025-06-26,neri,Jamner,19.5,25.7,89,12.9,13.7
2025-06-26,lohara,Jamner,19.5,25.7,89,12.9,13.2
2025-06-27,kanheri,Baramati,16.0,29.2,81,18.3,15.8
2025-06-27,jalochi,Baramati,16.0,29.2,81,18.3,14.5
2025-06-27,medad,Baramati,16.0,29.2,81,18.3,19.8
2025-06-27,nimbut,Baramati,16.0,29.2,81,18.3,13.0
2025-06-27,songaon,Baramati,16.0,29.2,81,18.3,12.8
2025-06-27,gunawadi,Baramati,16.0,29.2,81,18.3,15.4
2025-06-27,pandare,Baramati,16.0,29.2,81,18.3,11.8
2025-06-27,korhale,Baramati,16.0,29.2,81,18.3,23.1
2025-06-27,lasalgaon,Niphad,0.5,29.5,79,12.1,0.5
2025-06-27,pimpalgaon,Niphad,0.5,29.5,79,12.1,0.4
2025-06-27,vinchur,Niphad,0.5,29.5,79,12.1,0.5
2025-06-27,ozar,Niphad,0.5,29.5,79,12.1,0.7
2025-06-27,shendurni,Jamner,48.5,24.3,99,23.1,61.1
2025-06-27,pahur,Jamner,48.5,24.3,99,23.1,47.7
2025-06-27,neri,Jamner,48.5,24.3,99,23.1,41.6
2025-06-27,lohara,Jamner,48.5,24.3,99,23.1,41.7
2025-06-28,kanheri,Baramati,0.0,27.3,72,8.1,0.0
2025-06-28,jalochi,Baramati,0.0,27.3,72,8.1,0.0
2025-06-28,medad,Baramati,0.0,27.3,72,8.1,0.0
2025-06-28,nimbut,Baramati,0.0,27.3,72,8.1,0.0
2025-06-28,songaon,Baramati,0.0,27.3,72,8.1,0.0
2025-06-28,gunawadi,Baramati,0.0,27.3,72,8.1,0.0
2025-06-28,pandare,Baramati,0.0,27.3,72,8.1,0.0
2025-06-28,korhale,Baramati,0.0,27.3,72,8.1,0.0
2025-06-28,lasalgaon,Niphad,21.9,26.2,83,14.8,18.4
2025-06-28,pimpalgaon,Niphad,21.9,26.2,83,14.8,18.4
2025-06-28,vinchur,Niphad,21.9,26.2,83,14.8,20.1
2025-06-28,ozar,Niphad,21.9,26.2,83,14.8,24.5
2025-06-28,shendurni,Jamner,0.0,28.1,75,13.2,0.0
2025-06-28,pahur,Jamner,0.0,28.1,75,13.2,0.0
2025-06-28,neri,Jamner,0.0,28.1,75,13.2,0.0
2025-06-28,lohara,Jamner,0.0,28.1,75,13.2,0.0
2025-06-29,kanheri,Baramati,0.0,28.8,73,14.8,0.0
2025-06-29,jalochi,Baramati,0.0,28.8,73,14.8,0.0
2025-06-29,medad,Baramati,0.0,28.8,73,14.8,0.0
2025-06-29,nimbut,Baramati,0.0,28.8,73,14.8,0.0
2025-06-29,songaon,Baramati,0.0,28.8,73,14.8,0.0
2025-06-29,gunawadi,Baramati,0.0,28.8,73,14.8,0.0
2025-06-29,pandare,Baramati,0.0,28.8,73,14.8,0.0
2025-06-29,korhale,Baramati,0.0,28.8,73,14.8,0.0
2025-06-29,lasalgaon,Niphad,86.3,23.0,95,18.0,71.7
2025-06-29,pimpalgaon,Niphad,86.3,23.0,95,18.0,68.9
2025-06-29,vinchur,Niphad,86.3,23.0,95,18.0,82.3
2025-06-29,ozar,Niphad,86.3,23.0,95,18.0,91.1
2025-06-29,shendurni,Jamner,17.3,26.7,78,17.5,18.7
2025-06-29,pahur,Jamner,17.3,26.7,78,17.5,17.1
2025-06-29,neri,Jamner,17.3,26.7,78,17.5,14.1
2025-06-29,lohara,Jamner,17.3,26.7,78,17.5,13.8
2025-06-30,kanheri,Baramati,34.5,25.5,91,13.7,34.3
2025-06-30,jalochi,Baramati,34.5,25.5,91,13.7,33.6
2025-06-30,medad,Baramati,34.5,25.5,91,13.7,50.6
2025-06-30,nimbut,Baramati,34.5,25.5,91,13.7,29.9
2025-06-30,songaon,Baramati,34.5,25.5,91,13.7,25.7
2025-06-30,gunawadi,Baramati,34.5,25.5,91,13.7,23.2
2025-06-30,pandare,Baramati,34.5,25.5,91,13.7,25.9
2025-06-30,korhale,Baramati,34.5,25.5,91,13.7,36.8
2025-06-30,lasalgaon,Niphad,61.8,22.3,97,12.9,52.2
2025-06-30,pimpalgaon,Niphad,61.8,22.3,97,12.9,58.3
2025-06-30,vinchur,Niphad,61.8,22.3,97,12.9,63.0
2025-06-30,ozar,Niphad,61.8,22.3,97,12.9,66.6
2025-06-30,shendurni,Jamner,0.0,27.7,75,13.1,0.0
2025-06-30,pahur,Jamner,0.0,27.7,75,13.1,0.0
2025-06-30,neri,Jamner,0.0,27.7,75,13.1,0.0
2025-06-30,lohara,Jamner,0.0,27.7,75,13.1,0.0
2025-07-01,kanheri,Baramati,14.3,27.9,78,11.2,14.7
2025-07-01,jalochi,Baramati,14.3,27.9,78,11.2,10.0
2025-07-01,medad,Baramati,14.3,27.9,78,11.2,14.8
2025-07-01,nimbut,Baramati,14.3,27.9,78,11.2,15.1
2025-07-01,songaon,Baramati,14.3,27.9,78,11.2,8.1
2025-07-01,gunawadi,Baramati,14.3,27.9,78,11.2,12.9
2025-07-01,pandare,Baramati,14.3,27.9,78,11.2,10.3
2025-07-01,korhale,Baramati,14.3,27.9,78,11.2,20.4
2025-07-01,lasalgaon,Niphad,30.5,25.4,84,14.3,25.6
2025-07-01,pimpalgaon,Niphad,30.5,25.4,84,14.3,37.4
2025-07-01,vinchur,Niphad,30.5,25.4,84,14.3,35.6
2025-07-01,ozar,Niphad,30.5,25.4,84,14.3,38.8
2025-07-01,shendurni,Jamner,24.1,26.9,86,12.3,20.0
2025-07-01,pahur,Jamner,24.1,26.9,86,12.3,20.0
2025-07-01,neri,Jamner,24.1,26.9,86,12.3,20.9
2025-07-01,lohara,Jamner,24.1,26.9,86,12.3,19.4
2025-07-02,kanheri,Baramati,19.8,25.1,87,11.6,18.7
2025-07-02,jalochi,Baramati,19.8,25.1,87,11.6,20.6
2025-07-02,medad,Baramati,19.8,25.1,87,11.6,20.9
2025-07-02,nimbut,Baramati,19.8,25.1,87,11.6,26.5
2025-07-02,songaon,Baramati,19.8,25.1,87,11.6,17.6
2025-07-02,gunawadi,Baramati,19.8,25.1,87,11.6,16.9
2025-07-02,pandare,Baramati,19.8,25.1,87,11.6,14.2
2025-07-02,korhale,Baramati,19.8,25.1,87,11.6,22.4
2025-07-02,lasalgaon,Niphad,0.0,27.9,74,17.4,0.0
2025-07-02,pimpalgaon,Niphad,0.0,27.9,74,17.4,0.0
2025-07-02,vinchur,Niphad,0.0,27.9,74,17.4,0.0
2025-07-02,ozar,Niphad,0.0,27.9,74,17.4,0.0
2025-07-02,shendurni,Jamner,3.8,27.9,80,14.7,4.2
2025-07-02,pahur,Jamner,3.8,27.9,80,14.7,4.3
2025-07-02,neri,Jamner,3.8,27.9,80,14.7,2.8
2025-07-02,lohara,Jamner,3.8,27.9,80,14.7,2.4
2025-07-03,kanheri,Baramati,15.4,26.3,81,19.7,15.7
2025-07-03,jalochi,Baramati,15.4,26.3,81,19.7,14.5
2025-07-03,medad,Baramati,15.4,26.3,81,19.7,22.0
2025-07-03,nimbut,Baramati,15.4,26.3,81,19.7,15.1
2025-07-03,songaon,Baramati,15.4,26.3,81,19.7,17.1
2025-07-03,gunawadi,Baramati,15.4,26.3,81,19.7,12.5
2025-07-03,pandare,Baramati,15.4,26.3,81,19.7,14.8
2025-07-03,korhale,Baramati,15.4,26.3,81,19.7,15.6
2025-07-03,lasalgaon,Niphad,0.0,26.4,75,16.8,0.0
2025-07-03,pimpalgaon,Niphad,0.0,26.4,75,16.8,0.0
2025-07-03,vinchur,Niphad,0.0,26.4,75,16.8,0.0
2025-07-03,ozar,Niphad,0.0,26.4,75,16.8,0.0
2025-07-03,shendurni,Jamner,26.8,27.2,96,10.8,37.6
2025-07-03,pahur,Jamner,26.8,27.2,96,10.8,25.3
2025-07-03,neri,Jamner,26.8,27.2,96,10.8,21.7
2025-07-03,lohara,Jamner,26.8,27.2,96,10.8,20.6
2025-07-04,kanheri,Baramati,10.8,26.1,83,13.6,11.2
2025-07-04,jalochi,Baramati,10.8,26.1,83,13.6,9.7
2025-07-04,medad,Baramati,10.8,26.1,83,13.6,11.6
2025-07-04,nimbut,Baramati,10.8,26.1,83,13.6,13.3
2025-07-04,songaon,Baramati,10.8,26.1,83,13.6,10.0
2025-07-04,gunawadi,Baramati,10.8,26.1,83,13.6,8.5
2025-07-04,pandare,Baramati,10.8,26.1,83,13.6,10.9
2025-07-04,korhale,Baramati,10.8,26.1,83,13.6,9.5
2025-07-04,lasalgaon,Niphad,46.9,25.3,98,16.5,34.4
2025-07-04,pimpalgaon,Niphad,46.9,25.3,98,16.5,38.2
2025-07-04,vinchur,Niphad,46.9,25.3,98,16.5,62.4
2025-07-04,ozar,Niphad,46.9,25.3,98,16.5,50.7
2025-07-04,shendurni,Jamner,58.6,23.8,93,16.2,59.1
2025-07-04,pahur,Jamner,58.6,23.8,93,16.2,53.2
2025-07-04,neri,Jamner,58.6,23.8,93,16.2,39.9
2025-07-04,lohara,Jamner,58.6,23.8,93,16.2,52.8
2025-07-05,kanheri,Baramati,0.0,26.6,64,16.3,0.0
2025-07-05,jalochi,Baramati,0.0,26.6,64,16.3,0.0
2025-07-05,medad,Baramati,0.0,26.6,64,16.3,0.0
2025-07-05,nimbut,Baramati,0.0,26.6,64,16.3,0.0
2025-07-05,songaon,Baramati,0.0,26.6,64,16.3,0.0
2025-07-05,gunawadi,Baramati,0.0,26.6,64,16.3,0.0
2025-07-05,pandare,Baramati,0.0,26.6,64,16.3,0.0
2025-07-05,korhale,Baramati,0.0,26.6,64,16.3,0.0
2025-07-05,lasalgaon,Niphad,4.5,28.5,72,18.5,4.3
2025-07-05,pimpalgaon,Niphad,4.5,28.5,72,18.5,3.6
2025-07-05,vinchur,Niphad,4.5,28.5,72,18.5,5.0
2025-07-05,ozar,Niphad,4.5,28.5,72,18.5,4.2
2025-07-05,shendurni,Jamner,0.0,28.8,75,14.3,0.0
2025-07-05,pahur,Jamner,0.0,28.8,75,14.3,0.0
2025-07-05,neri,Jamner,0.0,28.8,75,14.3,0.0
2025-07-05,lohara,Jamner,0.0,28.8,75,14.3,0.0
2025-07-06,kanheri,Baramati,23.2,24.4,83,13.8,19.3
2025-07-06,jalochi,Baramati,23.2,24.4,83,13.8,23.6
2025-07-06,medad,Baramati,23.2,24.4,83,13.8,25.6
2025-07-06,nimbut,Baramati,23.2,24.4,83,13.8,22.3
2025-07-06,songaon,Baramati,23.2,24.4,83,13.8,23.5
2025-07-06,gunawadi,Baramati,23.2,24.4,83,13.8,15.8
2025-07-06,pandare,Baramati,23.2,24.4,83,13.8,17.5
2025-07-06,korhale,Baramati,23.2,24.4,83,13.8,25.6
2025-07-06,lasalgaon,Niphad,14.9,24.6,83,13.2,13.0
2025-07-06,pimpalgaon,Niphad,14.9,24.6,83,13.2,13.7
2025-07-06,vinchur,Niphad,14.9,24.6,83,13.2,19.7
2025-07-06,ozar,Niphad,14.9,24.6,83,13.2,16.9
2025-07-06,shendurni,Jamner,0.0,30.1,82,14.7,0.0
2025-07-06,pahur,Jamner,0.0,30.1,82,14.7,0.0
2025-07-06,neri,Jamner,0.0,30.1,82,14.7,0.0
2025-07-06,lohara,Jamner,0.0,30.1,82,14.7,0.0
2025-07-07,kanheri,Baramati,18.7,24.4,90,15.5,16.7
2025-07-07,jalochi,Baramati,18.7,24.4,90,15.5,13.1
2025-07-07,medad,Baramati,18.7,24.4,90,15.5,19.1
2025-07-07,nimbut,Baramati,18.7,24.4,90,15.5,22.7
2025-07-07,songaon,Baramati,18.7,24.4,90,15.5,14.3
2025-07-07,gunawadi,Baramati,18.7,24.4,90,15.5,17.2
2025-07-07,pandare,Baramati,18.7,24.4,90,15.5,19.3
2025-07-07,korhale,Baramati,18.7,24.4,90,15.5,19.6
2025-07-07,lasalgaon,Niphad,26.6,25.2,84,12.4,25.7
2025-07-07,pimpalgaon,Niphad,26.6,25.2,84,12.4,26.1
2025-07-07,vinchur,Niphad,26.6,25.2,84,12.4,34.0
2025-07-07,ozar,Niphad,26.6,25.2,84,12.4,37.8
2025-07-07,shendurni,Jamner,9.2,27.3,75,14.1,9.5
2025-07-07,pahur,Jamner,9.2,27.3,75,14.1,7.8
2025-07-07,neri,Jamner,9.2,27.3,75,14.1,7.8
2025-07-07,lohara,Jamner,9.2,27.3,75,14.1,7.7
2025-07-08,kanheri,Baramati,1.6,28.2,70,12.1,1.6
2025-07-08,jalochi,Baramati,1.6,28.2,70,12.1,2.1
2025-07-08,medad,Baramati,1.6,28.2,70,12.1,1.8
2025-07-08,nimbut,Baramati,1.6,28.2,70,12.1,1.9
2025-07-08,songaon,Baramati,1.6,28.2,70,12.1,1.9
2025-07-08,gunawadi,Baramati,1.6,28.2,70,12.1,1.6
2025-07-08,pandare,Baramati,1.6,28.2,70,12.1,1.3
2025-07-08,korhale,Baramati,1.6,28.2,70,12.1,1.7
2025-07-08,lasalgaon,Niphad,46.9,26.6,94,13.3,34.3
2025-07-08,pimpalgaon,Niphad,46.9,26.6,94,13.3,38.8
2025-07-08,vinchur,Niphad,46.9,26.6,94,13.3,55.4
2025-07-08,ozar,Niphad,46.9,26.6,94,13.3,62.4
2025-07-08,shendurni,Jamner,0.0,28.9,84,16.3,0.0
2025-07-08,pahur,Jamner,0.0,28.9,84,16.3,0.0
2025-07-08,neri,Jamner,0.0,28.9,84,16.3,0.0
2025-07-08,lohara,Jamner,0.0,28.9,84,16.3,0.0
2025-07-09,kanheri,Baramati,31.7,27.3,83,18.3,30.6
2025-07-09,jalochi,Baramati,31.7,27.3,83,18.3,37.7
2025-07-09,medad,Baramati,31.7,27.3,83,18.3,36.4
2025-07-09,nimbut,Baramati,31.7,27.3,83,18.3,30.7
2025-07-09,songaon,Baramati,31.7,27.3,83,18.3,29.9
2025-07-09,gunawadi,Baramati,31.7,27.3,83,18.3,23.7
2025-07-09,pandare,Baramati,31.7,27.3,83,18.3,27.4
2025-07-09,korhale,Baramati,31.7,27.3,83,18.3,26.6
2025-07-09,lasalgaon,Niphad,17.2,25.7,78,9.7,20.3
2025-07-09,pimpalgaon,Niphad,17.2,25.7,78,9.7,18.4
2025-07-09,vinchur,Niphad,17.2,25.7,78,9.7,17.3
2025-07-09,ozar,Niphad,17.2,25.7,78,9.7,16.3
2025-07-09,shendurni,Jamner,6.0,27.9,83,15.5,6.7
2025-07-09,pahur,Jamner,6.0,27.9,83,15.5,6.5
2025-07-09,neri,Jamner,6.0,27.9,83,15.5,4.2
2025-07-09,lohara,Jamner,6.0,27.9,83,15.5,4.5
2025-07-10,kanheri,Baramati,12.9,27.8,76,16.4,10.9
2025-07-10,jalochi,Baramati,12.9,27.8,76,16.4,9.7
2025-07-10,medad,Baramati,12.9,27.8,76,16.4,13.3
2025-07-10,nimbut,Baramati,12.9,27.8,76,16.4,15.1
2025-07-10,songaon,Baramati,12.9,27.8,76,16.4,10.3
2025-07-10,gunawadi,Baramati,12.9,27.8,76,16.4,12.8
2025-07-10,pandare,Baramati,12.9,27.8,76,16.4,12.8
2025-07-10,korhale,Baramati,12.9,27.8,76,16.4,11.7
2025-07-10,lasalgaon,Niphad,1.2,25.7,77,16.5,1.3
2025-07-10,pimpalgaon,Niphad,1.2,25.7,77,16.5,1.2
2025-07-10,vinchur,Niphad,1.2,25.7,77,16.5,1.3
2025-07-10,ozar,Niphad,1.2,25.7,77,16.5,1.3
2025-07-10,shendurni,Jamner,0.0,30.1,76,13.4,0.0
2025-07-10,pahur,Jamner,0.0,30.1,76,13.4,0.0
2025-07-10,neri,Jamner,0.0,30.1,76,13.4,0.0
2025-07-10,lohara,Jamner,0.0,30.1,76,13.4,0.0
2025-07-11,kanheri,Baramati,41.2,25.8,91,12.9,37.5
2025-07-11,jalochi,Baramati,41.2,25.8,91,12.9,38.3
2025-07-11,medad,Baramati,41.2,25.8,91,12.9,84.5
2025-07-11,nimbut,Baramati,41.2,25.8,91,12.9,44.0
2025-07-11,songaon,Baramati,41.2,25.8,91,12.9,38.6
2025-07-11,gunawadi,Baramati,41.2,25.8,91,12.9,31.9
2025-07-11,pandare,Baramati,41.2,25.8,91,12.9,36.3
2025-07-11,korhale,Baramati,41.2,25.8,91,12.9,52.6
2025-07-11,lasalgaon,Niphad,23.3,25.5,86,9.2,18.7
2025-07-11,pimpalgaon,Niphad,23.3,25.5,86,9.2,27.6
2025-07-11,vinchur,Niphad,23.3,25.5,86,9.2,29.5
2025-07-11,ozar,Niphad,23.3,25.5,86,9.2,26.4
2025-07-11,shendurni,Jamner,32.4,26.1,85,17.5,41.1
2025-07-11,pahur,Jamner,32.4,26.1,85,17.5,39.2
2025-07-11,neri,Jamner,32.4,26.1,85,17.5,24.6
2025-07-11,lohara,Jamner,32.4,26.1,85,17.5,29.7
2025-07-12,kanheri,Baramati,7.7,27.7,80,13.0,9.2
2025-07-12,jalochi,Baramati,7.7,27.7,80,13.0,6.4
2025-07-12,medad,Baramati,7.7,27.7,80,13.0,8.5
2025-07-12,nimbut,Baramati,7.7,27.7,80,13.0,8.6
2025-07-12,songaon,Baramati,7.7,27.7,80,13.0,10.0
2025-07-12,gunawadi,Baramati,7.7,27.7,80,13.0,8.1
2025-07-12,pandare,Baramati,7.7,27.7,80,13.0,8.8
2025-07-12,korhale,Baramati,7.7,27.7,80,13.0,6.9
2025-07-12,lasalgaon,Niphad,27.3,25.5,82,22.2,23.2
2025-07-12,pimpalgaon,Niphad,27.3,25.5,82,22.2,30.6
2025-07-12,vinchur,Niphad,27.3,25.5,82,22.2,28.0
2025-07-12,ozar,Niphad,27.3,25.5,82,22.2,32.6
2025-07-12,shendurni,Jamner,36.6,25.9,89,15.4,35.9
2025-07-12,pahur,Jamner,36.6,25.9,89,15.4,37.7
2025-07-12,neri,Jamner,36.6,25.9,89,15.4,27.5
2025-07-12,lohara,Jamner,36.6,25.9,89,15.4,27.7
2025-07-13,kanheri,Baramati,76.7,24.4,93,12.9,82.7
2025-07-13,jalochi,Baramati,76.7,24.4,93,12.9,75.9
2025-07-13,medad,Baramati,76.7,24.4,93,12.9,65.4
2025-07-13,nimbut,Baramati,76.7,24.4,93,12.9,88.2
2025-07-13,songaon,Baramati,76.7,24.4,93,12.9,69.0
2025-07-13,gunawadi,Baramati,76.7,24.4,93,12.9,60.2
2025-07-13,pandare,Baramati,76.7,24.4,93,12.9,71.4
2025-07-13,korhale,Baramati,76.7,24.4,93,12.9,96.9
2025-07-13,lasalgaon,Niphad,67.8,23.3,93,17.0,52.9
2025-07-13,pimpalgaon,Niphad,67.8,23.3,93,17.0,75.3
2025-07-13,vinchur,Niphad,67.8,23.3,93,17.0,71.3
2025-07-13,ozar,Niphad,67.8,23.3,93,17.0,91.9
2025-07-13,shendurni,Jamner,71.8,23.8,99,10.4,92.5
2025-07-13,pahur,Jamner,71.8,23.8,99,10.4,66.1
2025-07-13,neri,Jamner,71.8,23.8,99,10.4,71.1
2025-07-13,lohara,Jamner,71.8,23.8,99,10.4,45.7
2025-07-14,kanheri,Baramati,15.1,27.6,83,18.0,14.4
2025-07-14,jalochi,Baramati,15.1,27.6,83,18.0,16.2
2025-07-14,medad,Baramati,15.1,27.6,83,18.0,18.5
2025-07-14,nimbut,Baramati,15.1,27.6,83,18.0,18.1
2025-07-14,songaon,Baramati,15.1,27.6,83,18.0,13.7
2025-07-14,gunawadi,Baramati,15.1,27.6,83,18.0,14.1
2025-07-14,pandare,Baramati,15.1,27.6,83,18.0,14.9
2025-07-14,korhale,Baramati,15.1,27.6,83,18.0,14.3
2025-07-14,lasalgaon,Niphad,19.4,26.9,76,11.2,20.5
2025-07-14,pimpalgaon,Niphad,19.4,26.9,76,11.2,14.1
2025-07-14,vinchur,Niphad,19.4,26.9,76,11.2,21.7
2025-07-14,ozar,Niphad,19.4,26.9,76,11.2,23.6
2025-07-14,shendurni,Jamner,17.5,27.9,80,15.5,19.1
2025-07-14,pahur,Jamner,17.5,27.9,80,15.5,21.1
2025-07-14,neri,Jamner,17.5,27.9,80,15.5,13.0
2025-07-14,lohara,Jamner,17.5,27.9,80,15.5,10.8
2025-07-15,kanheri,Baramati,70.2,25.6,99,12.4,76.4
2025-07-15,jalochi,Baramati,70.2,25.6,99,12.4,58.9
2025-07-15,medad,Baramati,70.2,25.6,99,12.4,97.7
2025-07-15,nimbut,Baramati,70.2,25.6,99,12.4,69.1
2025-07-15,songaon,Baramati,70.2,25.6,99,12.4,58.4
2025-07-15,gunawadi,Baramati,70.2,25.6,99,12.4,76.9
2025-07-15,pandare,Baramati,70.2,25.6,99,12.4,65.9
2025-07-15,korhale,Baramati,70.2,25.6,99,12.4,87.9
2025-07-15,lasalgaon,Niphad,0.0,29.4,67,8.4,0.0
2025-07-15,pimpalgaon,Niphad,0.0,29.4,67,8.4,0.0
2025-07-15,vinchur,Niphad,0.0,29.4,67,8.4,0.0
2025-07-15,ozar,Niphad,0.0,29.4,67,8.4,0.0
2025-07-15,shendurni,Jamner,14.4,28.4,82,10.9,10.3
2025-07-15,pahur,Jamner,14.4,28.4,82,10.9,12.2
2025-07-15,neri,Jamner,14.4,28.4,82,10.9,12.3
2025-07-15,lohara,Jamner,14.4,28.4,82,10.9,12.6
2025-07-16,kanheri,Baramati,0.0,29.4,77,14.1,0.0
2025-07-16,jalochi,Baramati,0.0,29.4,77,14.1,0.0
2025-07-16,medad,Baramati,0.0,29.4,77,14.1,0.0
2025-07-16,nimbut,Baramati,0.0,29.4,77,14.1,0.0
2025-07-16,songaon,Baramati,0.0,29.4,77,14.1,0.0
2025-07-16,gunawadi,Baramati,0.0,29.4,77,14.1,0.0
2025-07-16,pandare,Baramati,0.0,29.4,77,14.1,0.0
2025-07-16,korhale,Baramati,0.0,29.4,77,14.1,0.0
2025-07-16,lasalgaon,Niphad,0.2,26.8,87,15.7,0.2
2025-07-16,pimpalgaon,Niphad,0.2,26.8,87,15.7,0.2
2025-07-16,vinchur,Niphad,0.2,26.8,87,15.7,0.2
2025-07-16,ozar,Niphad,0.2,26.8,87,15.7,0.2
2025-07-16,shendurni,Jamner,87.1,26.1,99,9.0,83.4
2025-07-16,pahur,Jamner,87.1,26.1,99,9.0,96.3
2025-07-16,neri,Jamner,87.1,26.1,99,9.0,74.9
2025-07-16,lohara,Jamner,87.1,26.1,99,9.0,56.2
2025-07-17,kanheri,Baramati,9.9,25.9,87,15.6,9.9
2025-07-17,jalochi,Baramati,9.9,25.9,87,15.6,7.7
2025-07-17,medad,Baramati,9.9,25.9,87,15.6,14.1
2025-07-17,nimbut,Baramati,9.9,25.9,87,15.6,8.8
2025-07-17,songaon,Baramati,9.9,25.9,87,15.6,7.4
2025-07-17,gunawadi,Baramati,9.9,25.9,87,15.6,8.7
2025-07-17,pandare,Baramati,9.9,25.9,87,15.6,8.0
2025-07-17,korhale,Baramati,9.9,25.9,87,15.6,10.2
2025-07-17,lasalgaon,Niphad,0.0,29.0,71,18.9,0.0
2025-07-17,pimpalgaon,Niphad,0.0,29.0,71,18.9,0.0
2025-07-17,vinchur,Niphad,0.0,29.0,71,18.9,0.0
2025-07-17,ozar,Niphad,0.0,29.0,71,18.9,0.0
2025-07-17,shendurni,Jamner,27.4,23.3,85,8.7,30.7
2025-07-17,pahur,Jamner,27.4,23.3,85,8.7,30.4
2025-07-17,neri,Jamner,27.4,23.3,85,8.7,22.3
2025-07-17,lohara,Jamner,27.4,23.3,85,8.7,15.0
2025-07-18,kanheri,Baramati,12.6,25.0,78,14.5,13.2
2025-07-18,jalochi,Baramati,12.6,25.0,78,14.5,13.8
2025-07-18,medad,Baramati,12.6,25.0,78,14.5,16.2
2025-07-18,nimbut,Baramati,12.6,25.0,78,14.5,11.8
2025-07-18,songaon,Baramati,12.6,25.0,78,14.5,11.2
2025-07-18,gunawadi,Baramati,12.6,25.0,78,14.5,11.7
2025-07-18,pandare,Baramati,12.6,25.0,78,14.5,8.2
2025-07-18,korhale,Baramati,12.6,25.0,78,14.5,13.9
2025-07-18,lasalgaon,Niphad,0.0,26.9,75,2.0,0.0
2025-07-18,pimpalgaon,Niphad,0.0,26.9,75,2.0,0.0
2025-07-18,vinchur,Niphad,0.0,26.9,75,2.0,0.0
2025-07-18,ozar,Niphad,0.0,26.9,75,2.0,0.0
2025-07-18,shendurni,Jamner,28.7,26.4,88,15.3,35.2
2025-07-18,pahur,Jamner,28.7,26.4,88,15.3,32.2
2025-07-18,neri,Jamner,28.7,26.4,88,15.3,25.8
2025-07-18,lohara,Jamner,28.7,26.4,88,15.3,24.4
2025-07-19,kanheri,Baramati,40.4,25.0,95,17.8,47.6
2025-07-19,jalochi,Baramati,40.4,25.0,95,17.8,39.3
2025-07-19,medad,Baramati,40.4,25.0,95,17.8,45.5
2025-07-19,nimbut,Baramati,40.4,25.0,95,17.8,43.3
2025-07-19,songaon,Baramati,40.4,25.0,95,17.8,42.8
2025-07-19,gunawadi,Baramati,40.4,25.0,95,17.8,28.9
2025-07-19,pandare,Baramati,40.4,25.0,95,17.8,30.5
2025-07-19,korhale,Baramati,40.4,25.0,95,17.8,42.7
2025-07-19,lasalgaon,Niphad,0.0,25.6,77,16.2,0.0
2025-07-19,pimpalgaon,Niphad,0.0,25.6,77,16.2,0.0
2025-07-19,vinchur,Niphad,0.0,25.6,77,16.2,0.0
2025-07-19,ozar,Niphad,0.0,25.6,77,16.2,0.0
2025-07-19,shendurni,Jamner,28.1,25.8,83,13.6,33.7
2025-07-19,pahur,Jamner,28.1,25.8,83,13.6,29.8
2025-07-19,neri,Jamner,28.1,25.8,83,13.6,20.5
2025-07-19,lohara,Jamner,28.1,25.8,83,13.6,27.8
2025-07-20,kanheri,Baramati,49.7,25.0,99,14.2,55.0
2025-07-20,jalochi,Baramati,49.7,25.0,99,14.2,46.2
2025-07-20,medad,Baramati,49.7,25.0,99,14.2,71.3
2025-07-20,nimbut,Baramati,49.7,25.0,99,14.2,46.9
2025-07-20,songaon,Baramati,49.7,25.0,99,14.2,50.5
2025-07-20,gunawadi,Baramati,49.7,25.0,99,14.2,45.9
2025-07-20,pandare,Baramati,49.7,25.0,99,14.2,35.6
2025-07-20,korhale,Baramati,49.7,25.0,99,14.2,69.8
2025-07-20,lasalgaon,Niphad,0.0,28.5,73,10.8,0.0
2025-07-20,pimpalgaon,Niphad,0.0,28.5,73,10.8,0.0
2025-07-20,vinchur,Niphad,0.0,28.5,73,10.8,0.0
2025-07-20,ozar,Niphad,0.0,28.5,73,10.8,0.0
2025-07-20,shendurni,Jamner,12.9,26.9,78,11.5,12.4
2025-07-20,pahur,Jamner,12.9,26.9,78,11.5,14.6
2025-07-20,neri,Jamner,12.9,26.9,78,11.5,11.1
2025-07-20,lohara,Jamner,12.9,26.9,78,11.5,10.3
2025-07-21,kanheri,Baramati,45.9,25.5,91,18.9,46.9
2025-07-21,jalochi,Baramati,45.9,25.5,91,18.9,29.6
2025-07-21,medad,Baramati,45.9,25.5,91,18.9,63.5
2025-07-21,nimbut,Baramati,45.9,25.5,91,18.9,47.7
2025-07-21,songaon,Baramati,45.9,25.5,91,18.9,44.8
2025-07-21,gunawadi,Baramati,45.9,25.5,91,18.9,48.3
2025-07-21,pandare,Baramati,45.9,25.5,91,18.9,47.2
2025-07-21,korhale,Baramati,45.9,25.5,91,18.9,51.9
2025-07-21,lasalgaon,Niphad,35.6,25.4,93,16.8,30.0
2025-07-21,pimpalgaon,Niphad,35.6,25.4,93,16.8,25.3
2025-07-21,vinchur,Niphad,35.6,25.4,93,16.8,38.9
2025-07-21,ozar,Niphad,35.6,25.4,93,16.8,44.5
2025-07-21,shendurni,Jamner,25.7,26.8,80,14.6,29.6
2025-07-21,pahur,Jamner,25.7,26.8,80,14.6,21.3
2025-07-21,neri,Jamner,25.7,26.8,80,14.6,17.6
2025-07-21,lohara,Jamner,25.7,26.8,80,14.6,20.3
2025-07-22,kanheri,Baramati,34.7,24.8,88,17.3,30.1
2025-07-22,jalochi,Baramati,34.7,24.8,88,17.3,36.4
2025-07-22,medad,Baramati,34.7,24.8,88,17.3,49.8
2025-07-22,nimbut,Baramati,34.7,24.8,88,17.3,36.1
2025-07-22,songaon,Baramati,34.7,24.8,88,17.3,29.8
2025-07-22,gunawadi,Baramati,34.7,24.8,88,17.3,33.4
2025-07-22,pandare,Baramati,34.7,24.8,88,17.3,29.8
2025-07-22,korhale,Baramati,34.7,24.8,88,17.3,52.1
2025-07-22,lasalgaon,Niphad,10.5,25.7,78,12.0,9.6
2025-07-22,pimpalgaon,Niphad,10.5,25.7,78,12.0,8.8
2025-07-22,vinchur,Niphad,10.5,25.7,78,12.0,9.1
2025-07-22,ozar,Niphad,10.5,25.7,78,12.0,13.1
2025-07-22,shendurni,Jamner,0.0,28.0,75,15.7,0.0
2025-07-22,pahur,Jamner,0.0,28.0,75,15.7,0.0
2025-07-22,neri,Jamner,0.0,28.0,75,15.7,0.0
2025-07-22,lohara,Jamner,0.0,28.0,75,15.7,0.0
2025-07-23,kanheri,Baramati,28.0,25.5,87,17.7,22.2
2025-07-23,jalochi,Baramati,28.0,25.5,87,17.7,26.5
2025-07-23,medad,Baramati,28.0,25.5,87,17.7,33.8
2025-07-23,nimbut,Baramati,28.0,25.5,87,17.7,30.3
2025-07-23,songaon,Baramati,28.0,25.5,87,17.7,21.1
2025-07-23,gunawadi,Baramati,28.0,25.5,87,17.7,24.2
2025-07-23,pandare,Baramati,28.0,25.5,87,17.7,23.5
2025-07-23,korhale,Baramati,28.0,25.5,87,17.7,34.9
2025-07-23,lasalgaon,Niphad,35.9,25.2,83,15.1,34.6
2025-07-23,pimpalgaon,Niphad,35.9,25.2,83,15.1,31.9
2025-07-23,vinchur,Niphad,35.9,25.2,83,15.1,30.3
2025-07-23,ozar,Niphad,35.9,25.2,83,15.1,48.8
2025-07-23,shendurni,Jamner,76.8,23.2,98,8.8,82.2
2025-07-23,pahur,Jamner,76.8,23.2,98,8.8,71.6
2025-07-23,neri,Jamner,76.8,23.2,98,8.8,59.5
2025-07-23,lohara,Jamner,76.8,23.2,98,8.8,49.3
2025-07-24,kanheri,Baramati,0.0,28.2,76,15.1,0.0
2025-07-24,jalochi,Baramati,0.0,28.2,76,15.1,0.0
2025-07-24,medad,Baramati,0.0,28.2,76,15.1,0.0
2025-07-24,nimbut,Baramati,0.0,28.2,76,15.1,0.0
2025-07-24,songaon,Baramati,0.0,28.2,76,15.1,0.0
2025-07-24,gunawadi,Baramati,0.0,28.2,76,15.1,0.0
2025-07-24,pandare,Baramati,0.0,28.2,76,15.1,0.0
2025-07-24,korhale,Baramati,0.0,28.2,76,15.1,0.0
2025-07-24,lasalgaon,Niphad,0.0,29.6,81,10.2,0.0
2025-07-24,pimpalgaon,Niphad,0.0,29.6,81,10.2,0.0
2025-07-24,vinchur,Niphad,0.0,29.6,81,10.2,0.0
2025-07-24,ozar,Niphad,0.0,29.6,81,10.2,0.0
2025-07-24,shendurni,Jamner,18.8,27.5,86,15.5,25.3
2025-07-24,pahur,Jamner,18.8,27.5,86,15.5,14.0
2025-07-24,neri,Jamner,18.8,27.5,86,15.5,18.2
2025-07-24,lohara,Jamner,18.8,27.5,86,15.5,20.3
2025-07-25,kanheri,Baramati,20.9,25.3,86,7.2,24.0
2025-07-25,jalochi,Baramati,20.9,25.3,86,7.2,24.1
2025-07-25,medad,Baramati,20.9,25.3,86,7.2,21.0
2025-07-25,nimbut,Baramati,20.9,25.3,86,7.2,26.2
2025-07-25,songaon,Baramati,20.9,25.3,86,7.2,14.0
2025-07-25,gunawadi,Baramati,20.9,25.3,86,7.2,20.9
2025-07-25,pandare,Baramati,20.9,25.3,86,7.2,18.2
2025-07-25,korhale,Baramati,20.9,25.3,86,7.2,21.8
2025-07-25,lasalgaon,Niphad,42.6,27.3,85,9.0,48.0
2025-07-25,pimpalgaon,Niphad,42.6,27.3,85,9.0,37.4
2025-07-25,vinchur,Niphad,42.6,27.3,85,9.0,52.3
2025-07-25,ozar,Niphad,42.6,27.3,85,9.0,59.6
2025-07-25,shendurni,Jamner,65.9,26.5,98,14.2,63.4
2025-07-25,pahur,Jamner,65.9,26.5,98,14.2,56.2
2025-07-25,neri,Jamner,65.9,26.5,98,14.2,68.1
2025-07-25,lohara,Jamner,65.9,26.5,98,14.2,57.4
2025-07-26,kanheri,Baramati,60.2,24.6,97,17.8,50.6
2025-07-26,jalochi,Baramati,60.2,24.6,97,17.8,63.0
2025-07-26,medad,Baramati,60.2,24.6,97,17.8,82.4
2025-07-26,nimbut,Baramati,60.2,24.6,97,17.8,58.0
2025-07-26,songaon,Baramati,60.2,24.6,97,17.8,62.5
2025-07-26,gunawadi,Baramati,60.2,24.6,97,17.8,55.0
2025-07-26,pandare,Baramati,60.2,24.6,97,17.8,44.1
2025-07-26,korhale,Baramati,60.2,24.6,97,17.8,69.2
2025-07-26,lasalgaon,Niphad,25.2,23.8,85,6.4,28.2
2025-07-26,pimpalgaon,Niphad,25.2,23.8,85,6.4,26.7
2025-07-26,vinchur,Niphad,25.2,23.8,85,6.4,24.5
2025-07-26,ozar,Niphad,25.2,23.8,85,6.4,32.8
2025-07-26,shendurni,Jamner,73.9,26.6,99,12.0,98.1
2025-07-26,pahur,Jamner,73.9,26.6,99,12.0,64.2
2025-07-26,neri,Jamner,73.9,26.6,99,12.0,58.3
2025-07-26,lohara,Jamner,73.9,26.6,99,12.0,64.1
2025-07-27,kanheri,Baramati,46.1,25.6,99,11.8,47.9
2025-07-27,jalochi,Baramati,46.1,25.6,99,11.8,43.8
2025-07-27,medad,Baramati,46.1,25.6,99,11.8,45.4
2025-07-27,nimbut,Baramati,46.1,25.6,99,11.8,44.5
2025-07-27,songaon,Baramati,46.1,25.6,99,11.8,40.3
2025-07-27,gunawadi,Baramati,46.1,25.6,99,11.8,55.6
2025-07-27,pandare,Baramati,46.1,25.6,99,11.8,40.0
2025-07-27,korhale,Baramati,46.1,25.6,99,11.8,42.1
2025-07-27,lasalgaon,Niphad,44.6,24.3,91,12.1,35.0
2025-07-27,pimpalgaon,Niphad,44.6,24.3,91,12.1,39.6
2025-07-27,vinchur,Niphad,44.6,24.3,91,12.1,54.1
2025-07-27,ozar,Niphad,44.6,24.3,91,12.1,56.2
2025-07-27,shendurni,Jamner,78.3,25.4,99,14.2,97.2
2025-07-27,pahur,Jamner,78.3,25.4,99,14.2,89.5
2025-07-27,neri,Jamner,78.3,25.4,99,14.2,68.1
2025-07-27,lohara,Jamner,78.3,25.4,99,14.2,76.3
2025-07-28,kanheri,Baramati,63.5,24.4,98,8.8,65.7
2025-07-28,jalochi,Baramati,63.5,24.4,98,8.8,62.0
2025-07-28,medad,Baramati,63.5,24.4,98,8.8,92.7
2025-07-28,nimbut,Baramati,63.5,24.4,98,8.8,69.4
2025-07-28,songaon,Baramati,63.5,24.4,98,8.8,55.0
2025-07-28,gunawadi,Baramati,63.5,24.4,98,8.8,64.3
2025-07-28,pandare,Baramati,63.5,24.4,98,8.8,42.2
2025-07-28,korhale,Baramati,63.5,24.4,98,8.8,71.6
2025-07-28,lasalgaon,Niphad,5.5,26.2,72,15.2,4.5
2025-07-28,pimpalgaon,Niphad,5.5,26.2,72,15.2,6.8
2025-07-28,vinchur,Niphad,5.5,26.2,72,15.2,7.5
2025-07-28,ozar,Niphad,5.5,26.2,72,15.2,8.4
2025-07-28,shendurni,Jamner,5.4,24.9,79,13.4,6.5
2025-07-28,pahur,Jamner,5.4,24.9,79,13.4,4.8
2025-07-28,neri,Jamner,5.4,24.9,79,13.4,4.4
2025-07-28,lohara,Jamner,5.4,24.9,79,13.4,4.1
2025-07-29,kanheri,Baramati,86.6,23.7,99,17.6,99.5
2025-07-29,jalochi,Baramati,86.6,23.7,99,17.6,85.7
2025-07-29,medad,Baramati,86.6,23.7,99,17.6,114.0
2025-07-29,nimbut,Baramati,86.6,23.7,99,17.6,107.8
2025-07-29,songaon,Baramati,86.6,23.7,99,17.6,63.0
2025-07-29,gunawadi,Baramati,86.6,23.7,99,17.6,82.7
2025-07-29,pandare,Baramati,86.6,23.7,99,17.6,85.6
2025-07-29,korhale,Baramati,86.6,23.7,99,17.6,113.2
2025-07-29,lasalgaon,Niphad,29.1,25.9,85,14.5,29.2
2025-07-29,pimpalgaon,Niphad,29.1,25.9,85,14.5,33.5
2025-07-29,vinchur,Niphad,29.1,25.9,85,14.5,29.5
2025-07-29,ozar,Niphad,29.1,25.9,85,14.5,31.1
2025-07-29,shendurni,Jamner,16.0,28.5,76,8.5,13.8
2025-07-29,pahur,Jamner,16.0,28.5,76,8.5,18.0
2025-07-29,neri,Jamner,16.0,28.5,76,8.5,18.5
2025-07-29,lohara,Jamner,16.0,28.5,76,8.5,11.5
2025-07-30,kanheri,Baramati,8.5,28.6,83,18.8,9.1
2025-07-30,jalochi,Baramati,8.5,28.6,83,18.8,8.6
2025-07-30,medad,Baramati,8.5,28.6,83,18.8,8.3
2025-07-30,nimbut,Baramati,8.5,28.6,83,18.8,6.9
2025-07-30,songaon,Baramati,8.5,28.6,83,18.8,6.1
2025-07-30,gunawadi,Baramati,8.5,28.6,83,18.8,7.5
2025-07-30,pandare,Baramati,8.5,28.6,83,18.8,6.9
2025-07-30,korhale,Baramati,8.5,28.6,83,18.8,8.3
2025-07-30,lasalgaon,Niphad,82.0,24.7,99,17.0,71.9
2025-07-30,pimpalgaon,Niphad,82.0,24.7,99,17.0,81.5
2025-07-30,vinchur,Niphad,82.0,24.7,99,17.0,93.7
2025-07-30,ozar,Niphad,82.0,24.7,99,17.0,110.5
2025-07-30,shendurni,Jamner,0.0,27.8,80,15.3,0.0
2025-07-30,pahur,Jamner,0.0,27.8,80,15.3,0.0
2025-07-30,neri,Jamner,0.0,27.8,80,15.3,0.0
2025-07-30,lohara,Jamner,0.0,27.8,80,15.3,0.0
2025-07-31,kanheri,Baramati,65.9,24.0,96,10.8,73.9
2025-07-31,jalochi,Baramati,65.9,24.0,96,10.8,59.2
2025-07-31,medad,Baramati,65.9,24.0,96,10.8,70.5
2025-07-31,nimbut,Baramati,65.9,24.0,96,10.8,95.2
2025-07-31,songaon,Baramati,65.9,24.0,96,10.8,57.2
2025-07-31,gunawadi,Baramati,65.9,24.0,96,10.8,64.1
2025-07-31,pandare,Baramati,65.9,24.0,96,10.8,59.4
2025-07-31,korhale,Baramati,65.9,24.0,96,10.8,79.4
2025-07-31,lasalgaon,Niphad,34.1,24.8,91,13.4,24.6
2025-07-31,pimpalgaon,Niphad,34.1,24.8,91,13.4,32.8
2025-07-31,vinchur,Niphad,34.1,24.8,91,13.4,43.4
2025-07-31,ozar,Niphad,34.1,24.8,91,13.4,43.9
2025-07-31,shendurni,Jamner,19.3,26.5,81,21.8,25.6
2025-07-31,pahur,Jamner,19.3,26.5,81,21.8,22.9
2025-07-31,neri,Jamner,19.3,26.5,81,21.8,11.5
2025-07-31,lohara,Jamner,19.3,26.5,81,21.8,15.9
2025-08-01,kanheri,Baramati,15.3,26.9,76,10.7,13.8
2025-08-01,jalochi,Baramati,15.3,26.9,76,10.7,13.3
2025-08-01,medad,Baramati,15.3,26.9,76,10.7,24.2
2025-08-01,nimbut,Baramati,15.3,26.9,76,10.7,15.0
2025-08-01,songaon,Baramati,15.3,26.9,76,10.7,11.6
2025-08-01,gunawadi,Baramati,15.3,26.9,76,10.7,11.7
2025-08-01,pandare,Baramati,15.3,26.9,76,10.7,11.1
2025-08-01,korhale,Baramati,15.3,26.9,76,10.7,17.0
2025-08-01,lasalgaon,Niphad,0.0,29.2,73,10.0,0.0
2025-08-01,pimpalgaon,Niphad,0.0,29.2,73,10.0,0.0
2025-08-01,vinchur,Niphad,0.0,29.2,73,10.0,0.0
2025-08-01,ozar,Niphad,0.0,29.2,73,10.0,0.0
2025-08-01,shendurni,Jamner,60.0,22.2,99,10.0,71.6
2025-08-01,pahur,Jamner,60.0,22.2,99,10.0,54.2
2025-08-01,neri,Jamner,60.0,22.2,99,10.0,53.5
2025-08-01,lohara,Jamner,60.0,22.2,99,10.0,48.3
2025-08-02,kanheri,Baramati,17.1,26.0,76,13.9,16.7
2025-08-02,jalochi,Baramati,17.1,26.0,76,13.9,20.9
2025-08-02,medad,Baramati,17.1,26.0,76,13.9,20.0
2025-08-02,nimbut,Baramati,17.1,26.0,76,13.9,19.0
2025-08-02,songaon,Baramati,17.1,26.0,76,13.9,13.1
2025-08-02,gunawadi,Baramati,17.1,26.0,76,13.9,14.3
2025-08-02,pandare,Baramati,17.1,26.0,76,13.9,11.8
2025-08-02,korhale,Baramati,17.1,26.0,76,13.9,17.8
2025-08-02,lasalgaon,Niphad,29.8,24.1,85,16.1,15.6
2025-08-02,pimpalgaon,Niphad,29.8,24.1,85,16.1,30.8
2025-08-02,vinchur,Niphad,29.8,24.1,85,16.1,33.0
2025-08-02,ozar,Niphad,29.8,24.1,85,16.1,32.3
2025-08-02,shendurni,Jamner,0.0,28.5,73,18.6,0.0
2025-08-02,pahur,Jamner,0.0,28.5,73,18.6,0.0
2025-08-02,neri,Jamner,0.0,28.5,73,18.6,0.0
2025-08-02,lohara,Jamner,0.0,28.5,73,18.6,0.0
2025-08-03,kanheri,Baramati,8.9,29.8,87,14.5,7.4
2025-08-03,jalochi,Baramati,8.9,29.8,87,14.5,10.4
2025-08-03,medad,Baramati,8.9,29.8,87,14.5,7.1
2025-08-03,nimbut,Baramati,8.9,29.8,87,14.5,9.9
2025-08-03,songaon,Baramati,8.9,29.8,87,14.5,8.9
2025-08-03,gunawadi,Baramati,8.9,29.8,87,14.5,9.4
2025-08-03,pandare,Baramati,8.9,29.8,87,14.5,7.1
2025-08-03,korhale,Baramati,8.9,29.8,87,14.5,11.6
2025-08-03,lasalgaon,Niphad,32.0,23.2,89,24.3,31.9
2025-08-03,pimpalgaon,Niphad,32.0,23.2,89,24.3,39.4
2025-08-03,vinchur,Niphad,32.0,23.2,89,24.3,29.0
2025-08-03,ozar,Niphad,32.0,23.2,89,24.3,26.3
2025-08-03,shendurni,Jamner,87.2,26.3,96,13.1,101.4
2025-08-03,pahur,Jamner,87.2,26.3,96,13.1,102.3
2025-08-03,neri,Jamner,87.2,26.3,96,13.1,81.1
2025-08-03,lohara,Jamner,87.2,26.3,96,13.1,73.5
2025-08-04,kanheri,Baramati,4.7,26.3,84,5.5,5.7
2025-08-04,jalochi,Baramati,4.7,26.3,84,5.5,5.1
2025-08-04,medad,Baramati,4.7,26.3,84,5.5,5.2
2025-08-04,nimbut,Baramati,4.7,26.3,84,5.5,4.1
2025-08-04,songaon,Baramati,4.7,26.3,84,5.5,4.7
2025-08-04,gunawadi,Baramati,4.7,26.3,84,5.5,5.3
2025-08-04,pandare,Baramati,4.7,26.3,84,5.5,4.0
2025-08-04,korhale,Baramati,4.7,26.3,84,5.5,5.3
2025-08-04,lasalgaon,Niphad,20.8,24.6,92,5.5,18.2
2025-08-04,pimpalgaon,Niphad,20.8,24.6,92,5.5,19.4
2025-08-04,vinchur,Niphad,20.8,24.6,92,5.5,21.3
2025-08-04,ozar,Niphad,20.8,24.6,92,5.5,26.1
2025-08-04,shendurni,Jamner,30.1,25.2,77,12.5,38.3
2025-08-04,pahur,Jamner,30.1,25.2,77,12.5,38.6
2025-08-04,neri,Jamner,30.1,25.2,77,12.5,29.5
2025-08-04,lohara,Jamner,30.1,25.2,77,12.5,31.0
2025-08-05,kanheri,Baramati,0.0,29.5,77,16.5,0.0
2025-08-05,jalochi,Baramati,0.0,29.5,77,16.5,0.0
2025-08-05,medad,Baramati,0.0,29.5,77,16.5,0.0
2025-08-05,nimbut,Baramati,0.0,29.5,77,16.5,0.0
2025-08-05,songaon,Baramati,0.0,29.5,77,16.5,0.0
2025-08-05,gunawadi,Baramati,0.0,29.5,77,16.5,0.0
2025-08-05,pandare,Baramati,0.0,29.5,77,16.5,0.0
2025-08-05,korhale,Baramati,0.0,29.5,77,16.5,0.0
2025-08-05,lasalgaon,Niphad,29.2,28.3,93,11.4,28.1
2025-08-05,pimpalgaon,Niphad,29.2,28.3,93,11.4,23.1
2025-08-05,vinchur,Niphad,29.2,28.3,93,11.4,24.6
2025-08-05,ozar,Niphad,29.2,28.3,93,11.4,30.5
2025-08-05,shendurni,Jamner,62.6,24.3,94,6.6,79.7
2025-08-05,pahur,Jamner,62.6,24.3,94,6.6,69.5
2025-08-05,neri,Jamner,62.6,24.3,94,6.6,52.3
2025-08-05,lohara,Jamner,62.6,24.3,94,6.6,40.2
2025-08-06,kanheri,Baramati,63.8,25.5,99,17.3,62.8
2025-08-06,jalochi,Baramati,63.8,25.5,99,17.3,67.7
2025-08-06,medad,Baramati,63.8,25.5,99,17.3,69.2
2025-08-06,nimbut,Baramati,63.8,25.5,99,17.3,103.4
2025-08-06,songaon,Baramati,63.8,25.5,99,17.3,58.3
2025-08-06,gunawadi,Baramati,63.8,25.5,99,17.3,61.2
2025-08-06,pandare,Baramati,63.8,25.5,99,17.3,52.9
2025-08-06,korhale,Baramati,63.8,25.5,99,17.3,67.0
2025-08-06,lasalgaon,Niphad,0.0,29.8,74,14.5,0.0
2025-08-06,pimpalgaon,Niphad,0.0,29.8,74,14.5,0.0
2025-08-06,vinchur,Niphad,0.0,29.8,74,14.5,0.0
2025-08-06,ozar,Niphad,0.0,29.8,74,14.5,0.0
2025-08-06,shendurni,Jamner,70.1,26.3,95,7.2,68.1
2025-08-06,pahur,Jamner,70.1,26.3,95,7.2,55.1
2025-08-06,neri,Jamner,70.1,26.3,95,7.2,54.7
2025-08-06,lohara,Jamner,70.1,26.3,95,7.2,56.9
2025-08-07,kanheri,Baramati,0.0,29.5,76,14.5,0.0
2025-08-07,jalochi,Baramati,0.0,29.5,76,14.5,0.0
2025-08-07,medad,Baramati,0.0,29.5,76,14.5,0.0
2025-08-07,nimbut,Baramati,0.0,29.5,76,14.5,0.0
2025-08-07,songaon,Baramati,0.0,29.5,76,14.5,0.0
2025-08-07,gunawadi,Baramati,0.0,29.5,76,14.5,0.0
2025-08-07,pandare,Baramati,0.0,29.5,76,14.5,0.0
2025-08-07,korhale,Baramati,0.0,29.5,76,14.5,0.0
2025-08-07,lasalgaon,Niphad,41.9,23.9,86,20.2,39.1
2025-08-07,pimpalgaon,Niphad,41.9,23.9,86,20.2,33.8
2025-08-07,vinchur,Niphad,41.9,23.9,86,20.2,32.7
2025-08-07,ozar,Niphad,41.9,23.9,86,20.2,44.4
2025-08-07,shendurni,Jamner,15.2,27.6,74,17.7,19.8
2025-08-07,pahur,Jamner,15.2,27.6,74,17.7,18.1
2025-08-07,neri,Jamner,15.2,27.6,74,17.7,12.9
2025-08-07,lohara,Jamner,15.2,27.6,74,17.7,12.2
2025-08-08,kanheri,Baramati,20.4,26.9,80,11.7,19.2
2025-08-08,jalochi,Baramati,20.4,26.9,80,11.7,16.2
2025-08-08,medad,Baramati,20.4,26.9,80,11.7,19.5
2025-08-08,nimbut,Baramati,20.4,26.9,80,11.7,20.8
2025-08-08,songaon,Baramati,20.4,26.9,80,11.7,27.9
2025-08-08,gunawadi,Baramati,20.4,26.9,80,11.7,19.3
2025-08-08,pandare,Baramati,20.4,26.9,80,11.7,16.9
2025-08-08,korhale,Baramati,20.4,26.9,80,11.7,30.3
2025-08-08,lasalgaon,Niphad,6.6,30.1,80,7.6,6.6
2025-08-08,pimpalgaon,Niphad,6.6,30.1,80,7.6,7.3
2025-08-08,vinchur,Niphad,6.6,30.1,80,7.6,7.2
2025-08-08,ozar,Niphad,6.6,30.1,80,7.6,8.2
2025-08-08,shendurni,Jamner,37.9,23.6,94,15.6,43.8
2025-08-08,pahur,Jamner,37.9,23.6,94,15.6,43.4
2025-08-08,neri,Jamner,37.9,23.6,94,15.6,36.2
2025-08-08,lohara,Jamner,37.9,23.6,94,15.6,31.7
2025-08-09,kanheri,Baramati,103.0,24.2,99,17.1,80.9
2025-08-09,jalochi,Baramati,103.0,24.2,99,17.1,87.5
2025-08-09,medad,Baramati,103.0,24.2,99,17.1,108.5
2025-08-09,nimbut,Baramati,103.0,24.2,99,17.1,117.3
2025-08-09,songaon,Baramati,103.0,24.2,99,17.1,85.2
2025-08-09,gunawadi,Baramati,103.0,24.2,99,17.1,91.0
2025-08-09,pandare,Baramati,103.0,24.2,99,17.1,73.4
2025-08-09,korhale,Baramati,103.0,24.2,99,17.1,78.8
2025-08-09,lasalgaon,Niphad,45.6,24.9,96,17.0,49.6
2025-08-09,pimpalgaon,Niphad,45.6,24.9,96,17.0,41.2
2025-08-09,vinchur,Niphad,45.6,24.9,96,17.0,45.9
2025-08-09,ozar,Niphad,45.6,24.9,96,17.0,53.2
2025-08-09,shendurni,Jamner,12.1,26.5,86,15.2,10.8
2025-08-09,pahur,Jamner,12.1,26.5,86,15.2,18.0
2025-08-09,neri,Jamner,12.1,26.5,86,15.2,10.7
2025-08-09,lohara,Jamner,12.1,26.5,86,15.2,9.9
2025-08-10,kanheri,Baramati,0.0,28.6,73,20.0,0.0
2025-08-10,jalochi,Baramati,0.0,28.6,73,20.0,0.0
2025-08-10,medad,Baramati,0.0,28.6,73,20.0,0.0
2025-08-10,nimbut,Baramati,0.0,28.6,73,20.0,0.0
2025-08-10,songaon,Baramati,0.0,28.6,73,20.0,0.0
2025-08-10,gunawadi,Baramati,0.0,28.6,73,20.0,0.0
2025-08-10,pandare,Baramati,0.0,28.6,73,20.0,0.0
2025-08-10,korhale,Baramati,0.0,28.6,73,20.0,0.0
2025-08-10,lasalgaon,Niphad,38.8,25.7,95,15.3,24.6
2025-08-10,pimpalgaon,Niphad,38.8,25.7,95,15.3,57.0
2025-08-10,vinchur,Niphad,38.8,25.7,95,15.3,60.6
2025-08-10,ozar,Niphad,38.8,25.7,95,15.3,44.3
2025-08-10,shendurni,Jamner,5.8,24.8,78,16.8,6.1
2025-08-10,pahur,Jamner,5.8,24.8,78,16.8,4.2
2025-08-10,neri,Jamner,5.8,24.8,78,16.8,5.4
2025-08-10,lohara,Jamner,5.8,24.8,78,16.8,5.6
2025-08-11,kanheri,Baramati,37.7,26.5,89,7.5,35.2
2025-08-11,jalochi,Baramati,37.7,26.5,89,7.5,33.0
2025-08-11,medad,Baramati,37.7,26.5,89,7.5,41.7
2025-08-11,nimbut,Baramati,37.7,26.5,89,7.5,37.8
2025-08-11,songaon,Baramati,37.7,26.5,89,7.5,26.1
2025-08-11,gunawadi,Baramati,37.7,26.5,89,7.5,32.5
2025-08-11,pandare,Baramati,37.7,26.5,89,7.5,30.1
2025-08-11,korhale,Baramati,37.7,26.5,89,7.5,50.2
2025-08-11,lasalgaon,Niphad,14.4,28.0,76,16.1,15.0
2025-08-11,pimpalgaon,Niphad,14.4,28.0,76,16.1,10.1
2025-08-11,vinchur,Niphad,14.4,28.0,76,16.1,14.9
2025-08-11,ozar,Niphad,14.4,28.0,76,16.1,13.2
2025-08-11,shendurni,Jamner,33.2,25.8,89,11.9,35.2
2025-08-11,pahur,Jamner,33.2,25.8,89,11.9,37.0
2025-08-11,neri,Jamner,33.2,25.8,89,11.9,24.7
2025-08-11,lohara,Jamner,33.2,25.8,89,11.9,21.1
2025-08-12,kanheri,Baramati,4.5,26.9,80,8.4,5.2
2025-08-12,jalochi,Baramati,4.5,26.9,80,8.4,4.5
2025-08-12,medad,Baramati,4.5,26.9,80,8.4,4.7
2025-08-12,nimbut,Baramati,4.5,26.9,80,8.4,4.3
2025-08-12,songaon,Baramati,4.5,26.9,80,8.4,3.7
2025-08-12,gunawadi,Baramati,4.5,26.9,80,8.4,4.5
2025-08-12,pandare,Baramati,4.5,26.9,80,8.4,3.9
2025-08-12,korhale,Baramati,4.5,26.9,80,8.4,5.2
2025-08-12,lasalgaon,Niphad,10.6,25.9,78,7.2,8.5
2025-08-12,pimpalgaon,Niphad,10.6,25.9,78,7.2,10.8
2025-08-12,vinchur,Niphad,10.6,25.9,78,7.2,10.8
2025-08-12,ozar,Niphad,10.6,25.9,78,7.2,10.0
2025-08-12,shendurni,Jamner,34.1,25.2,99,14.7,37.1
2025-08-12,pahur,Jamner,34.1,25.2,99,14.7,28.3
2025-08-12,neri,Jamner,34.1,25.2,99,14.7,21.3
2025-08-12,lohara,Jamner,34.1,25.2,99,14.7,31.4
2025-08-13,kanheri,Baramati,0.0,28.1,79,11.4,0.0
2025-08-13,jalochi,Baramati,0.0,28.1,79,11.4,0.0
2025-08-13,medad,Baramati,0.0,28.1,79,11.4,0.0
2025-08-13,nimbut,Baramati,0.0,28.1,79,11.4,0.0
2025-08-13,songaon,Baramati,0.0,28.1,79,11.4,0.0
2025-08-13,gunawadi,Baramati,0.0,28.1,79,11.4,0.0
2025-08-13,pandare,Baramati,0.0,28.1,79,11.4,0.0
2025-08-13,korhale,Baramati,0.0,28.1,79,11.4,0.0
2025-08-13,lasalgaon,Niphad,70.4,23.5,99,12.5,60.5
2025-08-13,pimpalgaon,Niphad,70.4,23.5,99,12.5,68.3
2025-08-13,vinchur,Niphad,70.4,23.5,99,12.5,64.6
2025-08-13,ozar,Niphad,70.4,23.5,99,12.5,125.0
2025-08-13,shendurni,Jamner,0.0,28.6,70,16.1,0.0
2025-08-13,pahur,Jamner,0.0,28.6,70,16.1,0.0
2025-08-13,neri,Jamner,0.0,28.6,70,16.1,0.0
2025-08-13,lohara,Jamner,0.0,28.6,70,16.1,0.0
2025-08-14,kanheri,Baramati,0.0,29.6,81,14.9,0.0
2025-08-14,jalochi,Baramati,0.0,29.6,81,14.9,0.0
2025-08-14,medad,Baramati,0.0,29.6,81,14.9,0.0
2025-08-14,nimbut,Baramati,0.0,29.6,81,14.9,0.0
2025-08-14,songaon,Baramati,0.0,29.6,81,14.9,0.0
2025-08-14,gunawadi,Baramati,0.0,29.6,81,14.9,0.0
2025-08-14,pandare,Baramati,0.0,29.6,81,14.9,0.0
2025-08-14,korhale,Baramati,0.0,29.6,81,14.9,0.0
2025-08-14,lasalgaon,Niphad,87.2,23.3,99,10.7,87.7
2025-08-14,pimpalgaon,Niphad,87.2,23.3,99,10.7,74.2
2025-08-14,vinchur,Niphad,87.2,23.3,99,10.7,81.2
2025-08-14,ozar,Niphad,87.2,23.3,99,10.7,112.1
2025-08-14,shendurni,Jamner,0.0,29.6,75,18.1,0.0
2025-08-14,pahur,Jamner,0.0,29.6,75,18.1,0.0
2025-08-14,neri,Jamner,0.0,29.6,75,18.1,0.0
2025-08-14,lohara,Jamner,0.0,29.6,75,18.1,0.0
2025-08-15,kanheri,Baramati,23.8,25.3,82,10.8,33.5
2025-08-15,jalochi,Baramati,23.8,25.3,82,10.8,25.9
2025-08-15,medad,Baramati,23.8,25.3,82,10.8,34.1
2025-08-15,nimbut,Baramati,23.8,25.3,82,10.8,29.8
2025-08-15,songaon,Baramati,23.8,25.3,82,10.8,21.4
2025-08-15,gunawadi,Baramati,23.8,25.3,82,10.8,27.0
2025-08-15,pandare,Baramati,23.8,25.3,82,10.8,21.3
2025-08-15,korhale,Baramati,23.8,25.3,82,10.8,30.4
2025-08-15,lasalgaon,Niphad,0.0,29.4,74,21.8,0.0
2025-08-15,pimpalgaon,Niphad,0.0,29.4,74,21.8,0.0
2025-08-15,vinchur,Niphad,0.0,29.4,74,21.8,0.0
2025-08-15,ozar,Niphad,0.0,29.4,74,21.8,0.0
2025-08-15,shendurni,Jamner,0.0,28.3,75,18.9,0.0
2025-08-15,pahur,Jamner,0.0,28.3,75,18.9,0.0
2025-08-15,neri,Jamner,0.0,28.3,75,18.9,0.0
2025-08-15,lohara,Jamner,0.0,28.3,75,18.9,0.0
2025-08-16,kanheri,Baramati,26.8,25.8,77,16.1,23.8
2025-08-16,jalochi,Baramati,26.8,25.8,77,16.1,23.8
2025-08-16,medad,Baramati,26.8,25.8,77,16.1,31.8
2025-08-16,nimbut,Baramati,26.8,25.8,77,16.1,29.4
2025-08-16,songaon,Baramati,26.8,25.8,77,16.1,24.1
2025-08-16,gunawadi,Baramati,26.8,25.8,77,16.1,23.1
2025-08-16,pandare,Baramati,26.8,25.8,77,16.1,23.7
2025-08-16,korhale,Baramati,26.8,25.8,77,16.1,25.2
2025-08-16,lasalgaon,Niphad,38.4,24.7,92,14.8,38.0
2025-08-16,pimpalgaon,Niphad,38.4,24.7,92,14.8,36.5
2025-08-16,vinchur,Niphad,38.4,24.7,92,14.8,41.2
2025-08-16,ozar,Niphad,38.4,24.7,92,14.8,44.5
2025-08-16,shendurni,Jamner,56.7,23.3,99,17.1,53.4
2025-08-16,pahur,Jamner,56.7,23.3,99,17.1,62.0
2025-08-16,neri,Jamner,56.7,23.3,99,17.1,53.1
2025-08-16,lohara,Jamner,56.7,23.3,99,17.1,53.1
2025-08-17,kanheri,Baramati,0.0,29.0,87,16.7,0.0
2025-08-17,jalochi,Baramati,0.0,29.0,87,16.7,0.0
2025-08-17,medad,Baramati,0.0,29.0,87,16.7,0.0
2025-08-17,nimbut,Baramati,0.0,29.0,87,16.7,0.0
2025-08-17,songaon,Baramati,0.0,29.0,87,16.7,0.0
2025-08-17,gunawadi,Baramati,0.0,29.0,87,16.7,0.0
2025-08-17,pandare,Baramati,0.0,29.0,87,16.7,0.0
2025-08-17,korhale,Baramati,0.0,29.0,87,16.7,0.0
2025-08-17,lasalgaon,Niphad,0.0,27.9,75,13.4,0.0
2025-08-17,pimpalgaon,Niphad,0.0,27.9,75,13.4,0.0
2025-08-17,vinchur,Niphad,0.0,27.9,75,13.4,0.0
2025-08-17,ozar,Niphad,0.0,27.9,75,13.4,0.0
2025-08-17,shendurni,Jamner,26.6,26.3,85,10.1,26.6
2025-08-17,pahur,Jamner,26.6,26.3,85,10.1,24.0
2025-08-17,neri,Jamner,26.6,26.3,85,10.1,24.8
2025-08-17,lohara,Jamner,26.6,26.3,85,10.1,21.5
2025-08-18,kanheri,Baramati,22.5,25.4,81,15.2,22.3
2025-08-18,jalochi,Baramati,22.5,25.4,81,15.2,18.1
2025-08-18,medad,Baramati,22.5,25.4,81,15.2,22.1
2025-08-18,nimbut,Baramati,22.5,25.4,81,15.2,24.6
2025-08-18,songaon,Baramati,22.5,25.4,81,15.2,20.6
2025-08-18,gunawadi,Baramati,22.5,25.4,81,15.2,24.5
2025-08-18,pandare,Baramati,22.5,25.4,81,15.2,16.2
2025-08-18,korhale,Baramati,22.5,25.4,81,15.2,30.3
2025-08-18,lasalgaon,Niphad,48.6,22.6,91,16.5,37.7
2025-08-18,pimpalgaon,Niphad,48.6,22.6,91,16.5,41.9
2025-08-18,vinchur,Niphad,48.6,22.6,91,16.5,51.4
2025-08-18,ozar,Niphad,48.6,22.6,91,16.5,56.1
2025-08-18,shendurni,Jamner,58.7,27.2,97,10.4,50.5
2025-08-18,pahur,Jamner,58.7,27.2,97,10.4,59.6
2025-08-18,neri,Jamner,58.7,27.2,97,10.4,34.6
2025-08-18,lohara,Jamner,58.7,27.2,97,10.4,51.7
2025-08-19,kanheri,Baramati,11.0,28.5,84,15.0,9.8
2025-08-19,jalochi,Baramati,11.0,28.5,84,15.0,10.3
2025-08-19,medad,Baramati,11.0,28.5,84,15.0,13.0
2025-08-19,nimbut,Baramati,11.0,28.5,84,15.0,12.0
2025-08-19,songaon,Baramati,11.0,28.5,84,15.0,13.1
2025-08-19,gunawadi,Baramati,11.0,28.5,84,15.0,9.2
2025-08-19,pandare,Baramati,11.0,28.5,84,15.0,8.1
2025-08-19,korhale,Baramati,11.0,28.5,84,15.0,12.7
2025-08-19,lasalgaon,Niphad,19.0,25.9,87,17.9,18.9
2025-08-19,pimpalgaon,Niphad,19.0,25.9,87,17.9,19.2
2025-08-19,vinchur,Niphad,19.0,25.9,87,17.9,22.0
2025-08-19,ozar,Niphad,19.0,25.9,87,17.9,19.4
2025-08-19,shendurni,Jamner,28.5,26.4,93,14.1,34.4
2025-08-19,pahur,Jamner,28.5,26.4,93,14.1,28.1
2025-08-19,neri,Jamner,28.5,26.4,93,14.1,24.0
2025-08-19,lohara,Jamner,28.5,26.4,93,14.1,26.0
2025-08-20,kanheri,Baramati,16.1,27.3,79,15.6,14.3
2025-08-20,jalochi,Baramati,16.1,27.3,79,15.6,14.6
2025-08-20,medad,Baramati,16.1,27.3,79,15.6,17.3
2025-08-20,nimbut,Baramati,16.1,27.3,79,15.6,18.0
2025-08-20,songaon,Baramati,16.1,27.3,79,15.6,16.0
2025-08-20,gunawadi,Baramati,16.1,27.3,79,15.6,14.6
2025-08-20,pandare,Baramati,16.1,27.3,79,15.6,11.9
2025-08-20,korhale,Baramati,16.1,27.3,79,15.6,16.4
2025-08-20,lasalgaon,Niphad,35.8,21.1,94,12.3,33.4
2025-08-20,pimpalgaon,Niphad,35.8,21.1,94,12.3,28.0
2025-08-20,vinchur,Niphad,35.8,21.1,94,12.3,38.4
2025-08-20,ozar,Niphad,35.8,21.1,94,12.3,44.5
2025-08-20,shendurni,Jamner,13.0,27.9,80,12.5,16.8
2025-08-20,pahur,Jamner,13.0,27.9,80,12.5,14.2
2025-08-20,neri,Jamner,13.0,27.9,80,12.5,12.3
2025-08-20,lohara,Jamner,13.0,27.9,80,12.5,9.1
2025-08-21,kanheri,Baramati,8.7,25.3,77,8.5,8.7
2025-08-21,jalochi,Baramati,8.7,25.3,77,8.5,7.4
2025-08-21,medad,Baramati,8.7,25.3,77,8.5,7.5
2025-08-21,nimbut,Baramati,8.7,25.3,77,8.5,10.5
2025-08-21,songaon,Baramati,8.7,25.3,77,8.5,7.9
2025-08-21,gunawadi,Baramati,8.7,25.3,77,8.5,6.2
2025-08-21,pandare,Baramati,8.7,25.3,77,8.5,7.4
2025-08-21,korhale,Baramati,8.7,25.3,77,8.5,9.5
2025-08-21,lasalgaon,Niphad,30.6,26.6,90,10.8,22.4
2025-08-21,pimpalgaon,Niphad,30.6,26.6,90,10.8,28.6
2025-08-21,vinchur,Niphad,30.6,26.6,90,10.8,43.9
2025-08-21,ozar,Niphad,30.6,26.6,90,10.8,30.4
2025-08-21,shendurni,Jamner,0.0,26.2,76,10.9,0.0
2025-08-21,pahur,Jamner,0.0,26.2,76,10.9,0.0
2025-08-21,neri,Jamner,0.0,26.2,76,10.9,0.0
2025-08-21,lohara,Jamner,0.0,26.2,76,10.9,0.0
2025-08-22,kanheri,Baramati,24.7,28.5,76,10.8,27.1
2025-08-22,jalochi,Baramati,24.7,28.5,76,10.8,22.8
2025-08-22,medad,Baramati,24.7,28.5,76,10.8,27.2
2025-08-22,nimbut,Baramati,24.7,28.5,76,10.8,33.2
2025-08-22,songaon,Baramati,24.7,28.5,76,10.8,23.1
2025-08-22,gunawadi,Baramati,24.7,28.5,76,10.8,16.9
2025-08-22,pandare,Baramati,24.7,28.5,76,10.8,18.6
2025-08-22,korhale,Baramati,24.7,28.5,76,10.8,25.7
2025-08-22,lasalgaon,Niphad,0.0,26.4,77,11.3,0.0
2025-08-22,pimpalgaon,Niphad,0.0,26.4,77,11.3,0.0
2025-08-22,vinchur,Niphad,0.0,26.4,77,11.3,0.0
2025-08-22,ozar,Niphad,0.0,26.4,77,11.3,0.0
2025-08-22,shendurni,Jamner,45.7,24.9,91,16.4,53.1
2025-08-22,pahur,Jamner,45.7,24.9,91,16.4,47.1
2025-08-22,neri,Jamner,45.7,24.9,91,16.4,43.2
2025-08-22,lohara,Jamner,45.7,24.9,91,16.4,32.1
2025-08-23,kanheri,Baramati,0.0,29.2,70,10.7,0.0
2025-08-23,jalochi,Baramati,0.0,29.2,70,10.7,0.0
2025-08-23,medad,Baramati,0.0,29.2,70,10.7,0.0
2025-08-23,nimbut,Baramati,0.0,29.2,70,10.7,0.0
2025-08-23,songaon,Baramati,0.0,29.2,70,10.7,0.0
2025-08-23,gunawadi,Baramati,0.0,29.2,70,10.7,0.0
2025-08-23,pandare,Baramati,0.0,29.2,70,10.7,0.0
2025-08-23,korhale,Baramati,0.0,29.2,70,10.7,0.0
2025-08-23,lasalgaon,Niphad,0.0,27.0,86,7.7,0.0
2025-08-23,pimpalgaon,Niphad,0.0,27.0,86,7.7,0.0
2025-08-23,vinchur,Niphad,0.0,27.0,86,7.7,0.0
2025-08-23,ozar,Niphad,0.0,27.0,86,7.7,0.0
2025-08-23,shendurni,Jamner,0.0,28.6,74,18.5,0.0
2025-08-23,pahur,Jamner,0.0,28.6,74,18.5,0.0
2025-08-23,neri,Jamner,0.0,28.6,74,18.5,0.0
2025-08-23,lohara,Jamner,0.0,28.6,74,18.5,0.0
2025-08-24,kanheri,Baramati,19.0,25.7,78,11.8,19.5
2025-08-24,jalochi,Baramati,19.0,25.7,78,11.8,16.3
2025-08-24,medad,Baramati,19.0,25.7,78,11.8,23.5
2025-08-24,nimbut,Baramati,19.0,25.7,78,11.8,20.8
2025-08-24,songaon,Baramati,19.0,25.7,78,11.8,13.1
2025-08-24,gunawadi,Baramati,19.0,25.7,78,11.8,17.4
2025-08-24,pandare,Baramati,19.0,25.7,78,11.8,17.1
2025-08-24,korhale,Baramati,19.0,25.7,78,11.8,18.3
2025-08-24,lasalgaon,Niphad,111.3,25.3,99,9.2,83.1
2025-08-24,pimpalgaon,Niphad,111.3,25.3,99,9.2,106.5
2025-08-24,vinchur,Niphad,111.3,25.3,99,9.2,131.9
2025-08-24,ozar,Niphad,111.3,25.3,99,9.2,136.7
2025-08-24,shendurni,Jamner,44.0,25.7,98,13.5,49.1
2025-08-24,pahur,Jamner,44.0,25.7,98,13.5,39.9
2025-08-24,neri,Jamner,44.0,25.7,98,13.5,42.5
2025-08-24,lohara,Jamner,44.0,25.7,98,13.5,39.0
2025-08-25,kanheri,Baramati,0.0,26.6,78,13.5,0.0
2025-08-25,jalochi,Baramati,0.0,26.6,78,13.5,0.0
2025-08-25,medad,Baramati,0.0,26.6,78,13.5,0.0
2025-08-25,nimbut,Baramati,0.0,26.6,78,13.5,0.0
2025-08-25,songaon,Baramati,0.0,26.6,78,13.5,0.0
2025-08-25,gunawadi,Baramati,0.0,26.6,78,13.5,0.0
2025-08-25,pandare,Baramati,0.0,26.6,78,13.5,0.0
2025-08-25,korhale,Baramati,0.0,26.6,78,13.5,0.0
2025-08-25,lasalgaon,Niphad,0.0,28.2,82,17.3,0.0
2025-08-25,pimpalgaon,Niphad,0.0,28.2,82,17.3,0.0
2025-08-25,vinchur,Niphad,0.0,28.2,82,17.3,0.0
2025-08-25,ozar,Niphad,0.0,28.2,82,17.3,0.0
2025-08-25,shendurni,Jamner,1.9,25.4,80,15.3,1.7
2025-08-25,pahur,Jamner,1.9,25.4,80,15.3,1.5
2025-08-25,neri,Jamner,1.9,25.4,80,15.3,1.9
2025-08-25,lohara,Jamner,1.9,25.4,80,15.3,1.5
2025-08-26,kanheri,Baramati,0.0,27.6,73,9.8,0.0
2025-08-26,jalochi,Baramati,0.0,27.6,73,9.8,0.0
2025-08-26,medad,Baramati,0.0,27.6,73,9.8,0.0
2025-08-26,nimbut,Baramati,0.0,27.6,73,9.8,0.0
2025-08-26,songaon,Baramati,0.0,27.6,73,9.8,0.0
2025-08-26,gunawadi,Baramati,0.0,27.6,73,9.8,0.0
2025-08-26,pandare,Baramati,0.0,27.6,73,9.8,0.0
2025-08-26,korhale,Baramati,0.0,27.6,73,9.8,0.0
2025-08-26,lasalgaon,Niphad,17.9,26.3,82,11.6,14.7
2025-08-26,pimpalgaon,Niphad,17.9,26.3,82,11.6,15.6
2025-08-26,vinchur,Niphad,17.9,26.3,82,11.6,20.6
2025-08-26,ozar,Niphad,17.9,26.3,82,11.6,26.9
2025-08-26,shendurni,Jamner,42.8,24.8,96,21.6,45.3
2025-08-26,pahur,Jamner,42.8,24.8,96,21.6,38.9
2025-08-26,neri,Jamner,42.8,24.8,96,21.6,35.5
2025-08-26,lohara,Jamner,42.8,24.8,96,21.6,38.6
2025-08-27,kanheri,Baramati,4.2,27.2,78,8.0,4.6
2025-08-27,jalochi,Baramati,4.2,27.2,78,8.0,3.8
2025-08-27,medad,Baramati,4.2,27.2,78,8.0,4.7
2025-08-27,nimbut,Baramati,4.2,27.2,78,8.0,5.6
2025-08-27,songaon,Baramati,4.2,27.2,78,8.0,4.1
2025-08-27,gunawadi,Baramati,4.2,27.2,78,8.0,3.8
2025-08-27,pandare,Baramati,4.2,27.2,78,8.0,3.2
2025-08-27,korhale,Baramati,4.2,27.2,78,8.0,4.6
2025-08-27,lasalgaon,Niphad,10.4,28.0,74,13.5,10.6
2025-08-27,pimpalgaon,Niphad,10.4,28.0,74,13.5,8.1
2025-08-27,vinchur,Niphad,10.4,28.0,74,13.5,8.7
2025-08-27,ozar,Niphad,10.4,28.0,74,13.5,12.6
2025-08-27,shendurni,Jamner,0.0,26.9,71,11.1,0.0
2025-08-27,pahur,Jamner,0.0,26.9,71,11.1,0.0
2025-08-27,neri,Jamner,0.0,26.9,71,11.1,0.0
2025-08-27,lohara,Jamner,0.0,26.9,71,11.1,0.0
2025-08-28,kanheri,Baramati,133.5,23.9,94,11.4,102.6
2025-08-28,jalochi,Baramati,133.5,23.9,94,11.4,133.2
2025-08-28,medad,Baramati,133.5,23.9,94,11.4,153.3
2025-08-28,nimbut,Baramati,133.5,23.9,94,11.4,140.9
2025-08-28,songaon,Baramati,133.5,23.9,94,11.4,110.3
2025-08-28,gunawadi,Baramati,133.5,23.9,94,11.4,111.8
2025-08-28,pandare,Baramati,133.5,23.9,94,11.4,118.3
2025-08-28,korhale,Baramati,133.5,23.9,94,11.4,137.9
2025-08-28,lasalgaon,Niphad,47.7,24.5,97,16.6,41.0
2025-08-28,pimpalgaon,Niphad,47.7,24.5,97,16.6,41.1
2025-08-28,vinchur,Niphad,47.7,24.5,97,16.6,34.7
2025-08-28,ozar,Niphad,47.7,24.5,97,16.6,59.9
2025-08-28,shendurni,Jamner,31.1,25.8,85,14.7,33.1
2025-08-28,pahur,Jamner,31.1,25.8,85,14.7,35.6
2025-08-28,neri,Jamner,31.1,25.8,85,14.7,25.7
2025-08-28,lohara,Jamner,31.1,25.8,85,14.7,23.9
2025-08-29,kanheri,Baramati,32.8,25.2,85,18.4,35.4
2025-08-29,jalochi,Baramati,32.8,25.2,85,18.4,30.0
2025-08-29,medad,Baramati,32.8,25.2,85,18.4,37.6
2025-08-29,nimbut,Baramati,32.8,25.2,85,18.4,43.8
2025-08-29,songaon,Baramati,32.8,25.2,85,18.4,37.6
2025-08-29,gunawadi,Baramati,32.8,25.2,85,18.4,27.0
2025-08-29,pandare,Baramati,32.8,25.2,85,18.4,25.6
2025-08-29,korhale,Baramati,32.8,25.2,85,18.4,36.4
2025-08-29,lasalgaon,Niphad,8.1,27.4,78,14.6,6.1
2025-08-29,pimpalgaon,Niphad,8.1,27.4,78,14.6,7.0
2025-08-29,vinchur,Niphad,8.1,27.4,78,14.6,6.5
2025-08-29,ozar,Niphad,8.1,27.4,78,14.6,8.5
2025-08-29,shendurni,Jamner,2.5,26.1,69,15.8,2.9
2025-08-29,pahur,Jamner,2.5,26.1,69,15.8,3.2
2025-08-29,neri,Jamner,2.5,26.1,69,15.8,1.5
2025-08-29,lohara,Jamner,2.5,26.1,69,15.8,2.2
2025-08-30,kanheri,Baramati,58.2,24.4,97,18.0,64.8
2025-08-30,jalochi,Baramati,58.2,24.4,97,18.0,68.7
2025-08-30,medad,Baramati,58.2,24.4,97,18.0,65.3
2025-08-30,nimbut,Baramati,58.2,24.4,97,18.0,64.0
2025-08-30,songaon,Baramati,58.2,24.4,97,18.0,60.1
2025-08-30,gunawadi,Baramati,58.2,24.4,97,18.0,54.7
2025-08-30,pandare,Baramati,58.2,24.4,97,18.0,50.3
2025-08-30,korhale,Baramati,58.2,24.4,97,18.0,64.3
2025-08-30,lasalgaon,Niphad,0.0,27.8,79,9.6,0.0
2025-08-30,pimpalgaon,Niphad,0.0,27.8,79,9.6,0.0
2025-08-30,vinchur,Niphad,0.0,27.8,79,9.6,0.0
2025-08-30,ozar,Niphad,0.0,27.8,79,9.6,0.0
2025-08-30,shendurni,Jamner,52.4,24.5,93,18.0,67.1
2025-08-30,pahur,Jamner,52.4,24.5,93,18.0,47.4
2025-08-30,neri,Jamner,52.4,24.5,93,18.0,41.4
2025-08-30,lohara,Jamner,52.4,24.5,93,18.0,37.3
2025-08-31,kanheri,Baramati,0.0,26.9,72,8.6,0.0
2025-08-31,jalochi,Baramati,0.0,26.9,72,8.6,0.0
2025-08-31,medad,Baramati,0.0,26.9,72,8.6,0.0
2025-08-31,nimbut,Baramati,0.0,26.9,72,8.6,0.0
2025-08-31,songaon,Baramati,0.0,26.9,72,8.6,0.0
2025-08-31,gunawadi,Baramati,0.0,26.9,72,8.6,0.0
2025-08-31,pandare,Baramati,0.0,26.9,72,8.6,0.0
2025-08-31,korhale,Baramati,0.0,26.9,72,8.6,0.0
2025-08-31,lasalgaon,Niphad,5.3,28.3,76,24.1,5.7
2025-08-31,pimpalgaon,Niphad,5.3,28.3,76,24.1,4.6
2025-08-31,vinchur,Niphad,5.3,28.3,76,24.1,5.5
2025-08-31,ozar,Niphad,5.3,28.3,76,24.1,4.4
2025-08-31,shendurni,Jamner,37.3,26.8,96,7.9,43.1
2025-08-31,pahur,Jamner,37.3,26.8,96,7.9,39.4
2025-08-31,neri,Jamner,37.3,26.8,96,7.9,32.9
2025-08-31,lohara,Jamner,37.3,26.8,96,7.9,38.8
2025-09-01,kanheri,Baramati,28.7,27.7,82,15.2,33.6
2025-09-01,jalochi,Baramati,28.7,27.7,82,15.2,29.2
2025-09-01,medad,Baramati,28.7,27.7,82,15.2,36.7
2025-09-01,nimbut,Baramati,28.7,27.7,82,15.2,32.2
2025-09-01,songaon,Baramati,28.7,27.7,82,15.2,27.7
2025-09-01,gunawadi,Baramati,28.7,27.7,82,15.2,22.8
2025-09-01,pandare,Baramati,28.7,27.7,82,15.2,27.9
2025-09-01,korhale,Baramati,28.7,27.7,82,15.2,33.8
2025-09-01,lasalgaon,Niphad,35.3,26.9,87,11.2,24.6
2025-09-01,pimpalgaon,Niphad,35.3,26.9,87,11.2,29.6
2025-09-01,vinchur,Niphad,35.3,26.9,87,11.2,38.8
2025-09-01,ozar,Niphad,35.3,26.9,87,11.2,45.4
2025-09-01,shendurni,Jamner,66.1,27.1,98,16.0,65.8
2025-09-01,pahur,Jamner,66.1,27.1,98,16.0,72.2
2025-09-01,neri,Jamner,66.1,27.1,98,16.0,59.0
2025-09-01,lohara,Jamner,66.1,27.1,98,16.0,47.7
2025-09-02,kanheri,Baramati,0.0,27.2,80,9.7,0.0
2025-09-02,jalochi,Baramati,0.0,27.2,80,9.7,0.0
2025-09-02,medad,Baramati,0.0,27.2,80,9.7,0.0
2025-09-02,nimbut,Baramati,0.0,27.2,80,9.7,0.0
2025-09-02,songaon,Baramati,0.0,27.2,80,9.7,0.0
2025-09-02,gunawadi,Baramati,0.0,27.2,80,9.7,0.0
2025-09-02,pandare,Baramati,0.0,27.2,80,9.7,0.0
2025-09-02,korhale,Baramati,0.0,27.2,80,9.7,0.0
2025-09-02,lasalgaon,Niphad,62.0,24.8,96,11.8,49.3
2025-09-02,pimpalgaon,Niphad,62.0,24.8,96,11.8,55.6
2025-09-02,vinchur,Niphad,62.0,24.8,96,11.8,72.2
2025-09-02,ozar,Niphad,62.0,24.8,96,11.8,81.2
2025-09-02,shendurni,Jamner,26.6,24.5,87,20.3,31.7
2025-09-02,pahur,Jamner,26.6,24.5,87,20.3,21.9
2025-09-02,neri,Jamner,26.6,24.5,87,20.3,20.5
2025-09-02,lohara,Jamner,26.6,24.5,87,20.3,20.2
2025-09-03,kanheri,Baramati,0.0,29.5,74,20.9,0.0
2025-09-03,jalochi,Baramati,0.0,29.5,74,20.9,0.0
2025-09-03,medad,Baramati,0.0,29.5,74,20.9,0.0
2025-09-03,nimbut,Baramati,0.0,29.5,74,20.9,0.0
2025-09-03,songaon,Baramati,0.0,29.5,74,20.9,0.0
2025-09-03,gunawadi,Baramati,0.0,29.5,74,20.9,0.0
2025-09-03,pandare,Baramati,0.0,29.5,74,20.9,0.0
2025-09-03,korhale,Baramati,0.0,29.5,74,20.9,0.0
2025-09-03,lasalgaon,Niphad,26.9,27.3,82,14.3,23.2
2025-09-03,pimpalgaon,Niphad,26.9,27.3,82,14.3,25.9
2025-09-03,vinchur,Niphad,26.9,27.3,82,14.3,23.5
2025-09-03,ozar,Niphad,26.9,27.3,82,14.3,27.2
2025-09-03,shendurni,Jamner,29.8,27.1,88,12.0,25.9
2025-09-03,pahur,Jamner,29.8,27.1,88,12.0,37.3
2025-09-03,neri,Jamner,29.8,27.1,88,12.0,25.4
2025-09-03,lohara,Jamner,29.8,27.1,88,12.0,21.8
2025-09-04,kanheri,Baramati,32.7,24.5,99,9.1,30.2
2025-09-04,jalochi,Baramati,32.7,24.5,99,9.1,33.1
2025-09-04,medad,Baramati,32.7,24.5,99,9.1,35.2
2025-09-04,nimbut,Baramati,32.7,24.5,99,9.1,35.3
2025-09-04,songaon,Baramati,32.7,24.5,99,9.1,27.4
2025-09-04,gunawadi,Baramati,32.7,24.5,99,9.1,29.3
2025-09-04,pandare,Baramati,32.7,24.5,99,9.1,25.8
2025-09-04,korhale,Baramati,32.7,24.5,99,9.1,36.3
2025-09-04,lasalgaon,Niphad,42.6,26.4,92,14.1,41.0
2025-09-04,pimpalgaon,Niphad,42.6,26.4,92,14.1,30.3
2025-09-04,vinchur,Niphad,42.6,26.4,92,14.1,32.6
2025-09-04,ozar,Niphad,42.6,26.4,92,14.1,57.0
2025-09-04,shendurni,Jamner,53.3,26.0,99,21.3,75.1
2025-09-04,pahur,Jamner,53.3,26.0,99,21.3,59.0
2025-09-04,neri,Jamner,53.3,26.0,99,21.3,50.0
2025-09-04,lohara,Jamner,53.3,26.0,99,21.3,48.6
2025-09-05,kanheri,Baramati,84.6,24.3,99,14.6,100.2
2025-09-05,jalochi,Baramati,84.6,24.3,99,14.6,93.8
2025-09-05,medad,Baramati,84.6,24.3,99,14.6,74.8
2025-09-05,nimbut,Baramati,84.6,24.3,99,14.6,83.5
2025-09-05,songaon,Baramati,84.6,24.3,99,14.6,74.4
2025-09-05,gunawadi,Baramati,84.6,24.3,99,14.6,73.3
2025-09-05,pandare,Baramati,84.6,24.3,99,14.6,90.7
2025-09-05,korhale,Baramati,84.6,24.3,99,14.6,94.8
2025-09-05,lasalgaon,Niphad,18.6,28.0,81,15.6,18.2
2025-09-05,pimpalgaon,Niphad,18.6,28.0,81,15.6,15.9
2025-09-05,vinchur,Niphad,18.6,28.0,81,15.6,21.7
2025-09-05,ozar,Niphad,18.6,28.0,81,15.6,16.7
2025-09-05,shendurni,Jamner,25.5,26.6,81,9.6,39.0
2025-09-05,pahur,Jamner,25.5,26.6,81,9.6,28.6
2025-09-05,neri,Jamner,25.5,26.6,81,9.6,23.1
2025-09-05,lohara,Jamner,25.5,26.6,81,9.6,19.8
2025-09-06,kanheri,Baramati,24.0,26.2,84,10.8,25.0
2025-09-06,jalochi,Baramati,24.0,26.2,84,10.8,19.9
2025-09-06,medad,Baramati,24.0,26.2,84,10.8,25.2
2025-09-06,nimbut,Baramati,24.0,26.2,84,10.8,24.9
2025-09-06,songaon,Baramati,24.0,26.2,84,10.8,21.5
2025-09-06,gunawadi,Baramati,24.0,26.2,84,10.8,21.3
2025-09-06,pandare,Baramati,24.0,26.2,84,10.8,17.7
2025-09-06,korhale,Baramati,24.0,26.2,84,10.8,29.2
2025-09-06,lasalgaon,Niphad,37.9,23.8,90,15.1,27.6
2025-09-06,pimpalgaon,Niphad,37.9,23.8,90,15.1,36.0
2025-09-06,vinchur,Niphad,37.9,23.8,90,15.1,36.5
2025-09-06,ozar,Niphad,37.9,23.8,90,15.1,45.3
2025-09-06,shendurni,Jamner,0.0,26.1,78,9.8,0.0
2025-09-06,pahur,Jamner,0.0,26.1,78,9.8,0.0
2025-09-06,neri,Jamner,0.0,26.1,78,9.8,0.0
2025-09-06,lohara,Jamner,0.0,26.1,78,9.8,0.0
2025-09-07,kanheri,Baramati,9.0,29.1,76,24.2,10.8
2025-09-07,jalochi,Baramati,9.0,29.1,76,24.2,7.5
2025-09-07,medad,Baramati,9.0,29.1,76,24.2,10.6
2025-09-07,nimbut,Baramati,9.0,29.1,76,24.2,9.7
2025-09-07,songaon,Baramati,9.0,29.1,76,24.2,6.9
2025-09-07,gunawadi,Baramati,9.0,29.1,76,24.2,5.8
2025-09-07,pandare,Baramati,9.0,29.1,76,24.2,7.9
2025-09-07,korhale,Baramati,9.0,29.1,76,24.2,9.1
2025-09-07,lasalgaon,Niphad,0.0,28.4,72,11.5,0.0
2025-09-07,pimpalgaon,Niphad,0.0,28.4,72,11.5,0.0
2025-09-07,vinchur,Niphad,0.0,28.4,72,11.5,0.0
2025-09-07,ozar,Niphad,0.0,28.4,72,11.5,0.0
2025-09-07,shendurni,Jamner,0.0,28.8,77,11.7,0.0
2025-09-07,pahur,Jamner,0.0,28.8,77,11.7,0.0
2025-09-07,neri,Jamner,0.0,28.8,77,11.7,0.0
2025-09-07,lohara,Jamner,0.0,28.8,77,11.7,0.0
2025-09-08,kanheri,Baramati,0.0,27.8,80,14.8,0.0
2025-09-08,jalochi,Baramati,0.0,27.8,80,14.8,0.0
2025-09-08,medad,Baramati,0.0,27.8,80,14.8,0.0
2025-09-08,nimbut,Baramati,0.0,27.8,80,14.8,0.0
2025-09-08,songaon,Baramati,0.0,27.8,80,14.8,0.0
2025-09-08,gunawadi,Baramati,0.0,27.8,80,14.8,0.0
2025-09-08,pandare,Baramati,0.0,27.8,80,14.8,0.0
2025-09-08,korhale,Baramati,0.0,27.8,80,14.8,0.0
2025-09-08,lasalgaon,Niphad,0.0,28.2,72,16.8,0.0
2025-09-08,pimpalgaon,Niphad,0.0,28.2,72,16.8,0.0
2025-09-08,vinchur,Niphad,0.0,28.2,72,16.8,0.0
2025-09-08,ozar,Niphad,0.0,28.2,72,16.8,0.0
2025-09-08,shendurni,Jamner,22.3,25.0,80,10.5,23.2
2025-09-08,pahur,Jamner,22.3,25.0,80,10.5,25.6
2025-09-08,neri,Jamner,22.3,25.0,80,10.5,15.7
2025-09-08,lohara,Jamner,22.3,25.0,80,10.5,15.9
2025-09-09,kanheri,Baramati,16.2,27.7,74,14.9,14.7
2025-09-09,jalochi,Baramati,16.2,27.7,74,14.9,21.7
2025-09-09,medad,Baramati,16.2,27.7,74,14.9,19.7
2025-09-09,nimbut,Baramati,16.2,27.7,74,14.9,24.4
2025-09-09,songaon,Baramati,16.2,27.7,74,14.9,18.8
2025-09-09,gunawadi,Baramati,16.2,27.7,74,14.9,12.8
2025-09-09,pandare,Baramati,16.2,27.7,74,14.9,17.1
2025-09-09,korhale,Baramati,16.2,27.7,74,14.9,14.3
2025-09-09,lasalgaon,Niphad,55.5,24.1,99,18.6,39.4
2025-09-09,pimpalgaon,Niphad,55.5,24.1,99,18.6,64.1
2025-09-09,vinchur,Niphad,55.5,24.1,99,18.6,61.6
2025-09-09,ozar,Niphad,55.5,24.1,99,18.6,64.6
2025-09-09,shendurni,Jamner,3.3,29.0,72,14.7,3.9
2025-09-09,pahur,Jamner,3.3,29.0,72,14.7,2.9
2025-09-09,neri,Jamner,3.3,29.0,72,14.7,2.2
2025-09-09,lohara,Jamner,3.3,29.0,72,14.7,2.4
2025-09-10,kanheri,Baramati,26.7,26.7,87,18.4,25.5
2025-09-10,jalochi,Baramati,26.7,26.7,87,18.4,24.1
2025-09-10,medad,Baramati,26.7,26.7,87,18.4,41.5
2025-09-10,nimbut,Baramati,26.7,26.7,87,18.4,26.3
2025-09-10,songaon,Baramati,26.7,26.7,87,18.4,24.7
2025-09-10,gunawadi,Baramati,26.7,26.7,87,18.4,27.1
2025-09-10,pandare,Baramati,26.7,26.7,87,18.4,23.1
2025-09-10,korhale,Baramati,26.7,26.7,87,18.4,28.0
2025-09-10,lasalgaon,Niphad,33.7,23.8,96,22.4,29.3
2025-09-10,pimpalgaon,Niphad,33.7,23.8,96,22.4,34.5
2025-09-10,vinchur,Niphad,33.7,23.8,96,22.4,35.9
2025-09-10,ozar,Niphad,33.7,23.8,96,22.4,39.1
2025-09-10,shendurni,Jamner,36.8,25.8,84,16.7,44.9
2025-09-10,pahur,Jamner,36.8,25.8,84,16.7,46.7
2025-09-10,neri,Jamner,36.8,25.8,84,16.7,39.7
2025-09-10,lohara,Jamner,36.8,25.8,84,16.7,31.2
2025-09-11,kanheri,Baramati,61.0,24.1,99,14.2,62.4
2025-09-11,jalochi,Baramati,61.0,24.1,99,14.2,48.7
2025-09-11,medad,Baramati,61.0,24.1,99,14.2,67.2
2025-09-11,nimbut,Baramati,61.0,24.1,99,14.2,62.6
2025-09-11,songaon,Baramati,61.0,24.1,99,14.2,39.4
2025-09-11,gunawadi,Baramati,61.0,24.1,99,14.2,48.0
2025-09-11,pandare,Baramati,61.0,24.1,99,14.2,63.8
2025-09-11,korhale,Baramati,61.0,24.1,99,14.2,66.5
2025-09-11,lasalgaon,Niphad,27.7,25.5,86,20.2,22.0
2025-09-11,pimpalgaon,Niphad,27.7,25.5,86,20.2,26.0
2025-09-11,vinchur,Niphad,27.7,25.5,86,20.2,34.2
2025-09-11,ozar,Niphad,27.7,25.5,86,20.2,36.0
2025-09-11,shendurni,Jamner,22.1,25.8,83,21.4,27.7
2025-09-11,pahur,Jamner,22.1,25.8,83,21.4,33.0
2025-09-11,neri,Jamner,22.1,25.8,83,21.4,14.6
2025-09-11,lohara,Jamner,22.1,25.8,83,21.4,21.0
2025-09-12,kanheri,Baramati,57.0,26.2,96,14.0,72.1
2025-09-12,jalochi,Baramati,57.0,26.2,96,14.0,57.7
2025-09-12,medad,Baramati,57.0,26.2,96,14.0,63.4
2025-09-12,nimbut,Baramati,57.0,26.2,96,14.0,61.4
2025-09-12,songaon,Baramati,57.0,26.2,96,14.0,54.1
2025-09-12,gunawadi,Baramati,57.0,26.2,96,14.0,42.8
2025-09-12,pandare,Baramati,57.0,26.2,96,14.0,50.6
2025-09-12,korhale,Baramati,57.0,26.2,96,14.0,61.5
2025-09-12,lasalgaon,Niphad,8.7,27.7,81,14.3,7.7
2025-09-12,pimpalgaon,Niphad,8.7,27.7,81,14.3,10.4
2025-09-12,vinchur,Niphad,8.7,27.7,81,14.3,9.2
2025-09-12,ozar,Niphad,8.7,27.7,81,14.3,7.8
2025-09-12,shendurni,Jamner,12.7,25.8,74,16.0,13.3
2025-09-12,pahur,Jamner,12.7,25.8,74,16.0,16.6
2025-09-12,neri,Jamner,12.7,25.8,74,16.0,11.8
2025-09-12,lohara,Jamner,12.7,25.8,74,16.0,11.5
2025-09-13,kanheri,Baramati,10.0,28.3,78,12.8,8.8
2025-09-13,jalochi,Baramati,10.0,28.3,78,12.8,7.7
2025-09-13,medad,Baramati,10.0,28.3,78,12.8,11.9
2025-09-13,nimbut,Baramati,10.0,28.3,78,12.8,8.8
2025-09-13,songaon,Baramati,10.0,28.3,78,12.8,9.2
2025-09-13,gunawadi,Baramati,10.0,28.3,78,12.8,7.0
2025-09-13,pandare,Baramati,10.0,28.3,78,12.8,8.6
2025-09-13,korhale,Baramati,10.0,28.3,78,12.8,9.7
2025-09-13,lasalgaon,Niphad,0.3,28.6,80,16.7,0.3
2025-09-13,pimpalgaon,Niphad,0.3,28.6,80,16.7,0.4
2025-09-13,vinchur,Niphad,0.3,28.6,80,16.7,0.3
2025-09-13,ozar,Niphad,0.3,28.6,80,16.7,0.4
2025-09-13,shendurni,Jamner,16.8,27.9,91,16.5,22.6
2025-09-13,pahur,Jamner,16.8,27.9,91,16.5,18.2
2025-09-13,neri,Jamner,16.8,27.9,91,16.5,15.4
2025-09-13,lohara,Jamner,16.8,27.9,91,16.5,11.4
2025-09-14,kanheri,Baramati,56.6,23.3,99,15.2,67.2
2025-09-14,jalochi,Baramati,56.6,23.3,99,15.2,55.8
2025-09-14,medad,Baramati,56.6,23.3,99,15.2,70.1
2025-09-14,nimbut,Baramati,56.6,23.3,99,15.2,52.7
2025-09-14,songaon,Baramati,56.6,23.3,99,15.2,39.9
2025-09-14,gunawadi,Baramati,56.6,23.3,99,15.2,48.3
2025-09-14,pandare,Baramati,56.6,23.3,99,15.2,47.5
2025-09-14,korhale,Baramati,56.6,23.3,99,15.2,87.9
2025-09-14,lasalgaon,Niphad,5.1,27.0,79,14.9,3.8
2025-09-14,pimpalgaon,Niphad,5.1,27.0,79,14.9,4.0
2025-09-14,vinchur,Niphad,5.1,27.0,79,14.9,6.0
2025-09-14,ozar,Niphad,5.1,27.0,79,14.9,6.4
2025-09-14,shendurni,Jamner,44.7,24.0,88,15.8,44.0
2025-09-14,pahur,Jamner,44.7,24.0,88,15.8,40.2
2025-09-14,neri,Jamner,44.7,24.0,88,15.8,40.0
2025-09-14,lohara,Jamner,44.7,24.0,88,15.8,45.7
2025-09-15,kanheri,Baramati,23.0,25.3,87,16.1,21.1
2025-09-15,jalochi,Baramati,23.0,25.3,87,16.1,21.4
2025-09-15,medad,Baramati,23.0,25.3,87,16.1,36.8
2025-09-15,nimbut,Baramati,23.0,25.3,87,16.1,23.8
2025-09-15,songaon,Baramati,23.0,25.3,87,16.1,18.6
2025-09-15,gunawadi,Baramati,23.0,25.3,87,16.1,20.1
2025-09-15,pandare,Baramati,23.0,25.3,87,16.1,18.3
2025-09-15,korhale,Baramati,23.0,25.3,87,16.1,26.6
2025-09-15,lasalgaon,Niphad,51.2,25.3,99,11.7,45.9
2025-09-15,pimpalgaon,Niphad,51.2,25.3,99,11.7,46.5
2025-09-15,vinchur,Niphad,51.2,25.3,99,11.7,64.8
2025-09-15,ozar,Niphad,51.2,25.3,99,11.7,66.2
2025-09-15,shendurni,Jamner,0.0,25.7,66,16.7,0.0
2025-09-15,pahur,Jamner,0.0,25.7,66,16.7,0.0
2025-09-15,neri,Jamner,0.0,25.7,66,16.7,0.0
2025-09-15,lohara,Jamner,0.0,25.7,66,16.7,0.0
2025-09-16,kanheri,Baramati,30.0,25.8,82,8.9,32.7
2025-09-16,jalochi,Baramati,30.0,25.8,82,8.9,38.8
2025-09-16,medad,Baramati,30.0,25.8,82,8.9,35.2
2025-09-16,nimbut,Baramati,30.0,25.8,82,8.9,36.1
2025-09-16,songaon,Baramati,30.0,25.8,82,8.9,23.9
2025-09-16,gunawadi,Baramati,30.0,25.8,82,8.9,21.4
2025-09-16,pandare,Baramati,30.0,25.8,82,8.9,21.4
2025-09-16,korhale,Baramati,30.0,25.8,82,8.9,38.0
2025-09-16,lasalgaon,Niphad,0.0,27.9,83,10.4,0.0
2025-09-16,pimpalgaon,Niphad,0.0,27.9,83,10.4,0.0
2025-09-16,vinchur,Niphad,0.0,27.9,83,10.4,0.0
2025-09-16,ozar,Niphad,0.0,27.9,83,10.4,0.0
2025-09-16,shendurni,Jamner,14.7,26.6,89,18.3,16.7
2025-09-16,pahur,Jamner,14.7,26.6,89,18.3,16.1
2025-09-16,neri,Jamner,14.7,26.6,89,18.3,13.1
2025-09-16,lohara,Jamner,14.7,26.6,89,18.3,9.6
2025-09-17,kanheri,Baramati,9.6,26.9,74,14.6,8.3
2025-09-17,jalochi,Baramati,9.6,26.9,74,14.6,9.0
2025-09-17,medad,Baramati,9.6,26.9,74,14.6,10.9
2025-09-17,nimbut,Baramati,9.6,26.9,74,14.6,9.5
2025-09-17,songaon,Baramati,9.6,26.9,74,14.6,8.5
2025-09-17,gunawadi,Baramati,9.6,26.9,74,14.6,8.2
2025-09-17,pandare,Baramati,9.6,26.9,74,14.6,7.3
2025-09-17,korhale,Baramati,9.6,26.9,74,14.6,12.6
2025-09-17,lasalgaon,Niphad,49.1,26.9,91,4.1,47.9
2025-09-17,pimpalgaon,Niphad,49.1,26.9,91,4.1,39.2
2025-09-17,vinchur,Niphad,49.1,26.9,91,4.1,49.1
2025-09-17,ozar,Niphad,49.1,26.9,91,4.1,73.8
2025-09-17,shendurni,Jamner,49.7,26.3,95,13.7,48.5
2025-09-17,pahur,Jamner,49.7,26.3,95,13.7,62.2
2025-09-17,neri,Jamner,49.7,26.3,95,13.7,42.1
2025-09-17,lohara,Jamner,49.7,26.3,95,13.7,37.5
2025-09-18,kanheri,Baramati,50.5,25.4,87,18.2,55.5
2025-09-18,jalochi,Baramati,50.5,25.4,87,18.2,58.0
2025-09-18,medad,Baramati,50.5,25.4,87,18.2,61.6
2025-09-18,nimbut,Baramati,50.5,25.4,87,18.2,61.9
2025-09-18,songaon,Baramati,50.5,25.4,87,18.2,49.5
2025-09-18,gunawadi,Baramati,50.5,25.4,87,18.2,47.4
2025-09-18,pandare,Baramati,50.5,25.4,87,18.2,35.0
2025-09-18,korhale,Baramati,50.5,25.4,87,18.2,54.9
2025-09-18,lasalgaon,Niphad,16.4,25.9,74,10.2,18.4
2025-09-18,pimpalgaon,Niphad,16.4,25.9,74,10.2,19.6
2025-09-18,vinchur,Niphad,16.4,25.9,74,10.2,20.1
2025-09-18,ozar,Niphad,16.4,25.9,74,10.2,26.3
2025-09-18,shendurni,Jamner,0.0,27.8,81,14.8,0.0
2025-09-18,pahur,Jamner,0.0,27.8,81,14.8,0.0
2025-09-18,neri,Jamner,0.0,27.8,81,14.8,0.0
2025-09-18,lohara,Jamner,0.0,27.8,81,14.8,0.0
2025-09-19,kanheri,Baramati,45.9,25.6,85,18.2,37.2
2025-09-19,jalochi,Baramati,45.9,25.6,85,18.2,50.8
2025-09-19,medad,Baramati,45.9,25.6,85,18.2,55.7
2025-09-19,nimbut,Baramati,45.9,25.6,85,18.2,61.3
2025-09-19,songaon,Baramati,45.9,25.6,85,18.2,46.5
2025-09-19,gunawadi,Baramati,45.9,25.6,85,18.2,40.1
2025-09-19,pandare,Baramati,45.9,25.6,85,18.2,41.8
2025-09-19,korhale,Baramati,45.9,25.6,85,18.2,41.7
2025-09-19,lasalgaon,Niphad,0.0,28.3,79,12.7,0.0
2025-09-19,pimpalgaon,Niphad,0.0,28.3,79,12.7,0.0
2025-09-19,vinchur,Niphad,0.0,28.3,79,12.7,0.0
2025-09-19,ozar,Niphad,0.0,28.3,79,12.7,0.0
2025-09-19,shendurni,Jamner,29.2,24.9,84,6.7,43.7
2025-09-19,pahur,Jamner,29.2,24.9,84,6.7,32.1
2025-09-19,neri,Jamner,29.2,24.9,84,6.7,20.1
2025-09-19,lohara,Jamner,29.2,24.9,84,6.7,21.8
2025-09-20,kanheri,Baramati,9.1,27.6,79,9.8,9.6
2025-09-20,jalochi,Baramati,9.1,27.6,79,9.8,10.3
2025-09-20,medad,Baramati,9.1,27.6,79,9.8,8.7
2025-09-20,nimbut,Baramati,9.1,27.6,79,9.8,9.5
2025-09-20,songaon,Baramati,9.1,27.6,79,9.8,9.2
2025-09-20,gunawadi,Baramati,9.1,27.6,79,9.8,9.9
2025-09-20,pandare,Baramati,9.1,27.6,79,9.8,6.8
2025-09-20,korhale,Baramati,9.1,27.6,79,9.8,9.7
2025-09-20,lasalgaon,Niphad,46.3,24.0,86,16.3,39.3
2025-09-20,pimpalgaon,Niphad,46.3,24.0,86,16.3,49.9
2025-09-20,vinchur,Niphad,46.3,24.0,86,16.3,43.7
2025-09-20,ozar,Niphad,46.3,24.0,86,16.3,49.1
2025-09-20,shendurni,Jamner,9.6,28.7,83,16.1,11.2
2025-09-20,pahur,Jamner,9.6,28.7,83,16.1,10.8
2025-09-20,neri,Jamner,9.6,28.7,83,16.1,5.8
2025-09-20,lohara,Jamner,9.6,28.7,83,16.1,5.7
2025-09-21,kanheri,Baramati,58.0,23.1,95,16.9,55.4
2025-09-21,jalochi,Baramati,58.0,23.1,95,16.9,56.7
2025-09-21,medad,Baramati,58.0,23.1,95,16.9,46.1
2025-09-21,nimbut,Baramati,58.0,23.1,95,16.9,59.7
2025-09-21,songaon,Baramati,58.0,23.1,95,16.9,58.1
2025-09-21,gunawadi,Baramati,58.0,23.1,95,16.9,59.4
2025-09-21,pandare,Baramati,58.0,23.1,95,16.9,36.8
2025-09-21,korhale,Baramati,58.0,23.1,95,16.9,43.2
2025-09-21,lasalgaon,Niphad,15.0,25.7,75,10.5,10.5
2025-09-21,pimpalgaon,Niphad,15.0,25.7,75,10.5,9.4
2025-09-21,vinchur,Niphad,15.0,25.7,75,10.5,14.7
2025-09-21,ozar,Niphad,15.0,25.7,75,10.5,17.0
2025-09-21,shendurni,Jamner,0.0,28.2,78,16.2,0.0
2025-09-21,pahur,Jamner,0.0,28.2,78,16.2,0.0
2025-09-21,neri,Jamner,0.0,28.2,78,16.2,0.0
2025-09-21,lohara,Jamner,0.0,28.2,78,16.2,0.0
2025-09-22,kanheri,Baramati,8.4,29.3,75,10.7,6.6
2025-09-22,jalochi,Baramati,8.4,29.3,75,10.7,6.9
2025-09-22,medad,Baramati,8.4,29.3,75,10.7,10.4
2025-09-22,nimbut,Baramati,8.4,29.3,75,10.7,7.1
2025-09-22,songaon,Baramati,8.4,29.3,75,10.7,7.1
2025-09-22,gunawadi,Baramati,8.4,29.3,75,10.7,8.4
2025-09-22,pandare,Baramati,8.4,29.3,75,10.7,7.6
2025-09-22,korhale,Baramati,8.4,29.3,75,10.7,8.7
2025-09-22,lasalgaon,Niphad,71.1,24.0,96,17.5,84.8
2025-09-22,pimpalgaon,Niphad,71.1,24.0,96,17.5,74.9
2025-09-22,vinchur,Niphad,71.1,24.0,96,17.5,79.9
2025-09-22,ozar,Niphad,71.1,24.0,96,17.5,103.6
2025-09-22,shendurni,Jamner,0.0,27.3,71,16.0,0.0
2025-09-22,pahur,Jamner,0.0,27.3,71,16.0,0.0
2025-09-22,neri,Jamner,0.0,27.3,71,16.0,0.0
2025-09-22,lohara,Jamner,0.0,27.3,71,16.0,0.0
2025-09-23,kanheri,Baramati,11.7,27.7,83,12.8,11.5
2025-09-23,jalochi,Baramati,11.7,27.7,83,12.8,11.4
2025-09-23,medad,Baramati,11.7,27.7,83,12.8,15.5
2025-09-23,nimbut,Baramati,11.7,27.7,83,12.8,14.8
2025-09-23,songaon,Baramati,11.7,27.7,83,12.8,9.4
2025-09-23,gunawadi,Baramati,11.7,27.7,83,12.8,9.6
2025-09-23,pandare,Baramati,11.7,27.7,83,12.8,12.7
2025-09-23,korhale,Baramati,11.7,27.7,83,12.8,12.2
2025-09-23,lasalgaon,Niphad,89.9,22.4,92,12.3,87.7
2025-09-23,pimpalgaon,Niphad,89.9,22.4,92,12.3,79.7
2025-09-23,vinchur,Niphad,89.9,22.4,92,12.3,86.6
2025-09-23,ozar,Niphad,89.9,22.4,92,12.3,121.1
2025-09-23,shendurni,Jamner,52.4,27.3,99,16.4,58.9
2025-09-23,pahur,Jamner,52.4,27.3,99,16.4,44.1
2025-09-23,neri,Jamner,52.4,27.3,99,16.4,58.9
2025-09-23,lohara,Jamner,52.4,27.3,99,16.4,36.4
2025-09-24,kanheri,Baramati,56.0,25.7,99,15.8,55.5
2025-09-24,jalochi,Baramati,56.0,25.7,99,15.8,53.5
2025-09-24,medad,Baramati,56.0,25.7,99,15.8,81.6
2025-09-24,nimbut,Baramati,56.0,25.7,99,15.8,65.8
2025-09-24,songaon,Baramati,56.0,25.7,99,15.8,51.5
2025-09-24,gunawadi,Baramati,56.0,25.7,99,15.8,61.8
2025-09-24,pandare,Baramati,56.0,25.7,99,15.8,67.9
2025-09-24,korhale,Baramati,56.0,25.7,99,15.8,72.8
2025-09-24,lasalgaon,Niphad,81.0,24.6,99,13.9,62.5
2025-09-24,pimpalgaon,Niphad,81.0,24.6,99,13.9,47.1
2025-09-24,vinchur,Niphad,81.0,24.6,99,13.9,73.8
2025-09-24,ozar,Niphad,81.0,24.6,99,13.9,99.4
2025-09-24,shendurni,Jamner,0.0,24.9,76,19.7,0.0
2025-09-24,pahur,Jamner,0.0,24.9,76,19.7,0.0
2025-09-24,neri,Jamner,0.0,24.9,76,19.7,0.0
2025-09-24,lohara,Jamner,0.0,24.9,76,19.7,0.0
2025-09-25,kanheri,Baramati,15.8,26.2,86,19.7,11.1
2025-09-25,jalochi,Baramati,15.8,26.2,86,19.7,13.3
2025-09-25,medad,Baramati,15.8,26.2,86,19.7,21.7
2025-09-25,nimbut,Baramati,15.8,26.2,86,19.7,15.5
2025-09-25,songaon,Baramati,15.8,26.2,86,19.7,13.2
2025-09-25,gunawadi,Baramati,15.8,26.2,86,19.7,14.1
2025-09-25,pandare,Baramati,15.8,26.2,86,19.7,16.3
2025-09-25,korhale,Baramati,15.8,26.2,86,19.7,19.5
2025-09-25,lasalgaon,Niphad,66.5,24.5,96,14.7,57.7
2025-09-25,pimpalgaon,Niphad,66.5,24.5,96,14.7,48.7
2025-09-25,vinchur,Niphad,66.5,24.5,96,14.7,65.0
2025-09-25,ozar,Niphad,66.5,24.5,96,14.7,92.3
2025-09-25,shendurni,Jamner,1.4,27.1,78,16.8,1.4
2025-09-25,pahur,Jamner,1.4,27.1,78,16.8,1.7
2025-09-25,neri,Jamner,1.4,27.1,78,16.8,1.1
2025-09-25,lohara,Jamner,1.4,27.1,78,16.8,1.2
2025-09-26,kanheri,Baramati,0.0,26.8,72,17.0,0.0
2025-09-26,jalochi,Baramati,0.0,26.8,72,17.0,0.0
2025-09-26,medad,Baramati,0.0,26.8,72,17.0,0.0
2025-09-26,nimbut,Baramati,0.0,26.8,72,17.0,0.0
2025-09-26,songaon,Baramati,0.0,26.8,72,17.0,0.0
2025-09-26,gunawadi,Baramati,0.0,26.8,72,17.0,0.0
2025-09-26,pandare,Baramati,0.0,26.8,72,17.0,0.0
2025-09-26,korhale,Baramati,0.0,26.8,72,17.0,0.0
2025-09-26,lasalgaon,Niphad,95.0,24.3,99,12.9,98.7
2025-09-26,pimpalgaon,Niphad,95.0,24.3,99,12.9,100.7
2025-09-26,vinchur,Niphad,95.0,24.3,99,12.9,96.3
2025-09-26,ozar,Niphad,95.0,24.3,99,12.9,103.9
2025-09-26,shendurni,Jamner,0.0,27.9,68,16.7,0.0
2025-09-26,pahur,Jamner,0.0,27.9,68,16.7,0.0
2025-09-26,neri,Jamner,0.0,27.9,68,16.7,0.0
2025-09-26,lohara,Jamner,0.0,27.9,68,16.7,0.0
2025-09-27,kanheri,Baramati,0.0,27.1,82,15.5,0.0
2025-09-27,jalochi,Baramati,0.0,27.1,82,15.5,0.0
2025-09-27,medad,Baramati,0.0,27.1,82,15.5,0.0
2025-09-27,nimbut,Baramati,0.0,27.1,82,15.5,0.0
2025-09-27,songaon,Baramati,0.0,27.1,82,15.5,0.0
2025-09-27,gunawadi,Baramati,0.0,27.1,82,15.5,0.0
2025-09-27,pandare,Baramati,0.0,27.1,82,15.5,0.0
2025-09-27,korhale,Baramati,0.0,27.1,82,15.5,0.0
2025-09-27,lasalgaon,Niphad,0.0,28.0,75,13.8,0.0
2025-09-27,pimpalgaon,Niphad,0.0,28.0,75,13.8,0.0
2025-09-27,vinchur,Niphad,0.0,28.0,75,13.8,0.0
2025-09-27,ozar,Niphad,0.0,28.0,75,13.8,0.0
2025-09-27,shendurni,Jamner,44.3,24.0,89,11.1,46.7
2025-09-27,pahur,Jamner,44.3,24.0,89,11.1,50.1
2025-09-27,neri,Jamner,44.3,24.0,89,11.1,33.7
2025-09-27,lohara,Jamner,44.3,24.0,89,11.1,27.2
2025-09-28,kanheri,Baramati,29.4,24.5,80,21.4,30.7
2025-09-28,jalochi,Baramati,29.4,24.5,80,21.4,27.0
2025-09-28,medad,Baramati,29.4,24.5,80,21.4,25.2
2025-09-28,nimbut,Baramati,29.4,24.5,80,21.4,33.7
2025-09-28,songaon,Baramati,29.4,24.5,80,21.4,21.2
2025-09-28,gunawadi,Baramati,29.4,24.5,80,21.4,24.8
2025-09-28,pandare,Baramati,29.4,24.5,80,21.4,24.0
2025-09-28,korhale,Baramati,29.4,24.5,80,21.4,39.3
2025-09-28,lasalgaon,Niphad,31.3,24.0,90,19.6,22.6
2025-09-28,pimpalgaon,Niphad,31.3,24.0,90,19.6,36.4
2025-09-28,vinchur,Niphad,31.3,24.0,90,19.6,32.9
2025-09-28,ozar,Niphad,31.3,24.0,90,19.6,36.3
2025-09-28,shendurni,Jamner,20.2,26.9,84,9.9,25.4
2025-09-28,pahur,Jamner,20.2,26.9,84,9.9,18.3
2025-09-28,neri,Jamner,20.2,26.9,84,9.9,20.6
2025-09-28,lohara,Jamner,20.2,26.9,84,9.9,18.4
2025-09-29,kanheri,Baramati,16.6,26.8,76,7.4,14.9
2025-09-29,jalochi,Baramati,16.6,26.8,76,7.4,13.9
2025-09-29,medad,Baramati,16.6,26.8,76,7.4,18.8
2025-09-29,nimbut,Baramati,16.6,26.8,76,7.4,17.1
2025-09-29,songaon,Baramati,16.6,26.8,76,7.4,15.7
2025-09-29,gunawadi,Baramati,16.6,26.8,76,7.4,13.2
2025-09-29,pandare,Baramati,16.6,26.8,76,7.4,14.7
2025-09-29,korhale,Baramati,16.6,26.8,76,7.4,22.9
2025-09-29,lasalgaon,Niphad,22.4,26.5,83,14.2,22.1
2025-09-29,pimpalgaon,Niphad,22.4,26.5,83,14.2,24.5
2025-09-29,vinchur,Niphad,22.4,26.5,83,14.2,21.1
2025-09-29,ozar,Niphad,22.4,26.5,83,14.2,23.0
2025-09-29,shendurni,Jamner,0.0,26.7,79,14.6,0.0
2025-09-29,pahur,Jamner,0.0,26.7,79,14.6,0.0
2025-09-29,neri,Jamner,0.0,26.7,79,14.6,0.0
2025-09-29,lohara,Jamner,0.0,26.7,79,14.6,0.0
2025-09-30,kanheri,Baramati,0.0,27.5,81,17.7,0.0
2025-09-30,jalochi,Baramati,0.0,27.5,81,17.7,0.0
2025-09-30,medad,Baramati,0.0,27.5,81,17.7,0.0
2025-09-30,nimbut,Baramati,0.0,27.5,81,17.7,0.0
2025-09-30,songaon,Baramati,0.0,27.5,81,17.7,0.0
2025-09-30,gunawadi,Baramati,0.0,27.5,81,17.7,0.0
2025-09-30,pandare,Baramati,0.0,27.5,81,17.7,0.0
2025-09-30,korhale,Baramati,0.0,27.5,81,17.7,0.0
2025-09-30,lasalgaon,Niphad,7.3,28.1,77,13.8,6.3
2025-09-30,pimpalgaon,Niphad,7.3,28.1,77,13.8,5.9
2025-09-30,vinchur,Niphad,7.3,28.1,77,13.8,8.4
2025-09-30,ozar,Niphad,7.3,28.1,77,13.8,8.3
2025-09-30,shendurni,Jamner,18.1,28.1,84,24.2,24.3
2025-09-30,pahur,Jamner,18.1,28.1,84,24.2,15.2
2025-09-30,neri,Jamner,18.1,28.1,84,24.2,14.4
2025-09-30,lohara,Jamner,18.1,28.1,84,24.2,12.1
2025-10-01,kanheri,Baramati,0.0,32.9,49,10.9,0.0
2025-10-01,jalochi,Baramati,0.0,32.9,49,10.9,0.0
2025-10-01,medad,Baramati,0.0,32.9,49,10.9,0.0
2025-10-01,nimbut,Baramati,0.0,32.9,49,10.9,0.0
2025-10-01,songaon,Baramati,0.0,32.9,49,10.9,0.0
2025-10-01,gunawadi,Baramati,0.0,32.9,49,10.9,0.0
2025-10-01,pandare,Baramati,0.0,32.9,49,10.9,0.0
2025-10-01,korhale,Baramati,0.0,32.9,49,10.9,0.0
2025-10-01,lasalgaon,Niphad,0.0,33.4,56,5.2,0.0
2025-10-01,pimpalgaon,Niphad,0.0,33.4,56,5.2,0.0
2025-10-01,vinchur,Niphad,0.0,33.4,56,5.2,0.0
2025-10-01,ozar,Niphad,0.0,33.4,56,5.2,0.0
2025-10-01,shendurni,Jamner,0.0,32.5,49,11.5,0.0
2025-10-01,pahur,Jamner,0.0,32.5,49,11.5,0.0
2025-10-01,neri,Jamner,0.0,32.5,49,11.5,0.0
2025-10-01,lohara,Jamner,0.0,32.5,49,11.5,0.0
2025-10-02,kanheri,Baramati,0.0,34.5,51,5.1,0.0
2025-10-02,jalochi,Baramati,0.0,34.5,51,5.1,0.0
2025-10-02,medad,Baramati,0.0,34.5,51,5.1,0.0
2025-10-02,nimbut,Baramati,0.0,34.5,51,5.1,0.0
2025-10-02,songaon,Baramati,0.0,34.5,51,5.1,0.0
2025-10-02,gunawadi,Baramati,0.0,34.5,51,5.1,0.0
2025-10-02,pandare,Baramati,0.0,34.5,51,5.1,0.0
2025-10-02,korhale,Baramati,0.0,34.5,51,5.1,0.0
2025-10-02,lasalgaon,Niphad,0.0,33.5,48,7.0,0.0
2025-10-02,pimpalgaon,Niphad,0.0,33.5,48,7.0,0.0
2025-10-02,vinchur,Niphad,0.0,33.5,48,7.0,0.0
2025-10-02,ozar,Niphad,0.0,33.5,48,7.0,0.0
2025-10-02,shendurni,Jamner,0.0,33.5,46,11.0,0.0
2025-10-02,pahur,Jamner,0.0,33.5,46,11.0,0.0
2025-10-02,neri,Jamner,0.0,33.5,46,11.0,0.0
2025-10-02,lohara,Jamner,0.0,33.5,46,11.0,0.0
2025-10-03,kanheri,Baramati,0.0,33.7,52,9.4,0.0
2025-10-03,jalochi,Baramati,0.0,33.7,52,9.4,0.0
2025-10-03,medad,Baramati,0.0,33.7,52,9.4,0.0
2025-10-03,nimbut,Baramati,0.0,33.7,52,9.4,0.0
2025-10-03,songaon,Baramati,0.0,33.7,52,9.4,0.0
2025-10-03,gunawadi,Baramati,0.0,33.7,52,9.4,0.0
2025-10-03,pandare,Baramati,0.0,33.7,52,9.4,0.0
2025-10-03,korhale,Baramati,0.0,33.7,52,9.4,0.0
2025-10-03,lasalgaon,Niphad,0.0,32.6,49,13.1,0.0
2025-10-03,pimpalgaon,Niphad,0.0,32.6,49,13.1,0.0
2025-10-03,vinchur,Niphad,0.0,32.6,49,13.1,0.0
2025-10-03,ozar,Niphad,0.0,32.6,49,13.1,0.0
2025-10-03,shendurni,Jamner,0.0,33.4,52,8.5,0.0
2025-10-03,pahur,Jamner,0.0,33.4,52,8.5,0.0
2025-10-03,neri,Jamner,0.0,33.4,52,8.5,0.0
2025-10-03,lohara,Jamner,0.0,33.4,52,8.5,0.0
2025-10-04,kanheri,Baramati,0.0,33.9,47,2.0,0.0
2025-10-04,jalochi,Baramati,0.0,33.9,47,2.0,0.0
2025-10-04,medad,Baramati,0.0,33.9,47,2.0,0.0
2025-10-04,nimbut,Baramati,0.0,33.9,47,2.0,0.0
2025-10-04,songaon,Baramati,0.0,33.9,47,2.0,0.0
2025-10-04,gunawadi,Baramati,0.0,33.9,47,2.0,0.0
2025-10-04,pandare,Baramati,0.0,33.9,47,2.0,0.0
2025-10-04,korhale,Baramati,0.0,33.9,47,2.0,0.0
2025-10-04,lasalgaon,Niphad,0.0,34.2,46,13.0,0.0
2025-10-04,pimpalgaon,Niphad,0.0,34.2,46,13.0,0.0
2025-10-04,vinchur,Niphad,0.0,34.2,46,13.0,0.0
2025-10-04,ozar,Niphad,0.0,34.2,46,13.0,0.0
2025-10-04,shendurni,Jamner,0.0,33.0,54,4.2,0.0
2025-10-04,pahur,Jamner,0.0,33.0,54,4.2,0.0
2025-10-04,neri,Jamner,0.0,33.0,54,4.2,0.0
2025-10-04,lohara,Jamner,0.0,33.0,54,4.2,0.0
2025-10-05,kanheri,Baramati,0.0,32.4,52,13.0,0.0
2025-10-05,jalochi,Baramati,0.0,32.4,52,13.0,0.0
2025-10-05,medad,Baramati,0.0,32.4,52,13.0,0.0
2025-10-05,nimbut,Baramati,0.0,32.4,52,13.0,0.0
2025-10-05,songaon,Baramati,0.0,32.4,52,13.0,0.0
2025-10-05,gunawadi,Baramati,0.0,32.4,52,13.0,0.0
2025-10-05,pandare,Baramati,0.0,32.4,52,13.0,0.0
2025-10-05,korhale,Baramati,0.0,32.4,52,13.0,0.0
2025-10-05,lasalgaon,Niphad,0.0,32.6,45,11.1,0.0
2025-10-05,pimpalgaon,Niphad,0.0,32.6,45,11.1,0.0
2025-10-05,vinchur,Niphad,0.0,32.6,45,11.1,0.0
2025-10-05,ozar,Niphad,0.0,32.6,45,11.1,0.0
2025-10-05,shendurni,Jamner,0.0,34.9,49,5.1,0.0
2025-10-05,pahur,Jamner,0.0,34.9,49,5.1,0.0
2025-10-05,neri,Jamner,0.0,34.9,49,5.1,0.0
2025-10-05,lohara,Jamner,0.0,34.9,49,5.1,0.0
2025-10-06,kanheri,Baramati,0.0,34.8,53,18.2,0.0
2025-10-06,jalochi,Baramati,0.0,34.8,53,18.2,0.0
2025-10-06,medad,Baramati,0.0,34.8,53,18.2,0.0
2025-10-06,nimbut,Baramati,0.0,34.8,53,18.2,0.0
2025-10-06,songaon,Baramati,0.0,34.8,53,18.2,0.0
2025-10-06,gunawadi,Baramati,0.0,34.8,53,18.2,0.0
2025-10-06,pandare,Baramati,0.0,34.8,53,18.2,0.0
2025-10-06,korhale,Baramati,0.0,34.8,53,18.2,0.0
2025-10-06,lasalgaon,Niphad,0.0,33.3,57,4.4,0.0
2025-10-06,pimpalgaon,Niphad,0.0,33.3,57,4.4,0.0
2025-10-06,vinchur,Niphad,0.0,33.3,57,4.4,0.0
2025-10-06,ozar,Niphad,0.0,33.3,57,4.4,0.0
2025-10-06,shendurni,Jamner,0.6,32.9,51,8.5,0.7
2025-10-06,pahur,Jamner,0.6,32.9,51,8.5,0.5
2025-10-06,neri,Jamner,0.6,32.9,51,8.5,0.4
2025-10-06,lohara,Jamner,0.6,32.9,51,8.5,0.4
2025-10-07,kanheri,Baramati,0.0,32.1,55,3.2,0.0
2025-10-07,jalochi,Baramati,0.0,32.1,55,3.2,0.0
2025-10-07,medad,Baramati,0.0,32.1,55,3.2,0.0
2025-10-07,nimbut,Baramati,0.0,32.1,55,3.2,0.0
2025-10-07,songaon,Baramati,0.0,32.1,55,3.2,0.0
2025-10-07,gunawadi,Baramati,0.0,32.1,55,3.2,0.0
2025-10-07,pandare,Baramati,0.0,32.1,55,3.2,0.0
2025-10-07,korhale,Baramati,0.0,32.1,55,3.2,0.0
2025-10-07,lasalgaon,Niphad,0.0,31.5,52,8.1,0.0
2025-10-07,pimpalgaon,Niphad,0.0,31.5,52,8.1,0.0
2025-10-07,vinchur,Niphad,0.0,31.5,52,8.1,0.0
2025-10-07,ozar,Niphad,0.0,31.5,52,8.1,0.0
2025-10-07,shendurni,Jamner,0.0,32.1,46,7.2,0.0
2025-10-07,pahur,Jamner,0.0,32.1,46,7.2,0.0
2025-10-07,neri,Jamner,0.0,32.1,46,7.2,0.0
2025-10-07,lohara,Jamner,0.0,32.1,46,7.2,0.0
2025-10-08,kanheri,Baramati,0.0,34.4,56,2.0,0.0
2025-10-08,jalochi,Baramati,0.0,34.4,56,2.0,0.0
2025-10-08,medad,Baramati,0.0,34.4,56,2.0,0.0
2025-10-08,nimbut,Baramati,0.0,34.4,56,2.0,0.0
2025-10-08,songaon,Baramati,0.0,34.4,56,2.0,0.0
2025-10-08,gunawadi,Baramati,0.0,34.4,56,2.0,0.0
2025-10-08,pandare,Baramati,0.0,34.4,56,2.0,0.0
2025-10-08,korhale,Baramati,0.0,34.4,56,2.0,0.0
2025-10-08,lasalgaon,Niphad,0.0,32.9,41,9.7,0.0
2025-10-08,pimpalgaon,Niphad,0.0,32.9,41,9.7,0.0
2025-10-08,vinchur,Niphad,0.0,32.9,41,9.7,0.0
2025-10-08,ozar,Niphad,0.0,32.9,41,9.7,0.0
2025-10-08,shendurni,Jamner,0.0,32.9,53,10.0,0.0
2025-10-08,pahur,Jamner,0.0,32.9,53,10.0,0.0
2025-10-08,neri,Jamner,0.0,32.9,53,10.0,0.0
2025-10-08,lohara,Jamner,0.0,32.9,53,10.0,0.0
2025-10-09,kanheri,Baramati,0.0,35.0,45,5.3,0.0
2025-10-09,jalochi,Baramati,0.0,35.0,45,5.3,0.0
2025-10-09,medad,Baramati,0.0,35.0,45,5.3,0.0
2025-10-09,nimbut,Baramati,0.0,35.0,45,5.3,0.0
2025-10-09,songaon,Baramati,0.0,35.0,45,5.3,0.0
2025-10-09,gunawadi,Baramati,0.0,35.0,45,5.3,0.0
2025-10-09,pandare,Baramati,0.0,35.0,45,5.3,0.0
2025-10-09,korhale,Baramati,0.0,35.0,45,5.3,0.0
2025-10-09,lasalgaon,Niphad,0.4,31.3,52,4.7,0.4
2025-10-09,pimpalgaon,Niphad,0.4,31.3,52,4.7,0.4
2025-10-09,vinchur,Niphad,0.4,31.3,52,4.7,0.4
2025-10-09,ozar,Niphad,0.4,31.3,52,4.7,0.4
2025-10-09,shendurni,Jamner,0.0,34.6,48,12.5,0.0
2025-10-09,pahur,Jamner,0.0,34.6,48,12.5,0.0
2025-10-09,neri,Jamner,0.0,34.6,48,12.5,0.0
2025-10-09,lohara,Jamner,0.0,34.6,48,12.5,0.0
2025-10-10,kanheri,Baramati,0.0,33.4,52,3.3,0.0
2025-10-10,jalochi,Baramati,0.0,33.4,52,3.3,0.0
2025-10-10,medad,Baramati,0.0,33.4,52,3.3,0.0
2025-10-10,nimbut,Baramati,0.0,33.4,52,3.3,0.0
2025-10-10,songaon,Baramati,0.0,33.4,52,3.3,0.0
2025-10-10,gunawadi,Baramati,0.0,33.4,52,3.3,0.0
2025-10-10,pandare,Baramati,0.0,33.4,52,3.3,0.0
2025-10-10,korhale,Baramati,0.0,33.4,52,3.3,0.0
2025-10-10,lasalgaon,Niphad,0.0,33.2,54,6.9,0.0
2025-10-10,pimpalgaon,Niphad,0.0,33.2,54,6.9,0.0
2025-10-10,vinchur,Niphad,0.0,33.2,54,6.9,0.0
2025-10-10,ozar,Niphad,0.0,33.2,54,6.9,0.0
2025-10-10,shendurni,Jamner,0.0,32.3,50,8.6,0.0
2025-10-10,pahur,Jamner,0.0,32.3,50,8.6,0.0
2025-10-10,neri,Jamner,0.0,32.3,50,8.6,0.0
2025-10-10,lohara,Jamner,0.0,32.3,50,8.6,0.0
2025-10-11,kanheri,Baramati,0.0,31.6,55,5.4,0.0
2025-10-11,jalochi,Baramati,0.0,31.6,55,5.4,0.0
2025-10-11,medad,Baramati,0.0,31.6,55,5.4,0.0
2025-10-11,nimbut,Baramati,0.0,31.6,55,5.4,0.0
2025-10-11,songaon,Baramati,0.0,31.6,55,5.4,0.0
2025-10-11,gunawadi,Baramati,0.0,31.6,55,5.4,0.0
2025-10-11,pandare,Baramati,0.0,31.6,55,5.4,0.0
2025-10-11,korhale,Baramati,0.0,31.6,55,5.4,0.0
2025-10-11,lasalgaon,Niphad,0.0,35.0,47,11.3,0.0
2025-10-11,pimpalgaon,Niphad,0.0,35.0,47,11.3,0.0
2025-10-11,vinchur,Niphad,0.0,35.0,47,11.3,0.0
2025-10-11,ozar,Niphad,0.0,35.0,47,11.3,0.0
2025-10-11,shendurni,Jamner,0.0,35.0,47,11.3,0.0
2025-10-11,pahur,Jamner,0.0,35.0,47,11.3,0.0
2025-10-11,neri,Jamner,0.0,35.0,47,11.3,0.0
2025-10-11,lohara,Jamner,0.0,35.0,47,11.3,0.0
2025-10-12,kanheri,Baramati,0.0,31.3,40,7.3,0.0
2025-10-12,jalochi,Baramati,0.0,31.3,40,7.3,0.0
2025-10-12,medad,Baramati,0.0,31.3,40,7.3,0.0
2025-10-12,nimbut,Baramati,0.0,31.3,40,7.3,0.0
2025-10-12,songaon,Baramati,0.0,31.3,40,7.3,0.0
2025-10-12,gunawadi,Baramati,0.0,31.3,40,7.3,0.0
2025-10-12,pandare,Baramati,0.0,31.3,40,7.3,0.0
2025-10-12,korhale,Baramati,0.0,31.3,40,7.3,0.0
2025-10-12,lasalgaon,Niphad,0.0,33.0,47,16.0,0.0
2025-10-12,pimpalgaon,Niphad,0.0,33.0,47,16.0,0.0
2025-10-12,vinchur,Niphad,0.0,33.0,47,16.0,0.0
2025-10-12,ozar,Niphad,0.0,33.0,47,16.0,0.0
2025-10-12,shendurni,Jamner,10.7,33.6,48,8.1,10.5
2025-10-12,pahur,Jamner,10.7,33.6,48,8.1,11.3
2025-10-12,neri,Jamner,10.7,33.6,48,8.1,9.8
2025-10-12,lohara,Jamner,10.7,33.6,48,8.1,8.9
2025-10-13,kanheri,Baramati,0.0,32.5,49,2.0,0.0
2025-10-13,jalochi,Baramati,0.0,32.5,49,2.0,0.0
2025-10-13,medad,Baramati,0.0,32.5,49,2.0,0.0
2025-10-13,nimbut,Baramati,0.0,32.5,49,2.0,0.0
2025-10-13,songaon,Baramati,0.0,32.5,49,2.0,0.0
2025-10-13,gunawadi,Baramati,0.0,32.5,49,2.0,0.0
2025-10-13,pandare,Baramati,0.0,32.5,49,2.0,0.0
2025-10-13,korhale,Baramati,0.0,32.5,49,2.0,0.0
2025-10-13,lasalgaon,Niphad,0.0,33.7,51,2.0,0.0
2025-10-13,pimpalgaon,Niphad,0.0,33.7,51,2.0,0.0
2025-10-13,vinchur,Niphad,0.0,33.7,51,2.0,0.0
2025-10-13,ozar,Niphad,0.0,33.7,51,2.0,0.0
2025-10-13,shendurni,Jamner,0.0,30.9,50,10.9,0.0
2025-10-13,pahur,Jamner,0.0,30.9,50,10.9,0.0
2025-10-13,neri,Jamner,0.0,30.9,50,10.9,0.0
2025-10-13,lohara,Jamner,0.0,30.9,50,10.9,0.0
2025-10-14,kanheri,Baramati,1.5,34.5,44,3.5,1.7
2025-10-14,jalochi,Baramati,1.5,34.5,44,3.5,1.5
2025-10-14,medad,Baramati,1.5,34.5,44,3.5,1.6
2025-10-14,nimbut,Baramati,1.5,34.5,44,3.5,1.8
2025-10-14,songaon,Baramati,1.5,34.5,44,3.5,1.1
2025-10-14,gunawadi,Baramati,1.5,34.5,44,3.5,1.5
2025-10-14,pandare,Baramati,1.5,34.5,44,3.5,1.4
2025-10-14,korhale,Baramati,1.5,34.5,44,3.5,1.3
2025-10-14,lasalgaon,Niphad,0.0,32.0,42,7.0,0.0
2025-10-14,pimpalgaon,Niphad,0.0,32.0,42,7.0,0.0
2025-10-14,vinchur,Niphad,0.0,32.0,42,7.0,0.0
2025-10-14,ozar,Niphad,0.0,32.0,42,7.0,0.0
2025-10-14,shendurni,Jamner,0.0,34.6,48,15.5,0.0
2025-10-14,pahur,Jamner,0.0,34.6,48,15.5,0.0
2025-10-14,neri,Jamner,0.0,34.6,48,15.5,0.0
2025-10-14,lohara,Jamner,0.0,34.6,48,15.5,0.0
2025-10-15,kanheri,Baramati,2.4,34.2,48,10.1,2.1
2025-10-15,jalochi,Baramati,2.4,34.2,48,10.1,2.6
2025-10-15,medad,Baramati,2.4,34.2,48,10.1,3.0
2025-10-15,nimbut,Baramati,2.4,34.2,48,10.1,2.0
2025-10-15,songaon,Baramati,2.4,34.2,48,10.1,2.2
2025-10-15,gunawadi,Baramati,2.4,34.2,48,10.1,2.3
2025-10-15,pandare,Baramati,2.4,34.2,48,10.1,1.9
2025-10-15,korhale,Baramati,2.4,34.2,48,10.1,2.5
2025-10-15,lasalgaon,Niphad,0.0,34.1,49,14.7,0.0
2025-10-15,pimpalgaon,Niphad,0.0,34.1,49,14.7,0.0
2025-10-15,vinchur,Niphad,0.0,34.1,49,14.7,0.0
2025-10-15,ozar,Niphad,0.0,34.1,49,14.7,0.0
2025-10-15,shendurni,Jamner,0.0,32.7,48,7.6,0.0
2025-10-15,pahur,Jamner,0.0,32.7,48,7.6,0.0
2025-10-15,neri,Jamner,0.0,32.7,48,7.6,0.0
2025-10-15,lohara,Jamner,0.0,32.7,48,7.6,0.0
2025-10-16,kanheri,Baramati,0.0,34.9,47,10.2,0.0
2025-10-16,jalochi,Baramati,0.0,34.9,47,10.2,0.0
2025-10-16,medad,Baramati,0.0,34.9,47,10.2,0.0
2025-10-16,nimbut,Baramati,0.0,34.9,47,10.2,0.0
2025-10-16,songaon,Baramati,0.0,34.9,47,10.2,0.0
2025-10-16,gunawadi,Baramati,0.0,34.9,47,10.2,0.0
2025-10-16,pandare,Baramati,0.0,34.9,47,10.2,0.0
2025-10-16,korhale,Baramati,0.0,34.9,47,10.2,0.0
2025-10-16,lasalgaon,Niphad,0.0,33.8,44,9.7,0.0
2025-10-16,pimpalgaon,Niphad,0.0,33.8,44,9.7,0.0
2025-10-16,vinchur,Niphad,0.0,33.8,44,9.7,0.0
2025-10-16,ozar,Niphad,0.0,33.8,44,9.7,0.0
2025-10-16,shendurni,Jamner,0.0,34.3,48,13.5,0.0
2025-10-16,pahur,Jamner,0.0,34.3,48,13.5,0.0
2025-10-16,neri,Jamner,0.0,34.3,48,13.5,0.0
2025-10-16,lohara,Jamner,0.0,34.3,48,13.5,0.0
2025-10-17,kanheri,Baramati,0.0,33.3,48,6.7,0.0
2025-10-17,jalochi,Baramati,0.0,33.3,48,6.7,0.0
2025-10-17,medad,Baramati,0.0,33.3,48,6.7,0.0
2025-10-17,nimbut,Baramati,0.0,33.3,48,6.7,0.0
2025-10-17,songaon,Baramati,0.0,33.3,48,6.7,0.0
2025-10-17,gunawadi,Baramati,0.0,33.3,48,6.7,0.0
2025-10-17,pandare,Baramati,0.0,33.3,48,6.7,0.0
2025-10-17,korhale,Baramati,0.0,33.3,48,6.7,0.0
2025-10-17,lasalgaon,Niphad,0.0,31.9,54,10.1,0.0
2025-10-17,pimpalgaon,Niphad,0.0,31.9,54,10.1,0.0
2025-10-17,vinchur,Niphad,0.0,31.9,54,10.1,0.0
2025-10-17,ozar,Niphad,0.0,31.9,54,10.1,0.0
2025-10-17,shendurni,Jamner,6.3,32.6,58,15.2,8.4
2025-10-17,pahur,Jamner,6.3,32.6,58,15.2,6.2
2025-10-17,neri,Jamner,6.3,32.6,58,15.2,4.8
2025-10-17,lohara,Jamner,6.3,32.6,58,15.2,4.7
2025-10-18,kanheri,Baramati,0.0,34.4,48,9.0,0.0
2025-10-18,jalochi,Baramati,0.0,34.4,48,9.0,0.0
2025-10-18,medad,Baramati,0.0,34.4,48,9.0,0.0
2025-10-18,nimbut,Baramati,0.0,34.4,48,9.0,0.0
2025-10-18,songaon,Baramati,0.0,34.4,48,9.0,0.0
2025-10-18,gunawadi,Baramati,0.0,34.4,48,9.0,0.0
2025-10-18,pandare,Baramati,0.0,34.4,48,9.0,0.0
2025-10-18,korhale,Baramati,0.0,34.4,48,9.0,0.0
2025-10-18,lasalgaon,Niphad,0.0,31.8,55,9.3,0.0
2025-10-18,pimpalgaon,Niphad,0.0,31.8,55,9.3,0.0
2025-10-18,vinchur,Niphad,0.0,31.8,55,9.3,0.0
2025-10-18,ozar,Niphad,0.0,31.8,55,9.3,0.0
2025-10-18,shendurni,Jamner,0.0,33.5,50,13.7,0.0
2025-10-18,pahur,Jamner,0.0,33.5,50,13.7,0.0
2025-10-18,neri,Jamner,0.0,33.5,50,13.7,0.0
2025-10-18,lohara,Jamner,0.0,33.5,50,13.7,0.0
2025-10-19,kanheri,Baramati,10.8,31.1,49,13.1,13.0
2025-10-19,jalochi,Baramati,10.8,31.1,49,13.1,13.4
2025-10-19,medad,Baramati,10.8,31.1,49,13.1,15.1
2025-10-19,nimbut,Baramati,10.8,31.1,49,13.1,11.7
2025-10-19,songaon,Baramati,10.8,31.1,49,13.1,9.9
2025-10-19,gunawadi,Baramati,10.8,31.1,49,13.1,9.1
2025-10-19,pandare,Baramati,10.8,31.1,49,13.1,10.4
2025-10-19,korhale,Baramati,10.8,31.1,49,13.1,11.5
2025-10-19,lasalgaon,Niphad,0.0,32.3,52,2.3,0.0
2025-10-19,pimpalgaon,Niphad,0.0,32.3,52,2.3,0.0
2025-10-19,vinchur,Niphad,0.0,32.3,52,2.3,0.0
2025-10-19,ozar,Niphad,0.0,32.3,52,2.3,0.0
2025-10-19,shendurni,Jamner,0.0,30.9,52,11.1,0.0
2025-10-19,pahur,Jamner,0.0,30.9,52,11.1,0.0
2025-10-19,neri,Jamner,0.0,30.9,52,11.1,0.0
2025-10-19,lohara,Jamner,0.0,30.9,52,11.1,0.0
2025-10-20,kanheri,Baramati,0.0,32.3,47,12.8,0.0
2025-10-20,jalochi,Baramati,0.0,32.3,47,12.8,0.0
2025-10-20,medad,Baramati,0.0,32.3,47,12.8,0.0
2025-10-20,nimbut,Baramati,0.0,32.3,47,12.8,0.0
2025-10-20,songaon,Baramati,0.0,32.3,47,12.8,0.0
2025-10-20,gunawadi,Baramati,0.0,32.3,47,12.8,0.0
2025-10-20,pandare,Baramati,0.0,32.3,47,12.8,0.0
2025-10-20,korhale,Baramati,0.0,32.3,47,12.8,0.0
2025-10-20,lasalgaon,Niphad,0.0,33.4,46,6.4,0.0
2025-10-20,pimpalgaon,Niphad,0.0,33.4,46,6.4,0.0
2025-10-20,vinchur,Niphad,0.0,33.4,46,6.4,0.0
2025-10-20,ozar,Niphad,0.0,33.4,46,6.4,0.0
2025-10-20,shendurni,Jamner,0.0,32.4,52,14.3,0.0
2025-10-20,pahur,Jamner,0.0,32.4,52,14.3,0.0
2025-10-20,neri,Jamner,0.0,32.4,52,14.3,0.0
2025-10-20,lohara,Jamner,0.0,32.4,52,14.3,0.0
2025-10-21,kanheri,Baramati,0.0,30.9,53,9.3,0.0
2025-10-21,jalochi,Baramati,0.0,30.9,53,9.3,0.0
2025-10-21,medad,Baramati,0.0,30.9,53,9.3,0.0
2025-10-21,nimbut,Baramati,0.0,30.9,53,9.3,0.0
2025-10-21,songaon,Baramati,0.0,30.9,53,9.3,0.0
2025-10-21,gunawadi,Baramati,0.0,30.9,53,9.3,0.0
2025-10-21,pandare,Baramati,0.0,30.9,53,9.3,0.0
2025-10-21,korhale,Baramati,0.0,30.9,53,9.3,0.0
2025-10-21,lasalgaon,Niphad,4.0,33.7,55,11.0,4.0
2025-10-21,pimpalgaon,Niphad,4.0,33.7,55,11.0,3.3
2025-10-21,vinchur,Niphad,4.0,33.7,55,11.0,4.8
2025-10-21,ozar,Niphad,4.0,33.7,55,11.0,4.1
2025-10-21,shendurni,Jamner,0.0,32.5,56,5.5,0.0
2025-10-21,pahur,Jamner,0.0,32.5,56,5.5,0.0
2025-10-21,neri,Jamner,0.0,32.5,56,5.5,0.0
2025-10-21,lohara,Jamner,0.0,32.5,56,5.5,0.0
2025-10-22,kanheri,Baramati,0.0,31.0,53,14.0,0.0
2025-10-22,jalochi,Baramati,0.0,31.0,53,14.0,0.0
2025-10-22,medad,Baramati,0.0,31.0,53,14.0,0.0
2025-10-22,nimbut,Baramati,0.0,31.0,53,14.0,0.0
2025-10-22,songaon,Baramati,0.0,31.0,53,14.0,0.0
2025-10-22,gunawadi,Baramati,0.0,31.0,53,14.0,0.0
2025-10-22,pandare,Baramati,0.0,31.0,53,14.0,0.0
2025-10-22,korhale,Baramati,0.0,31.0,53,14.0,0.0
2025-10-22,lasalgaon,Niphad,8.7,31.8,56,9.0,6.9
2025-10-22,pimpalgaon,Niphad,8.7,31.8,56,9.0,8.2
2025-10-22,vinchur,Niphad,8.7,31.8,56,9.0,11.1
2025-10-22,ozar,Niphad,8.7,31.8,56,9.0,11.1
2025-10-22,shendurni,Jamner,0.0,33.9,48,13.0,0.0
2025-10-22,pahur,Jamner,0.0,33.9,48,13.0,0.0
2025-10-22,neri,Jamner,0.0,33.9,48,13.0,0.0
2025-10-22,lohara,Jamner,0.0,33.9,48,13.0,0.0
2025-10-23,kanheri,Baramati,0.0,35.0,47,16.9,0.0
2025-10-23,jalochi,Baramati,0.0,35.0,47,16.9,0.0
2025-10-23,medad,Baramati,0.0,35.0,47,16.9,0.0
2025-10-23,nimbut,Baramati,0.0,35.0,47,16.9,0.0
2025-10-23,songaon,Baramati,0.0,35.0,47,16.9,0.0
2025-10-23,gunawadi,Baramati,0.0,35.0,47,16.9,0.0
2025-10-23,pandare,Baramati,0.0,35.0,47,16.9,0.0
2025-10-23,korhale,Baramati,0.0,35.0,47,16.9,0.0
2025-10-23,lasalgaon,Niphad,0.0,32.3,53,11.0,0.0
2025-10-23,pimpalgaon,Niphad,0.0,32.3,53,11.0,0.0
2025-10-23,vinchur,Niphad,0.0,32.3,53,11.0,0.0
2025-10-23,ozar,Niphad,0.0,32.3,53,11.0,0.0
2025-10-23,shendurni,Jamner,0.0,32.3,52,8.9,0.0
2025-10-23,pahur,Jamner,0.0,32.3,52,8.9,0.0
2025-10-23,neri,Jamner,0.0,32.3,52,8.9,0.0
2025-10-23,lohara,Jamner,0.0,32.3,52,8.9,0.0
2025-10-24,kanheri,Baramati,0.0,32.5,41,5.8,0.0
2025-10-24,jalochi,Baramati,0.0,32.5,41,5.8,0.0
2025-10-24,medad,Baramati,0.0,32.5,41,5.8,0.0
2025-10-24,nimbut,Baramati,0.0,32.5,41,5.8,0.0
2025-10-24,songaon,Baramati,0.0,32.5,41,5.8,0.0
2025-10-24,gunawadi,Baramati,0.0,32.5,41,5.8,0.0
2025-10-24,pandare,Baramati,0.0,32.5,41,5.8,0.0
2025-10-24,korhale,Baramati,0.0,32.5,41,5.8,0.0
2025-10-24,lasalgaon,Niphad,0.0,32.0,52,8.3,0.0
2025-10-24,pimpalgaon,Niphad,0.0,32.0,52,8.3,0.0
2025-10-24,vinchur,Niphad,0.0,32.0,52,8.3,0.0
2025-10-24,ozar,Niphad,0.0,32.0,52,8.3,0.0
2025-10-24,shendurni,Jamner,0.0,32.5,54,8.0,0.0
2025-10-24,pahur,Jamner,0.0,32.5,54,8.0,0.0
2025-10-24,neri,Jamner,0.0,32.5,54,8.0,0.0
2025-10-24,lohara,Jamner,0.0,32.5,54,8.0,0.0
2025-10-25,kanheri,Baramati,0.0,32.6,55,4.1,0.0
2025-10-25,jalochi,Baramati,0.0,32.6,55,4.1,0.0
2025-10-25,medad,Baramati,0.0,32.6,55,4.1,0.0
2025-10-25,nimbut,Baramati,0.0,32.6,55,4.1,0.0
2025-10-25,songaon,Baramati,0.0,32.6,55,4.1,0.0
2025-10-25,gunawadi,Baramati,0.0,32.6,55,4.1,0.0
2025-10-25,pandare,Baramati,0.0,32.6,55,4.1,0.0
2025-10-25,korhale,Baramati,0.0,32.6,55,4.1,0.0
2025-10-25,lasalgaon,Niphad,0.0,31.2,43,7.0,0.0
2025-10-25,pimpalgaon,Niphad,0.0,31.2,43,7.0,0.0
2025-10-25,vinchur,Niphad,0.0,31.2,43,7.0,0.0
2025-10-25,ozar,Niphad,0.0,31.2,43,7.0,0.0
2025-10-25,shendurni,Jamner,0.0,33.6,51,10.3,0.0
2025-10-25,pahur,Jamner,0.0,33.6,51,10.3,0.0
2025-10-25,neri,Jamner,0.0,33.6,51,10.3,0.0
2025-10-25,lohara,Jamner,0.0,33.6,51,10.3,0.0
2025-10-26,kanheri,Baramati,0.0,32.3,48,7.9,0.0
2025-10-26,jalochi,Baramati,0.0,32.3,48,7.9,0.0
2025-10-26,medad,Baramati,0.0,32.3,48,7.9,0.0
2025-10-26,nimbut,Baramati,0.0,32.3,48,7.9,0.0
2025-10-26,songaon,Baramati,0.0,32.3,48,7.9,0.0
2025-10-26,gunawadi,Baramati,0.0,32.3,48,7.9,0.0
2025-10-26,pandare,Baramati,0.0,32.3,48,7.9,0.0
2025-10-26,korhale,Baramati,0.0,32.3,48,7.9,0.0
2025-10-26,lasalgaon,Niphad,0.0,33.3,52,6.1,0.0
2025-10-26,pimpalgaon,Niphad,0.0,33.3,52,6.1,0.0
2025-10-26,vinchur,Niphad,0.0,33.3,52,6.1,0.0
2025-10-26,ozar,Niphad,0.0,33.3,52,6.1,0.0
2025-10-26,shendurni,Jamner,0.0,36.3,42,13.4,0.0
2025-10-26,pahur,Jamner,0.0,36.3,42,13.4,0.0
2025-10-26,neri,Jamner,0.0,36.3,42,13.4,0.0
2025-10-26,lohara,Jamner,0.0,36.3,42,13.4,0.0
2025-10-27,kanheri,Baramati,0.0,31.3,50,11.0,0.0
2025-10-27,jalochi,Baramati,0.0,31.3,50,11.0,0.0
2025-10-27,medad,Baramati,0.0,31.3,50,11.0,0.0
2025-10-27,nimbut,Baramati,0.0,31.3,50,11.0,0.0
2025-10-27,songaon,Baramati,0.0,31.3,50,11.0,0.0
2025-10-27,gunawadi,Baramati,0.0,31.3,50,11.0,0.0
2025-10-27,pandare,Baramati,0.0,31.3,50,11.0,0.0
2025-10-27,korhale,Baramati,0.0,31.3,50,11.0,0.0
2025-10-27,lasalgaon,Niphad,0.0,32.2,45,10.2,0.0
2025-10-27,pimpalgaon,Niphad,0.0,32.2,45,10.2,0.0
2025-10-27,vinchur,Niphad,0.0,32.2,45,10.2,0.0
2025-10-27,ozar,Niphad,0.0,32.2,45,10.2,0.0
2025-10-27,shendurni,Jamner,0.0,33.8,60,9.1,0.0
2025-10-27,pahur,Jamner,0.0,33.8,60,9.1,0.0
2025-10-27,neri,Jamner,0.0,33.8,60,9.1,0.0
2025-10-27,lohara,Jamner,0.0,33.8,60,9.1,0.0
2025-10-28,kanheri,Baramati,0.0,33.0,50,9.9,0.0
2025-10-28,jalochi,Baramati,0.0,33.0,50,9.9,0.0
2025-10-28,medad,Baramati,0.0,33.0,50,9.9,0.0
2025-10-28,nimbut,Baramati,0.0,33.0,50,9.9,0.0
2025-10-28,songaon,Baramati,0.0,33.0,50,9.9,0.0
2025-10-28,gunawadi,Baramati,0.0,33.0,50,9.9,0.0
2025-10-28,pandare,Baramati,0.0,33.0,50,9.9,0.0
2025-10-28,korhale,Baramati,0.0,33.0,50,9.9,0.0
2025-10-28,lasalgaon,Niphad,0.0,33.0,57,10.7,0.0
2025-10-28,pimpalgaon,Niphad,0.0,33.0,57,10.7,0.0
2025-10-28,vinchur,Niphad,0.0,33.0,57,10.7,0.0
2025-10-28,ozar,Niphad,0.0,33.0,57,10.7,0.0
2025-10-28,shendurni,Jamner,3.2,33.9,57,8.6,4.0
2025-10-28,pahur,Jamner,3.2,33.9,57,8.6,3.9
2025-10-28,neri,Jamner,3.2,33.9,57,8.6,2.4
2025-10-28,lohara,Jamner,3.2,33.9,57,8.6,2.3
2025-10-29,kanheri,Baramati,0.0,32.8,49,17.0,0.0
2025-10-29,jalochi,Baramati,0.0,32.8,49,17.0,0.0
2025-10-29,medad,Baramati,0.0,32.8,49,17.0,0.0
2025-10-29,nimbut,Baramati,0.0,32.8,49,17.0,0.0
2025-10-29,songaon,Baramati,0.0,32.8,49,17.0,0.0
2025-10-29,gunawadi,Baramati,0.0,32.8,49,17.0,0.0
2025-10-29,pandare,Baramati,0.0,32.8,49,17.0,0.0
2025-10-29,korhale,Baramati,0.0,32.8,49,17.0,0.0
2025-10-29,lasalgaon,Niphad,0.0,35.0,48,9.7,0.0
2025-10-29,pimpalgaon,Niphad,0.0,35.0,48,9.7,0.0
2025-10-29,vinchur,Niphad,0.0,35.0,48,9.7,0.0
2025-10-29,ozar,Niphad,0.0,35.0,48,9.7,0.0
2025-10-29,shendurni,Jamner,0.0,32.2,52,12.5,0.0
2025-10-29,pahur,Jamner,0.0,32.2,52,12.5,0.0
2025-10-29,neri,Jamner,0.0,32.2,52,12.5,0.0
2025-10-29,lohara,Jamner,0.0,32.2,52,12.5,0.0
2025-10-30,kanheri,Baramati,0.0,33.7,43,4.4,0.0
2025-10-30,jalochi,Baramati,0.0,33.7,43,4.4,0.0
2025-10-30,medad,Baramati,0.0,33.7,43,4.4,0.0
2025-10-30,nimbut,Baramati,0.0,33.7,43,4.4,0.0
2025-10-30,songaon,Baramati,0.0,33.7,43,4.4,0.0
2025-10-30,gunawadi,Baramati,0.0,33.7,43,4.4,0.0
2025-10-30,pandare,Baramati,0.0,33.7,43,4.4,0.0
2025-10-30,korhale,Baramati,0.0,33.7,43,4.4,0.0
2025-10-30,lasalgaon,Niphad,0.0,34.3,43,8.1,0.0
2025-10-30,pimpalgaon,Niphad,0.0,34.3,43,8.1,0.0
2025-10-30,vinchur,Niphad,0.0,34.3,43,8.1,0.0
2025-10-30,ozar,Niphad,0.0,34.3,43,8.1,0.0
2025-10-30,shendurni,Jamner,0.0,33.2,49,12.2,0.0
2025-10-30,pahur,Jamner,0.0,33.2,49,12.2,0.0
2025-10-30,neri,Jamner,0.0,33.2,49,12.2,0.0
2025-10-30,lohara,Jamner,0.0,33.2,49,12.2,0.0
2025-10-31,kanheri,Baramati,0.0,32.6,56,10.4,0.0
2025-10-31,jalochi,Baramati,0.0,32.6,56,10.4,0.0
2025-10-31,medad,Baramati,0.0,32.6,56,10.4,0.0
2025-10-31,nimbut,Baramati,0.0,32.6,56,10.4,0.0
2025-10-31,songaon,Baramati,0.0,32.6,56,10.4,0.0
2025-10-31,gunawadi,Baramati,0.0,32.6,56,10.4,0.0
2025-10-31,pandare,Baramati,0.0,32.6,56,10.4,0.0
2025-10-31,korhale,Baramati,0.0,32.6,56,10.4,0.0
2025-10-31,lasalgaon,Niphad,0.0,34.2,48,7.8,0.0
2025-10-31,pimpalgaon,Niphad,0.0,34.2,48,7.8,0.0
2025-10-31,vinchur,Niphad,0.0,34.2,48,7.8,0.0
2025-10-31,ozar,Niphad,0.0,34.2,48,7.8,0.0
2025-10-31,shendurni,Jamner,0.0,33.9,51,2.0,0.0
2025-10-31,pahur,Jamner,0.0,33.9,51,2.0,0.0
2025-10-31,neri,Jamner,0.0,33.9,51,2.0,0.0
2025-10-31,lohara,Jamner,0.0,33.9,51,2.0,0.0
2025-11-01,kanheri,Baramati,0.0,32.6,45,8.8,0.0
2025-11-01,jalochi,Baramati,0.0,32.6,45,8.8,0.0
2025-11-01,medad,Baramati,0.0,32.6,45,8.8,0.0
2025-11-01,nimbut,Baramati,0.0,32.6,45,8.8,0.0
2025-11-01,songaon,Baramati,0.0,32.6,45,8.8,0.0
2025-11-01,gunawadi,Baramati,0.0,32.6,45,8.8,0.0
2025-11-01,pandare,Baramati,0.0,32.6,45,8.8,0.0
2025-11-01,korhale,Baramati,0.0,32.6,45,8.8,0.0
2025-11-01,lasalgaon,Niphad,0.0,33.0,48,9.9,0.0
2025-11-01,pimpalgaon,Niphad,0.0,33.0,48,9.9,0.0
2025-11-01,vinchur,Niphad,0.0,33.0,48,9.9,0.0
2025-11-01,ozar,Niphad,0.0,33.0,48,9.9,0.0
2025-11-01,shendurni,Jamner,0.0,34.5,51,6.9,0.0
2025-11-01,pahur,Jamner,0.0,34.5,51,6.9,0.0
2025-11-01,neri,Jamner,0.0,34.5,51,6.9,0.0
2025-11-01,lohara,Jamner,0.0,34.5,51,6.9,0.0
2025-11-02,kanheri,Baramati,0.0,34.5,53,4.0,0.0
2025-11-02,jalochi,Baramati,0.0,34.5,53,4.0,0.0
2025-11-02,medad,Baramati,0.0,34.5,53,4.0,0.0
2025-11-02,nimbut,Baramati,0.0,34.5,53,4.0,0.0
2025-11-02,songaon,Baramati,0.0,34.5,53,4.0,0.0
2025-11-02,gunawadi,Baramati,0.0,34.5,53,4.0,0.0
2025-11-02,pandare,Baramati,0.0,34.5,53,4.0,0.0
2025-11-02,korhale,Baramati,0.0,34.5,53,4.0,0.0
2025-11-02,lasalgaon,Niphad,0.0,32.7,53,9.3,0.0
2025-11-02,pimpalgaon,Niphad,0.0,32.7,53,9.3,0.0
2025-11-02,vinchur,Niphad,0.0,32.7,53,9.3,0.0
2025-11-02,ozar,Niphad,0.0,32.7,53,9.3,0.0
2025-11-02,shendurni,Jamner,6.9,32.2,56,9.6,6.7
2025-11-02,pahur,Jamner,6.9,32.2,56,9.6,7.7
2025-11-02,neri,Jamner,6.9,32.2,56,9.6,6.0
2025-11-02,lohara,Jamner,6.9,32.2,56,9.6,6.3
2025-11-03,kanheri,Baramati,0.0,34.0,55,9.8,0.0
2025-11-03,jalochi,Baramati,0.0,34.0,55,9.8,0.0
2025-11-03,medad,Baramati,0.0,34.0,55,9.8,0.0
2025-11-03,nimbut,Baramati,0.0,34.0,55,9.8,0.0
2025-11-03,songaon,Baramati,0.0,34.0,55,9.8,0.0
2025-11-03,gunawadi,Baramati,0.0,34.0,55,9.8,0.0
2025-11-03,pandare,Baramati,0.0,34.0,55,9.8,0.0
2025-11-03,korhale,Baramati,0.0,34.0,55,9.8,0.0
2025-11-03,lasalgaon,Niphad,3.0,32.2,54,13.0,3.1
2025-11-03,pimpalgaon,Niphad,3.0,32.2,54,13.0,3.3
2025-11-03,vinchur,Niphad,3.0,32.2,54,13.0,2.9
2025-11-03,ozar,Niphad,3.0,32.2,54,13.0,3.5
2025-11-03,shendurni,Jamner,0.0,33.4,48,11.3,0.0
2025-11-03,pahur,Jamner,0.0,33.4,48,11.3,0.0
2025-11-03,neri,Jamner,0.0,33.4,48,11.3,0.0
2025-11-03,lohara,Jamner,0.0,33.4,48,11.3,0.0
2025-11-04,kanheri,Baramati,0.0,30.6,50,8.0,0.0
2025-11-04,jalochi,Baramati,0.0,30.6,50,8.0,0.0
2025-11-04,medad,Baramati,0.0,30.6,50,8.0,0.0
2025-11-04,nimbut,Baramati,0.0,30.6,50,8.0,0.0
2025-11-04,songaon,Baramati,0.0,30.6,50,8.0,0.0
2025-11-04,gunawadi,Baramati,0.0,30.6,50,8.0,0.0
2025-11-04,pandare,Baramati,0.0,30.6,50,8.0,0.0
2025-11-04,korhale,Baramati,0.0,30.6,50,8.0,0.0
2025-11-04,lasalgaon,Niphad,0.0,33.2,46,7.5,0.0
2025-11-04,pimpalgaon,Niphad,0.0,33.2,46,7.5,0.0
2025-11-04,vinchur,Niphad,0.0,33.2,46,7.5,0.0
2025-11-04,ozar,Niphad,0.0,33.2,46,7.5,0.0
2025-11-04,shendurni,Jamner,0.0,31.4,56,10.2,0.0
2025-11-04,pahur,Jamner,0.0,31.4,56,10.2,0.0
2025-11-04,neri,Jamner,0.0,31.4,56,10.2,0.0
2025-11-04,lohara,Jamner,0.0,31.4,56,10.2,0.0
2025-11-05,kanheri,Baramati,0.0,33.5,50,10.0,0.0
2025-11-05,jalochi,Baramati,0.0,33.5,50,10.0,0.0
2025-11-05,medad,Baramati,0.0,33.5,50,10.0,0.0
2025-11-05,nimbut,Baramati,0.0,33.5,50,10.0,0.0
2025-11-05,songaon,Baramati,0.0,33.5,50,10.0,0.0
2025-11-05,gunawadi,Baramati,0.0,33.5,50,10.0,0.0
2025-11-05,pandare,Baramati,0.0,33.5,50,10.0,0.0
2025-11-05,korhale,Baramati,0.0,33.5,50,10.0,0.0
2025-11-05,lasalgaon,Niphad,0.0,31.5,54,7.7,0.0
2025-11-05,pimpalgaon,Niphad,0.0,31.5,54,7.7,0.0
2025-11-05,vinchur,Niphad,0.0,31.5,54,7.7,0.0
2025-11-05,ozar,Niphad,0.0,31.5,54,7.7,0.0
2025-11-05,shendurni,Jamner,0.0,31.9,53,9.5,0.0
2025-11-05,pahur,Jamner,0.0,31.9,53,9.5,0.0
2025-11-05,neri,Jamner,0.0,31.9,53,9.5,0.0
2025-11-05,lohara,Jamner,0.0,31.9,53,9.5,0.0
2025-11-06,kanheri,Baramati,0.0,31.4,39,6.4,0.0
2025-11-06,jalochi,Baramati,0.0,31.4,39,6.4,0.0
2025-11-06,medad,Baramati,0.0,31.4,39,6.4,0.0
2025-11-06,nimbut,Baramati,0.0,31.4,39,6.4,0.0
2025-11-06,songaon,Baramati,0.0,31.4,39,6.4,0.0
2025-11-06,gunawadi,Baramati,0.0,31.4,39,6.4,0.0
2025-11-06,pandare,Baramati,0.0,31.4,39,6.4,0.0
2025-11-06,korhale,Baramati,0.0,31.4,39,6.4,0.0
2025-11-06,lasalgaon,Niphad,0.0,33.5,52,8.8,0.0
2025-11-06,pimpalgaon,Niphad,0.0,33.5,52,8.8,0.0
2025-11-06,vinchur,Niphad,0.0,33.5,52,8.8,0.0
2025-11-06,ozar,Niphad,0.0,33.5,52,8.8,0.0
2025-11-06,shendurni,Jamner,0.0,35.3,48,10.9,0.0
2025-11-06,pahur,Jamner,0.0,35.3,48,10.9,0.0
2025-11-06,neri,Jamner,0.0,35.3,48,10.9,0.0
2025-11-06,lohara,Jamner,0.0,35.3,48,10.9,0.0
2025-11-07,kanheri,Baramati,0.0,31.3,54,2.9,0.0
2025-11-07,jalochi,Baramati,0.0,31.3,54,2.9,0.0
2025-11-07,medad,Baramati,0.0,31.3,54,2.9,0.0
2025-11-07,nimbut,Baramati,0.0,31.3,54,2.9,0.0
2025-11-07,songaon,Baramati,0.0,31.3,54,2.9,0.0
2025-11-07,gunawadi,Baramati,0.0,31.3,54,2.9,0.0
2025-11-07,pandare,Baramati,0.0,31.3,54,2.9,0.0
2025-11-07,korhale,Baramati,0.0,31.3,54,2.9,0.0
2025-11-07,lasalgaon,Niphad,0.0,31.6,40,7.9,0.0
2025-11-07,pimpalgaon,Niphad,0.0,31.6,40,7.9,0.0
2025-11-07,vinchur,Niphad,0.0,31.6,40,7.9,0.0
2025-11-07,ozar,Niphad,0.0,31.6,40,7.9,0.0
2025-11-07,shendurni,Jamner,0.0,33.9,50,7.0,0.0
2025-11-07,pahur,Jamner,0.0,33.9,50,7.0,0.0
2025-11-07,neri,Jamner,0.0,33.9,50,7.0,0.0
2025-11-07,lohara,Jamner,0.0,33.9,50,7.0,0.0
2025-11-08,kanheri,Baramati,0.0,31.5,54,13.4,0.0
2025-11-08,jalochi,Baramati,0.0,31.5,54,13.4,0.0
2025-11-08,medad,Baramati,0.0,31.5,54,13.4,0.0
2025-11-08,nimbut,Baramati,0.0,31.5,54,13.4,0.0
2025-11-08,songaon,Baramati,0.0,31.5,54,13.4,0.0
2025-11-08,gunawadi,Baramati,0.0,31.5,54,13.4,0.0
2025-11-08,pandare,Baramati,0.0,31.5,54,13.4,0.0
2025-11-08,korhale,Baramati,0.0,31.5,54,13.4,0.0
2025-11-08,lasalgaon,Niphad,0.0,35.9,52,13.7,0.0
2025-11-08,pimpalgaon,Niphad,0.0,35.9,52,13.7,0.0
2025-11-08,vinchur,Niphad,0.0,35.9,52,13.7,0.0
2025-11-08,ozar,Niphad,0.0,35.9,52,13.7,0.0
2025-11-08,shendurni,Jamner,0.0,33.3,49,8.7,0.0
2025-11-08,pahur,Jamner,0.0,33.3,49,8.7,0.0
2025-11-08,neri,Jamner,0.0,33.3,49,8.7,0.0
2025-11-08,lohara,Jamner,0.0,33.3,49,8.7,0.0
2025-11-09,kanheri,Baramati,0.0,32.2,47,13.3,0.0
2025-11-09,jalochi,Baramati,0.0,32.2,47,13.3,0.0
2025-11-09,medad,Baramati,0.0,32.2,47,13.3,0.0
2025-11-09,nimbut,Baramati,0.0,32.2,47,13.3,0.0
2025-11-09,songaon,Baramati,0.0,32.2,47,13.3,0.0
2025-11-09,gunawadi,Baramati,0.0,32.2,47,13.3,0.0
2025-11-09,pandare,Baramati,0.0,32.2,47,13.3,0.0
2025-11-09,korhale,Baramati,0.0,32.2,47,13.3,0.0
2025-11-09,lasalgaon,Niphad,0.0,33.9,54,4.6,0.0
2025-11-09,pimpalgaon,Niphad,0.0,33.9,54,4.6,0.0
2025-11-09,vinchur,Niphad,0.0,33.9,54,4.6,0.0
2025-11-09,ozar,Niphad,0.0,33.9,54,4.6,0.0
2025-11-09,shendurni,Jamner,0.0,33.8,50,9.2,0.0
2025-11-09,pahur,Jamner,0.0,33.8,50,9.2,0.0
2025-11-09,neri,Jamner,0.0,33.8,50,9.2,0.0
2025-11-09,lohara,Jamner,0.0,33.8,50,9.2,0.0
2025-11-10,kanheri,Baramati,0.0,31.5,52,7.8,0.0
2025-11-10,jalochi,Baramati,0.0,31.5,52,7.8,0.0
2025-11-10,medad,Baramati,0.0,31.5,52,7.8,0.0
2025-11-10,nimbut,Baramati,0.0,31.5,52,7.8,0.0
2025-11-10,songaon,Baramati,0.0,31.5,52,7.8,0.0
2025-11-10,gunawadi,Baramati,0.0,31.5,52,7.8,0.0
2025-11-10,pandare,Baramati,0.0,31.5,52,7.8,0.0
2025-11-10,korhale,Baramati,0.0,31.5,52,7.8,0.0
2025-11-10,lasalgaon,Niphad,0.0,33.6,52,9.0,0.0
2025-11-10,pimpalgaon,Niphad,0.0,33.6,52,9.0,0.0
2025-11-10,vinchur,Niphad,0.0,33.6,52,9.0,0.0
2025-11-10,ozar,Niphad,0.0,33.6,52,9.0,0.0
2025-11-10,shendurni,Jamner,0.0,33.9,49,11.5,0.0
2025-11-10,pahur,Jamner,0.0,33.9,49,11.5,0.0
2025-11-10,neri,Jamner,0.0,33.9,49,11.5,0.0
2025-11-10,lohara,Jamner,0.0,33.9,49,11.5,0.0
2025-11-11,kanheri,Baramati,0.0,34.0,40,6.9,0.0
2025-11-11,jalochi,Baramati,0.0,34.0,40,6.9,0.0
2025-11-11,medad,Baramati,0.0,34.0,40,6.9,0.0
2025-11-11,nimbut,Baramati,0.0,34.0,40,6.9,0.0
2025-11-11,songaon,Baramati,0.0,34.0,40,6.9,0.0
2025-11-11,gunawadi,Baramati,0.0,34.0,40,6.9,0.0
2025-11-11,pandare,Baramati,0.0,34.0,40,6.9,0.0
2025-11-11,korhale,Baramati,0.0,34.0,40,6.9,0.0
2025-11-11,lasalgaon,Niphad,0.0,33.8,53,12.0,0.0
2025-11-11,pimpalgaon,Niphad,0.0,33.8,53,12.0,0.0
2025-11-11,vinchur,Niphad,0.0,33.8,53,12.0,0.0
2025-11-11,ozar,Niphad,0.0,33.8,53,12.0,0.0
2025-11-11,shendurni,Jamner,0.0,34.3,52,6.3,0.0
2025-11-11,pahur,Jamner,0.0,34.3,52,6.3,0.0
2025-11-11,neri,Jamner,0.0,34.3,52,6.3,0.0
2025-11-11,lohara,Jamner,0.0,34.3,52,6.3,0.0
2025-11-12,kanheri,Baramati,0.0,33.0,51,13.0,0.0
2025-11-12,jalochi,Baramati,0.0,33.0,51,13.0,0.0
2025-11-12,medad,Baramati,0.0,33.0,51,13.0,0.0
2025-11-12,nimbut,Baramati,0.0,33.0,51,13.0,0.0
2025-11-12,songaon,Baramati,0.0,33.0,51,13.0,0.0
2025-11-12,gunawadi,Baramati,0.0,33.0,51,13.0,0.0
2025-11-12,pandare,Baramati,0.0,33.0,51,13.0,0.0
2025-11-12,korhale,Baramati,0.0,33.0,51,13.0,0.0
2025-11-12,lasalgaon,Niphad,0.0,32.5,50,6.7,0.0
2025-11-12,pimpalgaon,Niphad,0.0,32.5,50,6.7,0.0
2025-11-12,vinchur,Niphad,0.0,32.5,50,6.7,0.0
2025-11-12,ozar,Niphad,0.0,32.5,50,6.7,0.0
2025-11-12,shendurni,Jamner,0.0,32.6,53,13.9,0.0
2025-11-12,pahur,Jamner,0.0,32.6,53,13.9,0.0
2025-11-12,neri,Jamner,0.0,32.6,53,13.9,0.0
2025-11-12,lohara,Jamner,0.0,32.6,53,13.9,0.0
2025-11-13,kanheri,Baramati,0.0,33.7,56,2.0,0.0
2025-11-13,jalochi,Baramati,0.0,33.7,56,2.0,0.0
2025-11-13,medad,Baramati,0.0,33.7,56,2.0,0.0
2025-11-13,nimbut,Baramati,0.0,33.7,56,2.0,0.0
2025-11-13,songaon,Baramati,0.0,33.7,56,2.0,0.0
2025-11-13,gunawadi,Baramati,0.0,33.7,56,2.0,0.0
2025-11-13,pandare,Baramati,0.0,33.7,56,2.0,0.0
2025-11-13,korhale,Baramati,0.0,33.7,56,2.0,0.0
2025-11-13,lasalgaon,Niphad,0.0,32.9,53,9.3,0.0
2025-11-13,pimpalgaon,Niphad,0.0,32.9,53,9.3,0.0
2025-11-13,vinchur,Niphad,0.0,32.9,53,9.3,0.0
2025-11-13,ozar,Niphad,0.0,32.9,53,9.3,0.0
2025-11-13,shendurni,Jamner,0.0,32.4,51,4.7,0.0
2025-11-13,pahur,Jamner,0.0,32.4,51,4.7,0.0
2025-11-13,neri,Jamner,0.0,32.4,51,4.7,0.0
2025-11-13,lohara,Jamner,0.0,32.4,51,4.7,0.0
2025-11-14,kanheri,Baramati,0.0,31.3,50,8.3,0.0
2025-11-14,jalochi,Baramati,0.0,31.3,50,8.3,0.0
2025-11-14,medad,Baramati,0.0,31.3,50,8.3,0.0
2025-11-14,nimbut,Baramati,0.0,31.3,50,8.3,0.0
2025-11-14,songaon,Baramati,0.0,31.3,50,8.3,0.0
2025-11-14,gunawadi,Baramati,0.0,31.3,50,8.3,0.0
2025-11-14,pandare,Baramati,0.0,31.3,50,8.3,0.0
2025-11-14,korhale,Baramati,0.0,31.3,50,8.3,0.0
2025-11-14,lasalgaon,Niphad,0.0,33.8,47,9.4,0.0
2025-11-14,pimpalgaon,Niphad,0.0,33.8,47,9.4,0.0
2025-11-14,vinchur,Niphad,0.0,33.8,47,9.4,0.0
2025-11-14,ozar,Niphad,0.0,33.8,47,9.4,0.0
2025-11-14,shendurni,Jamner,0.0,33.4,54,7.2,0.0
2025-11-14,pahur,Jamner,0.0,33.4,54,7.2,0.0
2025-11-14,neri,Jamner,0.0,33.4,54,7.2,0.0
2025-11-14,lohara,Jamner,0.0,33.4,54,7.2,0.0
2025-11-15,kanheri,Baramati,10.8,31.5,50,5.7,8.9
2025-11-15,jalochi,Baramati,10.8,31.5,50,5.7,9.3
2025-11-15,medad,Baramati,10.8,31.5,50,5.7,10.8
2025-11-15,nimbut,Baramati,10.8,31.5,50,5.7,11.4
2025-11-15,songaon,Baramati,10.8,31.5,50,5.7,8.7
2025-11-15,gunawadi,Baramati,10.8,31.5,50,5.7,12.7
2025-11-15,pandare,Baramati,10.8,31.5,50,5.7,11.5
2025-11-15,korhale,Baramati,10.8,31.5,50,5.7,12.5
2025-11-15,lasalgaon,Niphad,0.0,33.9,45,12.9,0.0
2025-11-15,pimpalgaon,Niphad,0.0,33.9,45,12.9,0.0
2025-11-15,vinchur,Niphad,0.0,33.9,45,12.9,0.0
2025-11-15,ozar,Niphad,0.0,33.9,45,12.9,0.0
2025-11-15,shendurni,Jamner,0.0,34.4,46,6.0,0.0
2025-11-15,pahur,Jamner,0.0,34.4,46,6.0,0.0
2025-11-15,neri,Jamner,0.0,34.4,46,6.0,0.0
2025-11-15,lohara,Jamner,0.0,34.4,46,6.0,0.0
2025-11-16,kanheri,Baramati,0.0,32.3,47,6.1,0.0
2025-11-16,jalochi,Baramati,0.0,32.3,47,6.1,0.0
2025-11-16,medad,Baramati,0.0,32.3,47,6.1,0.0
2025-11-16,nimbut,Baramati,0.0,32.3,47,6.1,0.0
2025-11-16,songaon,Baramati,0.0,32.3,47,6.1,0.0
2025-11-16,gunawadi,Baramati,0.0,32.3,47,6.1,0.0
2025-11-16,pandare,Baramati,0.0,32.3,47,6.1,0.0
2025-11-16,korhale,Baramati,0.0,32.3,47,6.1,0.0
2025-11-16,lasalgaon,Niphad,0.0,32.6,50,2.6,0.0
2025-11-16,pimpalgaon,Niphad,0.0,32.6,50,2.6,0.0
2025-11-16,vinchur,Niphad,0.0,32.6,50,2.6,0.0
2025-11-16,ozar,Niphad,0.0,32.6,50,2.6,0.0
2025-11-16,shendurni,Jamner,0.0,33.4,50,8.9,0.0
2025-11-16,pahur,Jamner,0.0,33.4,50,8.9,0.0
2025-11-16,neri,Jamner,0.0,33.4,50,8.9,0.0
2025-11-16,lohara,Jamner,0.0,33.4,50,8.9,0.0
2025-11-17,kanheri,Baramati,0.0,34.3,53,5.3,0.0
2025-11-17,jalochi,Baramati,0.0,34.3,53,5.3,0.0
2025-11-17,medad,Baramati,0.0,34.3,53,5.3,0.0
2025-11-17,nimbut,Baramati,0.0,34.3,53,5.3,0.0
2025-11-17,songaon,Baramati,0.0,34.3,53,5.3,0.0
2025-11-17,gunawadi,Baramati,0.0,34.3,53,5.3,0.0
2025-11-17,pandare,Baramati,0.0,34.3,53,5.3,0.0
2025-11-17,korhale,Baramati,0.0,34.3,53,5.3,0.0
2025-11-17,lasalgaon,Niphad,0.0,30.9,52,4.7,0.0
2025-11-17,pimpalgaon,Niphad,0.0,30.9,52,4.7,0.0
2025-11-17,vinchur,Niphad,0.0,30.9,52,4.7,0.0
2025-11-17,ozar,Niphad,0.0,30.9,52,4.7,0.0
2025-11-17,shendurni,Jamner,0.0,32.2,51,12.9,0.0
2025-11-17,pahur,Jamner,0.0,32.2,51,12.9,0.0
2025-11-17,neri,Jamner,0.0,32.2,51,12.9,0.0
2025-11-17,lohara,Jamner,0.0,32.2,51,12.9,0.0
2025-11-18,kanheri,Baramati,0.0,34.2,51,8.8,0.0
2025-11-18,jalochi,Baramati,0.0,34.2,51,8.8,0.0
2025-11-18,medad,Baramati,0.0,34.2,51,8.8,0.0
2025-11-18,nimbut,Baramati,0.0,34.2,51,8.8,0.0
2025-11-18,songaon,Baramati,0.0,34.2,51,8.8,0.0
2025-11-18,gunawadi,Baramati,0.0,34.2,51,8.8,0.0
2025-11-18,pandare,Baramati,0.0,34.2,51,8.8,0.0
2025-11-18,korhale,Baramati,0.0,34.2,51,8.8,0.0
2025-11-18,lasalgaon,Niphad,0.0,32.9,55,2.1,0.0
2025-11-18,pimpalgaon,Niphad,0.0,32.9,55,2.1,0.0
2025-11-18,vinchur,Niphad,0.0,32.9,55,2.1,0.0
2025-11-18,ozar,Niphad,0.0,32.9,55,2.1,0.0
2025-11-18,shendurni,Jamner,0.0,32.9,53,7.3,0.0
2025-11-18,pahur,Jamner,0.0,32.9,53,7.3,0.0
2025-11-18,neri,Jamner,0.0,32.9,53,7.3,0.0
2025-11-18,lohara,Jamner,0.0,32.9,53,7.3,0.0
2025-11-19,kanheri,Baramati,0.0,32.9,48,13.9,0.0
2025-11-19,jalochi,Baramati,0.0,32.9,48,13.9,0.0
2025-11-19,medad,Baramati,0.0,32.9,48,13.9,0.0
2025-11-19,nimbut,Baramati,0.0,32.9,48,13.9,0.0
2025-11-19,songaon,Baramati,0.0,32.9,48,13.9,0.0
2025-11-19,gunawadi,Baramati,0.0,32.9,48,13.9,0.0
2025-11-19,pandare,Baramati,0.0,32.9,48,13.9,0.0
2025-11-19,korhale,Baramati,0.0,32.9,48,13.9,0.0
2025-11-19,lasalgaon,Niphad,0.0,32.4,50,8.4,0.0
2025-11-19,pimpalgaon,Niphad,0.0,32.4,50,8.4,0.0
2025-11-19,vinchur,Niphad,0.0,32.4,50,8.4,0.0
2025-11-19,ozar,Niphad,0.0,32.4,50,8.4,0.0
2025-11-19,shendurni,Jamner,0.0,32.5,50,10.9,0.0
2025-11-19,pahur,Jamner,0.0,32.5,50,10.9,0.0
2025-11-19,neri,Jamner,0.0,32.5,50,10.9,0.0
2025-11-19,lohara,Jamner,0.0,32.5,50,10.9,0.0
2025-11-20,kanheri,Baramati,0.0,33.1,56,6.8,0.0
2025-11-20,jalochi,Baramati,0.0,33.1,56,6.8,0.0
2025-11-20,medad,Baramati,0.0,33.1,56,6.8,0.0
2025-11-20,nimbut,Baramati,0.0,33.1,56,6.8,0.0
2025-11-20,songaon,Baramati,0.0,33.1,56,6.8,0.0
2025-11-20,gunawadi,Baramati,0.0,33.1,56,6.8,0.0
2025-11-20,pandare,Baramati,0.0,33.1,56,6.8,0.0
2025-11-20,korhale,Baramati,0.0,33.1,56,6.8,0.0
2025-11-20,lasalgaon,Niphad,0.0,34.7,52,11.6,0.0
2025-11-20,pimpalgaon,Niphad,0.0,34.7,52,11.6,0.0
2025-11-20,vinchur,Niphad,0.0,34.7,52,11.6,0.0
2025-11-20,ozar,Niphad,0.0,34.7,52,11.6,0.0
2025-11-20,shendurni,Jamner,0.0,34.1,55,15.1,0.0
2025-11-20,pahur,Jamner,0.0,34.1,55,15.1,0.0
2025-11-20,neri,Jamner,0.0,34.1,55,15.1,0.0
2025-11-20,lohara,Jamner,0.0,34.1,55,15.1,0.0
2025-11-21,kanheri,Baramati,0.0,33.1,48,7.3,0.0
2025-11-21,jalochi,Baramati,0.0,33.1,48,7.3,0.0
2025-11-21,medad,Baramati,0.0,33.1,48,7.3,0.0
2025-11-21,nimbut,Baramati,0.0,33.1,48,7.3,0.0
2025-11-21,songaon,Baramati,0.0,33.1,48,7.3,0.0
2025-11-21,gunawadi,Baramati,0.0,33.1,48,7.3,0.0
2025-11-21,pandare,Baramati,0.0,33.1,48,7.3,0.0
2025-11-21,korhale,Baramati,0.0,33.1,48,7.3,0.0
2025-11-21,lasalgaon,Niphad,0.0,32.1,59,8.7,0.0
2025-11-21,pimpalgaon,Niphad,0.0,32.1,59,8.7,0.0
2025-11-21,vinchur,Niphad,0.0,32.1,59,8.7,0.0
2025-11-21,ozar,Niphad,0.0,32.1,59,8.7,0.0
2025-11-21,shendurni,Jamner,0.0,30.4,51,11.3,0.0
2025-11-21,pahur,Jamner,0.0,30.4,51,11.3,0.0
2025-11-21,neri,Jamner,0.0,30.4,51,11.3,0.0
2025-11-21,lohara,Jamner,0.0,30.4,51,11.3,0.0
2025-11-22,kanheri,Baramati,0.0,31.7,50,7.6,0.0
2025-11-22,jalochi,Baramati,0.0,31.7,50,7.6,0.0
2025-11-22,medad,Baramati,0.0,31.7,50,7.6,0.0
2025-11-22,nimbut,Baramati,0.0,31.7,50,7.6,0.0
2025-11-22,songaon,Baramati,0.0,31.7,50,7.6,0.0
2025-11-22,gunawadi,Baramati,0.0,31.7,50,7.6,0.0
2025-11-22,pandare,Baramati,0.0,31.7,50,7.6,0.0
2025-11-22,korhale,Baramati,0.0,31.7,50,7.6,0.0
2025-11-22,lasalgaon,Niphad,0.0,31.3,48,11.5,0.0
2025-11-22,pimpalgaon,Niphad,0.0,31.3,48,11.5,0.0
2025-11-22,vinchur,Niphad,0.0,31.3,48,11.5,0.0
2025-11-22,ozar,Niphad,0.0,31.3,48,11.5,0.0
2025-11-22,shendurni,Jamner,4.6,31.0,51,9.0,4.1
2025-11-22,pahur,Jamner,4.6,31.0,51,9.0,4.3
2025-11-22,neri,Jamner,4.6,31.0,51,9.0,3.9
2025-11-22,lohara,Jamner,4.6,31.0,51,9.0,3.7
2025-11-23,kanheri,Baramati,0.0,32.6,49,13.5,0.0
2025-11-23,jalochi,Baramati,0.0,32.6,49,13.5,0.0
2025-11-23,medad,Baramati,0.0,32.6,49,13.5,0.0
2025-11-23,nimbut,Baramati,0.0,32.6,49,13.5,0.0
2025-11-23,songaon,Baramati,0.0,32.6,49,13.5,0.0
2025-11-23,gunawadi,Baramati,0.0,32.6,49,13.5,0.0
2025-11-23,pandare,Baramati,0.0,32.6,49,13.5,0.0
2025-11-23,korhale,Baramati,0.0,32.6,49,13.5,0.0
2025-11-23,lasalgaon,Niphad,0.0,33.5,48,10.8,0.0
2025-11-23,pimpalgaon,Niphad,0.0,33.5,48,10.8,0.0
2025-11-23,vinchur,Niphad,0.0,33.5,48,10.8,0.0
2025-11-23,ozar,Niphad,0.0,33.5,48,10.8,0.0
2025-11-23,shendurni,Jamner,0.0,32.0,54,11.7,0.0
2025-11-23,pahur,Jamner,0.0,32.0,54,11.7,0.0
2025-11-23,neri,Jamner,0.0,32.0,54,11.7,0.0
2025-11-23,lohara,Jamner,0.0,32.0,54,11.7,0.0
2025-11-24,kanheri,Baramati,0.0,33.2,55,9.9,0.0
2025-11-24,jalochi,Baramati,0.0,33.2,55,9.9,0.0
2025-11-24,medad,Baramati,0.0,33.2,55,9.9,0.0
2025-11-24,nimbut,Baramati,0.0,33.2,55,9.9,0.0
2025-11-24,songaon,Baramati,0.0,33.2,55,9.9,0.0
2025-11-24,gunawadi,Baramati,0.0,33.2,55,9.9,0.0
2025-11-24,pandare,Baramati,0.0,33.2,55,9.9,0.0
2025-11-24,korhale,Baramati,0.0,33.2,55,9.9,0.0
2025-11-24,lasalgaon,Niphad,0.0,33.3,51,9.8,0.0
2025-11-24,pimpalgaon,Niphad,0.0,33.3,51,9.8,0.0
2025-11-24,vinchur,Niphad,0.0,33.3,51,9.8,0.0
2025-11-24,ozar,Niphad,0.0,33.3,51,9.8,0.0
2025-11-24,shendurni,Jamner,0.0,33.0,53,8.5,0.0
2025-11-24,pahur,Jamner,0.0,33.0,53,8.5,0.0
2025-11-24,neri,Jamner,0.0,33.0,53,8.5,0.0
2025-11-24,lohara,Jamner,0.0,33.0,53,8.5,0.0
2025-11-25,kanheri,Baramati,0.0,32.4,56,8.7,0.0
2025-11-25,jalochi,Baramati,0.0,32.4,56,8.7,0.0
2025-11-25,medad,Baramati,0.0,32.4,56,8.7,0.0
2025-11-25,nimbut,Baramati,0.0,32.4,56,8.7,0.0
2025-11-25,songaon,Baramati,0.0,32.4,56,8.7,0.0
2025-11-25,gunawadi,Baramati,0.0,32.4,56,8.7,0.0
2025-11-25,pandare,Baramati,0.0,32.4,56,8.7,0.0
2025-11-25,korhale,Baramati,0.0,32.4,56,8.7,0.0
2025-11-25,lasalgaon,Niphad,0.0,34.7,52,14.7,0.0
2025-11-25,pimpalgaon,Niphad,0.0,34.7,52,14.7,0.0
2025-11-25,vinchur,Niphad,0.0,34.7,52,14.7,0.0
2025-11-25,ozar,Niphad,0.0,34.7,52,14.7,0.0
2025-11-25,shendurni,Jamner,0.0,31.8,49,14.2,0.0
2025-11-25,pahur,Jamner,0.0,31.8,49,14.2,0.0
2025-11-25,neri,Jamner,0.0,31.8,49,14.2,0.0
2025-11-25,lohara,Jamner,0.0,31.8,49,14.2,0.0
2025-11-26,kanheri,Baramati,0.0,33.9,46,13.4,0.0
2025-11-26,jalochi,Baramati,0.0,33.9,46,13.4,0.0
2025-11-26,medad,Baramati,0.0,33.9,46,13.4,0.0
2025-11-26,nimbut,Baramati,0.0,33.9,46,13.4,0.0
2025-11-26,songaon,Baramati,0.0,33.9,46,13.4,0.0
2025-11-26,gunawadi,Baramati,0.0,33.9,46,13.4,0.0
2025-11-26,pandare,Baramati,0.0,33.9,46,13.4,0.0
2025-11-26,korhale,Baramati,0.0,33.9,46,13.4,0.0
2025-11-26,lasalgaon,Niphad,0.0,33.4,51,16.4,0.0
2025-11-26,pimpalgaon,Niphad,0.0,33.4,51,16.4,0.0
2025-11-26,vinchur,Niphad,0.0,33.4,51,16.4,0.0
2025-11-26,ozar,Niphad,0.0,33.4,51,16.4,0.0
2025-11-26,shendurni,Jamner,0.0,32.6,54,11.1,0.0
2025-11-26,pahur,Jamner,0.0,32.6,54,11.1,0.0
2025-11-26,neri,Jamner,0.0,32.6,54,11.1,0.0
2025-11-26,lohara,Jamner,0.0,32.6,54,11.1,0.0
2025-11-27,kanheri,Baramati,0.0,34.5,49,8.8,0.0
2025-11-27,jalochi,Baramati,0.0,34.5,49,8.8,0.0
2025-11-27,medad,Baramati,0.0,34.5,49,8.8,0.0
2025-11-27,nimbut,Baramati,0.0,34.5,49,8.8,0.0
2025-11-27,songaon,Baramati,0.0,34.5,49,8.8,0.0
2025-11-27,gunawadi,Baramati,0.0,34.5,49,8.8,0.0
2025-11-27,pandare,Baramati,0.0,34.5,49,8.8,0.0
2025-11-27,korhale,Baramati,0.0,34.5,49,8.8,0.0
2025-11-27,lasalgaon,Niphad,0.0,35.5,51,9.2,0.0
2025-11-27,pimpalgaon,Niphad,0.0,35.5,51,9.2,0.0
2025-11-27,vinchur,Niphad,0.0,35.5,51,9.2,0.0
2025-11-27,ozar,Niphad,0.0,35.5,51,9.2,0.0
2025-11-27,shendurni,Jamner,0.0,31.8,49,6.0,0.0
2025-11-27,pahur,Jamner,0.0,31.8,49,6.0,0.0
2025-11-27,neri,Jamner,0.0,31.8,49,6.0,0.0
2025-11-27,lohara,Jamner,0.0,31.8,49,6.0,0.0
2025-11-28,kanheri,Baramati,0.0,31.6,54,12.2,0.0
2025-11-28,jalochi,Baramati,0.0,31.6,54,12.2,0.0
2025-11-28,medad,Baramati,0.0,31.6,54,12.2,0.0
2025-11-28,nimbut,Baramati,0.0,31.6,54,12.2,0.0
2025-11-28,songaon,Baramati,0.0,31.6,54,12.2,0.0
2025-11-28,gunawadi,Baramati,0.0,31.6,54,12.2,0.0
2025-11-28,pandare,Baramati,0.0,31.6,54,12.2,0.0
2025-11-28,korhale,Baramati,0.0,31.6,54,12.2,0.0
2025-11-28,lasalgaon,Niphad,0.0,33.2,52,8.4,0.0
2025-11-28,pimpalgaon,Niphad,0.0,33.2,52,8.4,0.0
2025-11-28,vinchur,Niphad,0.0,33.2,52,8.4,0.0
2025-11-28,ozar,Niphad,0.0,33.2,52,8.4,0.0
2025-11-28,shendurni,Jamner,0.0,32.6,47,2.0,0.0
2025-11-28,pahur,Jamner,0.0,32.6,47,2.0,0.0
2025-11-28,neri,Jamner,0.0,32.6,47,2.0,0.0
2025-11-28,lohara,Jamner,0.0,32.6,47,2.0,0.0
2025-11-29,kanheri,Baramati,0.0,32.5,45,5.8,0.0
2025-11-29,jalochi,Baramati,0.0,32.5,45,5.8,0.0
2025-11-29,medad,Baramati,0.0,32.5,45,5.8,0.0
2025-11-29,nimbut,Baramati,0.0,32.5,45,5.8,0.0
2025-11-29,songaon,Baramati,0.0,32.5,45,5.8,0.0
2025-11-29,gunawadi,Baramati,0.0,32.5,45,5.8,0.0
2025-11-29,pandare,Baramati,0.0,32.5,45,5.8,0.0
2025-11-29,korhale,Baramati,0.0,32.5,45,5.8,0.0
2025-11-29,lasalgaon,Niphad,0.0,33.3,52,10.6,0.0
2025-11-29,pimpalgaon,Niphad,0.0,33.3,52,10.6,0.0
2025-11-29,vinchur,Niphad,0.0,33.3,52,10.6,0.0
2025-11-29,ozar,Niphad,0.0,33.3,52,10.6,0.0
2025-11-29,shendurni,Jamner,0.0,33.4,57,9.9,0.0
2025-11-29,pahur,Jamner,0.0,33.4,57,9.9,0.0
2025-11-29,neri,Jamner,0.0,33.4,57,9.9,0.0
2025-11-29,lohara,Jamner,0.0,33.4,57,9.9,0.0
2025-11-30,kanheri,Baramati,0.0,31.7,48,10.5,0.0
2025-11-30,jalochi,Baramati,0.0,31.7,48,10.5,0.0
2025-11-30,medad,Baramati,0.0,31.7,48,10.5,0.0
2025-11-30,nimbut,Baramati,0.0,31.7,48,10.5,0.0
2025-11-30,songaon,Baramati,0.0,31.7,48,10.5,0.0
2025-11-30,gunawadi,Baramati,0.0,31.7,48,10.5,0.0
2025-11-30,pandare,Baramati,0.0,31.7,48,10.5,0.0
2025-11-30,korhale,Baramati,0.0,31.7,48,10.5,0.0
2025-11-30,lasalgaon,Niphad,0.0,32.2,47,6.0,0.0
2025-11-30,pimpalgaon,Niphad,0.0,32.2,47,6.0,0.0
2025-11-30,vinchur,Niphad,0.0,32.2,47,6.0,0.0
2025-11-30,ozar,Niphad,0.0,32.2,47,6.0,0.0
2025-11-30,shendurni,Jamner,0.0,33.4,56,8.6,0.0
2025-11-30,pahur,Jamner,0.0,33.4,56,8.6,0.0
2025-11-30,neri,Jamner,0.0,33.4,56,8.6,0.0
2025-11-30,lohara,Jamner,0.0,33.4,56,8.6,0.0
2025-12-01,kanheri,Baramati,0.0,32.4,51,11.4,0.0
2025-12-01,jalochi,Baramati,0.0,32.4,51,11.4,0.0
2025-12-01,medad,Baramati,0.0,32.4,51,11.4,0.0
2025-12-01,nimbut,Baramati,0.0,32.4,51,11.4,0.0
2025-12-01,songaon,Baramati,0.0,32.4,51,11.4,0.0
2025-12-01,gunawadi,Baramati,0.0,32.4,51,11.4,0.0
2025-12-01,pandare,Baramati,0.0,32.4,51,11.4,0.0
2025-12-01,korhale,Baramati,0.0,32.4,51,11.4,0.0
2025-12-01,lasalgaon,Niphad,0.0,33.7,50,5.6,0.0
2025-12-01,pimpalgaon,Niphad,0.0,33.7,50,5.6,0.0
2025-12-01,vinchur,Niphad,0.0,33.7,50,5.6,0.0
2025-12-01,ozar,Niphad,0.0,33.7,50,5.6,0.0
2025-12-01,shendurni,Jamner,0.0,32.1,48,15.5,0.0
2025-12-01,pahur,Jamner,0.0,32.1,48,15.5,0.0
2025-12-01,neri,Jamner,0.0,32.1,48,15.5,0.0
2025-12-01,lohara,Jamner,0.0,32.1,48,15.5,0.0
2025-12-02,kanheri,Baramati,0.0,32.6,45,5.8,0.0
2025-12-02,jalochi,Baramati,0.0,32.6,45,5.8,0.0
2025-12-02,medad,Baramati,0.0,32.6,45,5.8,0.0
2025-12-02,nimbut,Baramati,0.0,32.6,45,5.8,0.0
2025-12-02,songaon,Baramati,0.0,32.6,45,5.8,0.0
2025-12-02,gunawadi,Baramati,0.0,32.6,45,5.8,0.0
2025-12-02,pandare,Baramati,0.0,32.6,45,5.8,0.0
2025-12-02,korhale,Baramati,0.0,32.6,45,5.8,0.0
2025-12-02,lasalgaon,Niphad,3.0,33.5,45,13.9,2.6
2025-12-02,pimpalgaon,Niphad,3.0,33.5,45,13.9,3.4
2025-12-02,vinchur,Niphad,3.0,33.5,45,13.9,3.6
2025-12-02,ozar,Niphad,3.0,33.5,45,13.9,4.0
2025-12-02,shendurni,Jamner,2.3,32.2,55,2.0,2.9
2025-12-02,pahur,Jamner,2.3,32.2,55,2.0,3.5
2025-12-02,neri,Jamner,2.3,32.2,55,2.0,1.6
2025-12-02,lohara,Jamner,2.3,32.2,55,2.0,2.0
2025-12-03,kanheri,Baramati,0.0,30.9,52,9.4,0.0
2025-12-03,jalochi,Baramati,0.0,30.9,52,9.4,0.0
2025-12-03,medad,Baramati,0.0,30.9,52,9.4,0.0
2025-12-03,nimbut,Baramati,0.0,30.9,52,9.4,0.0
2025-12-03,songaon,Baramati,0.0,30.9,52,9.4,0.0
2025-12-03,gunawadi,Baramati,0.0,30.9,52,9.4,0.0
2025-12-03,pandare,Baramati,0.0,30.9,52,9.4,0.0
2025-12-03,korhale,Baramati,0.0,30.9,52,9.4,0.0
2025-12-03,lasalgaon,Niphad,0.0,32.2,58,6.1,0.0
2025-12-03,pimpalgaon,Niphad,0.0,32.2,58,6.1,0.0
2025-12-03,vinchur,Niphad,0.0,32.2,58,6.1,0.0
2025-12-03,ozar,Niphad,0.0,32.2,58,6.1,0.0
2025-12-03,shendurni,Jamner,0.0,32.1,59,11.0,0.0
2025-12-03,pahur,Jamner,0.0,32.1,59,11.0,0.0
2025-12-03,neri,Jamner,0.0,32.1,59,11.0,0.0
2025-12-03,lohara,Jamner,0.0,32.1,59,11.0,0.0
2025-12-04,kanheri,Baramati,1.8,34.7,48,2.0,1.7
2025-12-04,jalochi,Baramati,1.8,34.7,48,2.0,1.5
2025-12-04,medad,Baramati,1.8,34.7,48,2.0,2.1
2025-12-04,nimbut,Baramati,1.8,34.7,48,2.0,1.9
2025-12-04,songaon,Baramati,1.8,34.7,48,2.0,1.2
2025-12-04,gunawadi,Baramati,1.8,34.7,48,2.0,1.5
2025-12-04,pandare,Baramati,1.8,34.7,48,2.0,1.6
2025-12-04,korhale,Baramati,1.8,34.7,48,2.0,2.0
2025-12-04,lasalgaon,Niphad,0.0,34.1,47,5.6,0.0
2025-12-04,pimpalgaon,Niphad,0.0,34.1,47,5.6,0.0
2025-12-04,vinchur,Niphad,0.0,34.1,47,5.6,0.0
2025-12-04,ozar,Niphad,0.0,34.1,47,5.6,0.0
2025-12-04,shendurni,Jamner,2.3,32.1,47,9.3,2.4
2025-12-04,pahur,Jamner,2.3,32.1,47,9.3,2.2
2025-12-04,neri,Jamner,2.3,32.1,47,9.3,1.9
2025-12-04,lohara,Jamner,2.3,32.1,47,9.3,1.6
2025-12-05,kanheri,Baramati,0.0,32.9,56,4.9,0.0
2025-12-05,jalochi,Baramati,0.0,32.9,56,4.9,0.0
2025-12-05,medad,Baramati,0.0,32.9,56,4.9,0.0
2025-12-05,nimbut,Baramati,0.0,32.9,56,4.9,0.0
2025-12-05,songaon,Baramati,0.0,32.9,56,4.9,0.0
2025-12-05,gunawadi,Baramati,0.0,32.9,56,4.9,0.0
2025-12-05,pandare,Baramati,0.0,32.9,56,4.9,0.0
2025-12-05,korhale,Baramati,0.0,32.9,56,4.9,0.0
2025-12-05,lasalgaon,Niphad,0.0,34.6,50,5.4,0.0
2025-12-05,pimpalgaon,Niphad,0.0,34.6,50,5.4,0.0
2025-12-05,vinchur,Niphad,0.0,34.6,50,5.4,0.0
2025-12-05,ozar,Niphad,0.0,34.6,50,5.4,0.0
2025-12-05,shendurni,Jamner,0.0,33.3,57,16.0,0.0
2025-12-05,pahur,Jamner,0.0,33.3,57,16.0,0.0
2025-12-05,neri,Jamner,0.0,33.3,57,16.0,0.0
2025-12-05,lohara,Jamner,0.0,33.3,57,16.0,0.0
2025-12-06,kanheri,Baramati,0.0,32.0,55,9.8,0.0
2025-12-06,jalochi,Baramati,0.0,32.0,55,9.8,0.0
2025-12-06,medad,Baramati,0.0,32.0,55,9.8,0.0
2025-12-06,nimbut,Baramati,0.0,32.0,55,9.8,0.0
2025-12-06,songaon,Baramati,0.0,32.0,55,9.8,0.0
2025-12-06,gunawadi,Baramati,0.0,32.0,55,9.8,0.0
2025-12-06,pandare,Baramati,0.0,32.0,55,9.8,0.0
2025-12-06,korhale,Baramati,0.0,32.0,55,9.8,0.0
2025-12-06,lasalgaon,Niphad,0.0,31.7,52,9.6,0.0
2025-12-06,pimpalgaon,Niphad,0.0,31.7,52,9.6,0.0
2025-12-06,vinchur,Niphad,0.0,31.7,52,9.6,0.0
2025-12-06,ozar,Niphad,0.0,31.7,52,9.6,0.0
2025-12-06,shendurni,Jamner,0.0,31.9,51,11.7,0.0
2025-12-06,pahur,Jamner,0.0,31.9,51,11.7,0.0
2025-12-06,neri,Jamner,0.0,31.9,51,11.7,0.0
2025-12-06,lohara,Jamner,0.0,31.9,51,11.7,0.0
2025-12-07,kanheri,Baramati,0.0,33.6,52,7.0,0.0
2025-12-07,jalochi,Baramati,0.0,33.6,52,7.0,0.0
2025-12-07,medad,Baramati,0.0,33.6,52,7.0,0.0
2025-12-07,nimbut,Baramati,0.0,33.6,52,7.0,0.0
2025-12-07,songaon,Baramati,0.0,33.6,52,7.0,0.0
2025-12-07,gunawadi,Baramati,0.0,33.6,52,7.0,0.0
2025-12-07,pandare,Baramati,0.0,33.6,52,7.0,0.0
2025-12-07,korhale,Baramati,0.0,33.6,52,7.0,0.0
2025-12-07,lasalgaon,Niphad,0.0,34.0,54,11.5,0.0
2025-12-07,pimpalgaon,Niphad,0.0,34.0,54,11.5,0.0
2025-12-07,vinchur,Niphad,0.0,34.0,54,11.5,0.0
2025-12-07,ozar,Niphad,0.0,34.0,54,11.5,0.0
2025-12-07,shendurni,Jamner,0.0,35.2,54,5.7,0.0
2025-12-07,pahur,Jamner,0.0,35.2,54,5.7,0.0
2025-12-07,neri,Jamner,0.0,35.2,54,5.7,0.0
2025-12-07,lohara,Jamner,0.0,35.2,54,5.7,0.0
2025-12-08,kanheri,Baramati,0.0,31.8,50,8.8,0.0
2025-12-08,jalochi,Baramati,0.0,31.8,50,8.8,0.0
2025-12-08,medad,Baramati,0.0,31.8,50,8.8,0.0
2025-12-08,nimbut,Baramati,0.0,31.8,50,8.8,0.0
2025-12-08,songaon,Baramati,0.0,31.8,50,8.8,0.0
2025-12-08,gunawadi,Baramati,0.0,31.8,50,8.8,0.0
2025-12-08,pandare,Baramati,0.0,31.8,50,8.8,0.0
2025-12-08,korhale,Baramati,0.0,31.8,50,8.8,0.0
2025-12-08,lasalgaon,Niphad,0.6,32.7,47,7.3,0.5
2025-12-08,pimpalgaon,Niphad,0.6,32.7,47,7.3,0.6
2025-12-08,vinchur,Niphad,0.6,32.7,47,7.3,0.7
2025-12-08,ozar,Niphad,0.6,32.7,47,7.3,0.7
2025-12-08,shendurni,Jamner,0.0,32.1,47,5.5,0.0
2025-12-08,pahur,Jamner,0.0,32.1,47,5.5,0.0
2025-12-08,neri,Jamner,0.0,32.1,47,5.5,0.0
2025-12-08,lohara,Jamner,0.0,32.1,47,5.5,0.0
2025-12-09,kanheri,Baramati,0.0,34.3,60,11.7,0.0
2025-12-09,jalochi,Baramati,0.0,34.3,60,11.7,0.0
2025-12-09,medad,Baramati,0.0,34.3,60,11.7,0.0
2025-12-09,nimbut,Baramati,0.0,34.3,60,11.7,0.0
2025-12-09,songaon,Baramati,0.0,34.3,60,11.7,0.0
2025-12-09,gunawadi,Baramati,0.0,34.3,60,11.7,0.0
2025-12-09,pandare,Baramati,0.0,34.3,60,11.7,0.0
2025-12-09,korhale,Baramati,0.0,34.3,60,11.7,0.0
2025-12-09,lasalgaon,Niphad,0.0,31.5,44,5.0,0.0
2025-12-09,pimpalgaon,Niphad,0.0,31.5,44,5.0,0.0
2025-12-09,vinchur,Niphad,0.0,31.5,44,5.0,0.0
2025-12-09,ozar,Niphad,0.0,31.5,44,5.0,0.0
2025-12-09,shendurni,Jamner,0.0,33.9,51,6.4,0.0
2025-12-09,pahur,Jamner,0.0,33.9,51,6.4,0.0
2025-12-09,neri,Jamner,0.0,33.9,51,6.4,0.0
2025-12-09,lohara,Jamner,0.0,33.9,51,6.4,0.0
2025-12-10,kanheri,Baramati,5.4,34.2,44,12.0,7.1
2025-12-10,jalochi,Baramati,5.4,34.2,44,12.0,5.1
2025-12-10,medad,Baramati,5.4,34.2,44,12.0,6.1
2025-12-10,nimbut,Baramati,5.4,34.2,44,12.0,4.5
2025-12-10,songaon,Baramati,5.4,34.2,44,12.0,5.0
2025-12-10,gunawadi,Baramati,5.4,34.2,44,12.0,5.3
2025-12-10,pandare,Baramati,5.4,34.2,44,12.0,5.1
2025-12-10,korhale,Baramati,5.4,34.2,44,12.0,6.5
2025-12-10,lasalgaon,Niphad,0.0,32.1,47,14.8,0.0
2025-12-10,pimpalgaon,Niphad,0.0,32.1,47,14.8,0.0
2025-12-10,vinchur,Niphad,0.0,32.1,47,14.8,0.0
2025-12-10,ozar,Niphad,0.0,32.1,47,14.8,0.0
2025-12-10,shendurni,Jamner,0.0,32.4,50,11.0,0.0
2025-12-10,pahur,Jamner,0.0,32.4,50,11.0,0.0
2025-12-10,neri,Jamner,0.0,32.4,50,11.0,0.0
2025-12-10,lohara,Jamner,0.0,32.4,50,11.0,0.0
2025-12-11,kanheri,Baramati,0.0,33.8,44,6.8,0.0
2025-12-11,jalochi,Baramati,0.0,33.8,44,6.8,0.0
2025-12-11,medad,Baramati,0.0,33.8,44,6.8,0.0
2025-12-11,nimbut,Baramati,0.0,33.8,44,6.8,0.0
2025-12-11,songaon,Baramati,0.0,33.8,44,6.8,0.0
2025-12-11,gunawadi,Baramati,0.0,33.8,44,6.8,0.0
2025-12-11,pandare,Baramati,0.0,33.8,44,6.8,0.0
2025-12-11,korhale,Baramati,0.0,33.8,44,6.8,0.0
2025-12-11,lasalgaon,Niphad,0.0,33.4,45,8.5,0.0
2025-12-11,pimpalgaon,Niphad,0.0,33.4,45,8.5,0.0
2025-12-11,vinchur,Niphad,0.0,33.4,45,8.5,0.0
2025-12-11,ozar,Niphad,0.0,33.4,45,8.5,0.0
2025-12-11,shendurni,Jamner,10.2,33.3,54,15.2,16.0
2025-12-11,pahur,Jamner,10.2,33.3,54,15.2,10.3
2025-12-11,neri,Jamner,10.2,33.3,54,15.2,9.3
2025-12-11,lohara,Jamner,10.2,33.3,54,15.2,11.0
2025-12-12,kanheri,Baramati,0.0,32.4,53,11.3,0.0
2025-12-12,jalochi,Baramati,0.0,32.4,53,11.3,0.0
2025-12-12,medad,Baramati,0.0,32.4,53,11.3,0.0
2025-12-12,nimbut,Baramati,0.0,32.4,53,11.3,0.0
2025-12-12,songaon,Baramati,0.0,32.4,53,11.3,0.0
2025-12-12,gunawadi,Baramati,0.0,32.4,53,11.3,0.0
2025-12-12,pandare,Baramati,0.0,32.4,53,11.3,0.0
2025-12-12,korhale,Baramati,0.0,32.4,53,11.3,0.0
2025-12-12,lasalgaon,Niphad,0.0,33.3,56,7.6,0.0
2025-12-12,pimpalgaon,Niphad,0.0,33.3,56,7.6,0.0
2025-12-12,vinchur,Niphad,0.0,33.3,56,7.6,0.0
2025-12-12,ozar,Niphad,0.0,33.3,56,7.6,0.0
2025-12-12,shendurni,Jamner,0.0,35.5,49,4.0,0.0
2025-12-12,pahur,Jamner,0.0,35.5,49,4.0,0.0
2025-12-12,neri,Jamner,0.0,35.5,49,4.0,0.0
2025-12-12,lohara,Jamner,0.0,35.5,49,4.0,0.0
2025-12-13,kanheri,Baramati,0.0,31.7,55,14.8,0.0
2025-12-13,jalochi,Baramati,0.0,31.7,55,14.8,0.0
2025-12-13,medad,Baramati,0.0,31.7,55,14.8,0.0
2025-12-13,nimbut,Baramati,0.0,31.7,55,14.8,0.0
2025-12-13,songaon,Baramati,0.0,31.7,55,14.8,0.0
2025-12-13,gunawadi,Baramati,0.0,31.7,55,14.8,0.0
2025-12-13,pandare,Baramati,0.0,31.7,55,14.8,0.0
2025-12-13,korhale,Baramati,0.0,31.7,55,14.8,0.0
2025-12-13,lasalgaon,Niphad,6.4,32.4,52,8.3,4.5
2025-12-13,pimpalgaon,Niphad,6.4,32.4,52,8.3,6.7
2025-12-13,vinchur,Niphad,6.4,32.4,52,8.3,8.1
2025-12-13,ozar,Niphad,6.4,32.4,52,8.3,9.0
2025-12-13,shendurni,Jamner,0.0,34.0,46,11.5,0.0
2025-12-13,pahur,Jamner,0.0,34.0,46,11.5,0.0
2025-12-13,neri,Jamner,0.0,34.0,46,11.5,0.0
2025-12-13,lohara,Jamner,0.0,34.0,46,11.5,0.0
2025-12-14,kanheri,Baramati,0.0,32.7,53,18.6,0.0
2025-12-14,jalochi,Baramati,0.0,32.7,53,18.6,0.0
2025-12-14,medad,Baramati,0.0,32.7,53,18.6,0.0
2025-12-14,nimbut,Baramati,0.0,32.7,53,18.6,0.0
2025-12-14,songaon,Baramati,0.0,32.7,53,18.6,0.0
2025-12-14,gunawadi,Baramati,0.0,32.7,53,18.6,0.0
2025-12-14,pandare,Baramati,0.0,32.7,53,18.6,0.0
2025-12-14,korhale,Baramati,0.0,32.7,53,18.6,0.0
2025-12-14,lasalgaon,Niphad,0.0,33.8,56,15.8,0.0
2025-12-14,pimpalgaon,Niphad,0.0,33.8,56,15.8,0.0
2025-12-14,vinchur,Niphad,0.0,33.8,56,15.8,0.0
2025-12-14,ozar,Niphad,0.0,33.8,56,15.8,0.0
2025-12-14,shendurni,Jamner,0.0,32.1,51,7.3,0.0
2025-12-14,pahur,Jamner,0.0,32.1,51,7.3,0.0
2025-12-14,neri,Jamner,0.0,32.1,51,7.3,0.0
2025-12-14,lohara,Jamner,0.0,32.1,51,7.3,0.0
2025-12-15,kanheri,Baramati,0.0,32.7,54,9.3,0.0
2025-12-15,jalochi,Baramati,0.0,32.7,54,9.3,0.0
2025-12-15,medad,Baramati,0.0,32.7,54,9.3,0.0
2025-12-15,nimbut,Baramati,0.0,32.7,54,9.3,0.0
2025-12-15,songaon,Baramati,0.0,32.7,54,9.3,0.0
2025-12-15,gunawadi,Baramati,0.0,32.7,54,9.3,0.0
2025-12-15,pandare,Baramati,0.0,32.7,54,9.3,0.0
2025-12-15,korhale,Baramati,0.0,32.7,54,9.3,0.0
2025-12-15,lasalgaon,Niphad,0.0,33.9,48,2.2,0.0
2025-12-15,pimpalgaon,Niphad,0.0,33.9,48,2.2,0.0
2025-12-15,vinchur,Niphad,0.0,33.9,48,2.2,0.0
2025-12-15,ozar,Niphad,0.0,33.9,48,2.2,0.0
2025-12-15,shendurni,Jamner,0.0,32.2,50,10.6,0.0
2025-12-15,pahur,Jamner,0.0,32.2,50,10.6,0.0
2025-12-15,neri,Jamner,0.0,32.2,50,10.6,0.0
2025-12-15,lohara,Jamner,0.0,32.2,50,10.6,0.0
2025-12-16,kanheri,Baramati,0.0,32.7,52,4.4,0.0
2025-12-16,jalochi,Baramati,0.0,32.7,52,4.4,0.0
2025-12-16,medad,Baramati,0.0,32.7,52,4.4,0.0
2025-12-16,nimbut,Baramati,0.0,32.7,52,4.4,0.0
2025-12-16,songaon,Baramati,0.0,32.7,52,4.4,0.0
2025-12-16,gunawadi,Baramati,0.0,32.7,52,4.4,0.0
2025-12-16,pandare,Baramati,0.0,32.7,52,4.4,0.0
2025-12-16,korhale,Baramati,0.0,32.7,52,4.4,0.0
2025-12-16,lasalgaon,Niphad,0.0,34.4,50,7.8,0.0
2025-12-16,pimpalgaon,Niphad,0.0,34.4,50,7.8,0.0
2025-12-16,vinchur,Niphad,0.0,34.4,50,7.8,0.0
2025-12-16,ozar,Niphad,0.0,34.4,50,7.8,0.0
2025-12-16,shendurni,Jamner,0.0,33.8,46,8.3,0.0
2025-12-16,pahur,Jamner,0.0,33.8,46,8.3,0.0
2025-12-16,neri,Jamner,0.0,33.8,46,8.3,0.0
2025-12-16,lohara,Jamner,0.0,33.8,46,8.3,0.0
2025-12-17,kanheri,Baramati,0.0,32.2,55,6.9,0.0
2025-12-17,jalochi,Baramati,0.0,32.2,55,6.9,0.0
2025-12-17,medad,Baramati,0.0,32.2,55,6.9,0.0
2025-12-17,nimbut,Baramati,0.0,32.2,55,6.9,0.0
2025-12-17,songaon,Baramati,0.0,32.2,55,6.9,0.0
2025-12-17,gunawadi,Baramati,0.0,32.2,55,6.9,0.0
2025-12-17,pandare,Baramati,0.0,32.2,55,6.9,0.0
2025-12-17,korhale,Baramati,0.0,32.2,55,6.9,0.0
2025-12-17,lasalgaon,Niphad,0.0,33.0,46,13.8,0.0
2025-12-17,pimpalgaon,Niphad,0.0,33.0,46,13.8,0.0
2025-12-17,vinchur,Niphad,0.0,33.0,46,13.8,0.0
2025-12-17,ozar,Niphad,0.0,33.0,46,13.8,0.0
2025-12-17,shendurni,Jamner,0.0,31.6,48,13.4,0.0
2025-12-17,pahur,Jamner,0.0,31.6,48,13.4,0.0
2025-12-17,neri,Jamner,0.0,31.6,48,13.4,0.0
2025-12-17,lohara,Jamner,0.0,31.6,48,13.4,0.0
2025-12-18,kanheri,Baramati,6.9,31.5,53,8.1,7.7
2025-12-18,jalochi,Baramati,6.9,31.5,53,8.1,5.3
2025-12-18,medad,Baramati,6.9,31.5,53,8.1,8.2
2025-12-18,nimbut,Baramati,6.9,31.5,53,8.1,8.0
2025-12-18,songaon,Baramati,6.9,31.5,53,8.1,6.6
2025-12-18,gunawadi,Baramati,6.9,31.5,53,8.1,5.3
2025-12-18,pandare,Baramati,6.9,31.5,53,8.1,6.2
2025-12-18,korhale,Baramati,6.9,31.5,53,8.1,7.0
2025-12-18,lasalgaon,Niphad,7.1,33.8,55,2.3,6.5
2025-12-18,pimpalgaon,Niphad,7.1,33.8,55,2.3,4.5
2025-12-18,vinchur,Niphad,7.1,33.8,55,2.3,6.2
2025-12-18,ozar,Niphad,7.1,33.8,55,2.3,8.0
2025-12-18,shendurni,Jamner,0.0,34.3,57,2.0,0.0
2025-12-18,pahur,Jamner,0.0,34.3,57,2.0,0.0
2025-12-18,neri,Jamner,0.0,34.3,57,2.0,0.0
2025-12-18,lohara,Jamner,0.0,34.3,57,2.0,0.0
2025-12-19,kanheri,Baramati,0.0,34.3,48,14.5,0.0
2025-12-19,jalochi,Baramati,0.0,34.3,48,14.5,0.0
2025-12-19,medad,Baramati,0.0,34.3,48,14.5,0.0
2025-12-19,nimbut,Baramati,0.0,34.3,48,14.5,0.0
2025-12-19,songaon,Baramati,0.0,34.3,48,14.5,0.0
2025-12-19,gunawadi,Baramati,0.0,34.3,48,14.5,0.0
2025-12-19,pandare,Baramati,0.0,34.3,48,14.5,0.0
2025-12-19,korhale,Baramati,0.0,34.3,48,14.5,0.0
2025-12-19,lasalgaon,Niphad,0.0,33.3,50,5.7,0.0
2025-12-19,pimpalgaon,Niphad,0.0,33.3,50,5.7,0.0
2025-12-19,vinchur,Niphad,0.0,33.3,50,5.7,0.0
2025-12-19,ozar,Niphad,0.0,33.3,50,5.7,0.0
2025-12-19,shendurni,Jamner,0.0,31.6,51,5.2,0.0
2025-12-19,pahur,Jamner,0.0,31.6,51,5.2,0.0
2025-12-19,neri,Jamner,0.0,31.6,51,5.2,0.0
2025-12-19,lohara,Jamner,0.0,31.6,51,5.2,0.0
2025-12-20,kanheri,Baramati,0.0,33.2,52,8.1,0.0
2025-12-20,jalochi,Baramati,0.0,33.2,52,8.1,0.0
2025-12-20,medad,Baramati,0.0,33.2,52,8.1,0.0
2025-12-20,nimbut,Baramati,0.0,33.2,52,8.1,0.0
2025-12-20,songaon,Baramati,0.0,33.2,52,8.1,0.0
2025-12-20,gunawadi,Baramati,0.0,33.2,52,8.1,0.0
2025-12-20,pandare,Baramati,0.0,33.2,52,8.1,0.0
2025-12-20,korhale,Baramati,0.0,33.2,52,8.1,0.0
2025-12-20,lasalgaon,Niphad,0.0,32.2,45,14.9,0.0
2025-12-20,pimpalgaon,Niphad,0.0,32.2,45,14.9,0.0
2025-12-20,vinchur,Niphad,0.0,32.2,45,14.9,0.0
2025-12-20,ozar,Niphad,0.0,32.2,45,14.9,0.0
2025-12-20,shendurni,Jamner,0.0,32.9,47,6.5,0.0
2025-12-20,pahur,Jamner,0.0,32.9,47,6.5,0.0
2025-12-20,neri,Jamner,0.0,32.9,47,6.5,0.0
2025-12-20,lohara,Jamner,0.0,32.9,47,6.5,0.0
2025-12-21,kanheri,Baramati,0.0,33.8,50,3.8,0.0
2025-12-21,jalochi,Baramati,0.0,33.8,50,3.8,0.0
2025-12-21,medad,Baramati,0.0,33.8,50,3.8,0.0
2025-12-21,nimbut,Baramati,0.0,33.8,50,3.8,0.0
2025-12-21,songaon,Baramati,0.0,33.8,50,3.8,0.0
2025-12-21,gunawadi,Baramati,0.0,33.8,50,3.8,0.0
2025-12-21,pandare,Baramati,0.0,33.8,50,3.8,0.0
2025-12-21,korhale,Baramati,0.0,33.8,50,3.8,0.0
2025-12-21,lasalgaon,Niphad,0.0,34.0,48,12.0,0.0
2025-12-21,pimpalgaon,Niphad,0.0,34.0,48,12.0,0.0
2025-12-21,vinchur,Niphad,0.0,34.0,48,12.0,0.0
2025-12-21,ozar,Niphad,0.0,34.0,48,12.0,0.0
2025-12-21,shendurni,Jamner,0.0,33.2,51,11.7,0.0
2025-12-21,pahur,Jamner,0.0,33.2,51,11.7,0.0
2025-12-21,neri,Jamner,0.0,33.2,51,11.7,0.0
2025-12-21,lohara,Jamner,0.0,33.2,51,11.7,0.0
2025-12-22,kanheri,Baramati,0.0,32.9,48,9.9,0.0
2025-12-22,jalochi,Baramati,0.0,32.9,48,9.9,0.0
2025-12-22,medad,Baramati,0.0,32.9,48,9.9,0.0
2025-12-22,nimbut,Baramati,0.0,32.9,48,9.9,0.0
2025-12-22,songaon,Baramati,0.0,32.9,48,9.9,0.0
2025-12-22,gunawadi,Baramati,0.0,32.9,48,9.9,0.0
2025-12-22,pandare,Baramati,0.0,32.9,48,9.9,0.0
2025-12-22,korhale,Baramati,0.0,32.9,48,9.9,0.0
2025-12-22,lasalgaon,Niphad,0.0,33.5,54,11.7,0.0
2025-12-22,pimpalgaon,Niphad,0.0,33.5,54,11.7,0.0
2025-12-22,vinchur,Niphad,0.0,33.5,54,11.7,0.0
2025-12-22,ozar,Niphad,0.0,33.5,54,11.7,0.0
2025-12-22,shendurni,Jamner,0.0,32.8,55,10.4,0.0
2025-12-22,pahur,Jamner,0.0,32.8,55,10.4,0.0
2025-12-22,neri,Jamner,0.0,32.8,55,10.4,0.0
2025-12-22,lohara,Jamner,0.0,32.8,55,10.4,0.0
2025-12-23,kanheri,Baramati,0.0,31.9,53,2.7,0.0
2025-12-23,jalochi,Baramati,0.0,31.9,53,2.7,0.0
2025-12-23,medad,Baramati,0.0,31.9,53,2.7,0.0
2025-12-23,nimbut,Baramati,0.0,31.9,53,2.7,0.0
2025-12-23,songaon,Baramati,0.0,31.9,53,2.7,0.0
2025-12-23,gunawadi,Baramati,0.0,31.9,53,2.7,0.0
2025-12-23,pandare,Baramati,0.0,31.9,53,2.7,0.0
2025-12-23,korhale,Baramati,0.0,31.9,53,2.7,0.0
2025-12-23,lasalgaon,Niphad,0.0,32.1,49,9.0,0.0
2025-12-23,pimpalgaon,Niphad,0.0,32.1,49,9.0,0.0
2025-12-23,vinchur,Niphad,0.0,32.1,49,9.0,0.0
2025-12-23,ozar,Niphad,0.0,32.1,49,9.0,0.0
2025-12-23,shendurni,Jamner,0.0,34.1,52,14.2,0.0
2025-12-23,pahur,Jamner,0.0,34.1,52,14.2,0.0
2025-12-23,neri,Jamner,0.0,34.1,52,14.2,0.0
2025-12-23,lohara,Jamner,0.0,34.1,52,14.2,0.0
2025-12-24,kanheri,Baramati,0.0,31.9,47,10.0,0.0
2025-12-24,jalochi,Baramati,0.0,31.9,47,10.0,0.0
2025-12-24,medad,Baramati,0.0,31.9,47,10.0,0.0
2025-12-24,nimbut,Baramati,0.0,31.9,47,10.0,0.0
2025-12-24,songaon,Baramati,0.0,31.9,47,10.0,0.0
2025-12-24,gunawadi,Baramati,0.0,31.9,47,10.0,0.0
2025-12-24,pandare,Baramati,0.0,31.9,47,10.0,0.0
2025-12-24,korhale,Baramati,0.0,31.9,47,10.0,0.0
2025-12-24,lasalgaon,Niphad,0.0,35.6,52,6.5,0.0
2025-12-24,pimpalgaon,Niphad,0.0,35.6,52,6.5,0.0
2025-12-24,vinchur,Niphad,0.0,35.6,52,6.5,0.0
2025-12-24,ozar,Niphad,0.0,35.6,52,6.5,0.0
2025-12-24,shendurni,Jamner,3.4,31.1,56,2.0,3.3
2025-12-24,pahur,Jamner,3.4,31.1,56,2.0,3.3
2025-12-24,neri,Jamner,3.4,31.1,56,2.0,4.1
2025-12-24,lohara,Jamner,3.4,31.1,56,2.0,3.2
2025-12-25,kanheri,Baramati,0.1,33.5,51,5.4,0.1
2025-12-25,jalochi,Baramati,0.1,33.5,51,5.4,0.1
2025-12-25,medad,Baramati,0.1,33.5,51,5.4,0.1
2025-12-25,nimbut,Baramati,0.1,33.5,51,5.4,0.1
2025-12-25,songaon,Baramati,0.1,33.5,51,5.4,0.1
2025-12-25,gunawadi,Baramati,0.1,33.5,51,5.4,0.1
2025-12-25,pandare,Baramati,0.1,33.5,51,5.4,0.1
2025-12-25,korhale,Baramati,0.1,33.5,51,5.4,0.1
2025-12-25,lasalgaon,Niphad,0.0,32.4,50,9.9,0.0
2025-12-25,pimpalgaon,Niphad,0.0,32.4,50,9.9,0.0
2025-12-25,vinchur,Niphad,0.0,32.4,50,9.9,0.0
2025-12-25,ozar,Niphad,0.0,32.4,50,9.9,0.0
2025-12-25,shendurni,Jamner,0.0,33.5,50,12.0,0.0
2025-12-25,pahur,Jamner,0.0,33.5,50,12.0,0.0
2025-12-25,neri,Jamner,0.0,33.5,50,12.0,0.0
2025-12-25,lohara,Jamner,0.0,33.5,50,12.0,0.0
2025-12-26,kanheri,Baramati,0.4,33.3,46,5.9,0.4
2025-12-26,jalochi,Baramati,0.4,33.3,46,5.9,0.4
2025-12-26,medad,Baramati,0.4,33.3,46,5.9,0.4
2025-12-26,nimbut,Baramati,0.4,33.3,46,5.9,0.4
2025-12-26,songaon,Baramati,0.4,33.3,46,5.9,0.3
2025-12-26,gunawadi,Baramati,0.4,33.3,46,5.9,0.4
2025-12-26,pandare,Baramati,0.4,33.3,46,5.9,0.4
2025-12-26,korhale,Baramati,0.4,33.3,46,5.9,0.4
2025-12-26,lasalgaon,Niphad,0.0,33.4,53,7.8,0.0
2025-12-26,pimpalgaon,Niphad,0.0,33.4,53,7.8,0.0
2025-12-26,vinchur,Niphad,0.0,33.4,53,7.8,0.0
2025-12-26,ozar,Niphad,0.0,33.4,53,7.8,0.0
2025-12-26,shendurni,Jamner,0.0,31.5,50,9.4,0.0
2025-12-26,pahur,Jamner,0.0,31.5,50,9.4,0.0
2025-12-26,neri,Jamner,0.0,31.5,50,9.4,0.0
2025-12-26,lohara,Jamner,0.0,31.5,50,9.4,0.0
2025-12-27,kanheri,Baramati,0.0,32.2,54,5.4,0.0
2025-12-27,jalochi,Baramati,0.0,32.2,54,5.4,0.0
2025-12-27,medad,Baramati,0.0,32.2,54,5.4,0.0
2025-12-27,nimbut,Baramati,0.0,32.2,54,5.4,0.0
2025-12-27,songaon,Baramati,0.0,32.2,54,5.4,0.0
2025-12-27,gunawadi,Baramati,0.0,32.2,54,5.4,0.0
2025-12-27,pandare,Baramati,0.0,32.2,54,5.4,0.0
2025-12-27,korhale,Baramati,0.0,32.2,54,5.4,0.0
2025-12-27,lasalgaon,Niphad,0.0,34.8,46,14.2,0.0
2025-12-27,pimpalgaon,Niphad,0.0,34.8,46,14.2,0.0
2025-12-27,vinchur,Niphad,0.0,34.8,46,14.2,0.0
2025-12-27,ozar,Niphad,0.0,34.8,46,14.2,0.0
2025-12-27,shendurni,Jamner,3.7,31.2,55,4.8,3.0
2025-12-27,pahur,Jamner,3.7,31.2,55,4.8,4.2
2025-12-27,neri,Jamner,3.7,31.2,55,4.8,2.6
2025-12-27,lohara,Jamner,3.7,31.2,55,4.8,3.0
2025-12-28,kanheri,Baramati,0.0,35.2,53,7.9,0.0
2025-12-28,jalochi,Baramati,0.0,35.2,53,7.9,0.0
2025-12-28,medad,Baramati,0.0,35.2,53,7.9,0.0
2025-12-28,nimbut,Baramati,0.0,35.2,53,7.9,0.0
2025-12-28,songaon,Baramati,0.0,35.2,53,7.9,0.0
2025-12-28,gunawadi,Baramati,0.0,35.2,53,7.9,0.0
2025-12-28,pandare,Baramati,0.0,35.2,53,7.9,0.0
2025-12-28,korhale,Baramati,0.0,35.2,53,7.9,0.0
2025-12-28,lasalgaon,Niphad,7.1,30.5,53,13.0,7.5
2025-12-28,pimpalgaon,Niphad,7.1,30.5,53,13.0,6.7
2025-12-28,vinchur,Niphad,7.1,30.5,53,13.0,9.5
2025-12-28,ozar,Niphad,7.1,30.5,53,13.0,8.1
2025-12-28,shendurni,Jamner,0.0,34.6,50,12.8,0.0
2025-12-28,pahur,Jamner,0.0,34.6,50,12.8,0.0
2025-12-28,neri,Jamner,0.0,34.6,50,12.8,0.0
2025-12-28,lohara,Jamner,0.0,34.6,50,12.8,0.0
2025-12-29,kanheri,Baramati,0.0,32.2,51,2.0,0.0
2025-12-29,jalochi,Baramati,0.0,32.2,51,2.0,0.0
2025-12-29,medad,Baramati,0.0,32.2,51,2.0,0.0
2025-12-29,nimbut,Baramati,0.0,32.2,51,2.0,0.0
2025-12-29,songaon,Baramati,0.0,32.2,51,2.0,0.0
2025-12-29,gunawadi,Baramati,0.0,32.2,51,2.0,0.0
2025-12-29,pandare,Baramati,0.0,32.2,51,2.0,0.0
2025-12-29,korhale,Baramati,0.0,32.2,51,2.0,0.0
2025-12-29,lasalgaon,Niphad,0.0,33.8,56,5.9,0.0
2025-12-29,pimpalgaon,Niphad,0.0,33.8,56,5.9,0.0
2025-12-29,vinchur,Niphad,0.0,33.8,56,5.9,0.0
2025-12-29,ozar,Niphad,0.0,33.8,56,5.9,0.0
2025-12-29,shendurni,Jamner,0.0,34.0,47,16.6,0.0
2025-12-29,pahur,Jamner,0.0,34.0,47,16.6,0.0
2025-12-29,neri,Jamner,0.0,34.0,47,16.6,0.0
2025-12-29,lohara,Jamner,0.0,34.0,47,16.6,0.0
2025-12-30,kanheri,Baramati,0.0,32.3,55,2.8,0.0
2025-12-30,jalochi,Baramati,0.0,32.3,55,2.8,0.0
2025-12-30,medad,Baramati,0.0,32.3,55,2.8,0.0
2025-12-30,nimbut,Baramati,0.0,32.3,55,2.8,0.0
2025-12-30,songaon,Baramati,0.0,32.3,55,2.8,0.0
2025-12-30,gunawadi,Baramati,0.0,32.3,55,2.8,0.0
2025-12-30,pandare,Baramati,0.0,32.3,55,2.8,0.0
2025-12-30,korhale,Baramati,0.0,32.3,55,2.8,0.0
2025-12-30,lasalgaon,Niphad,1.0,31.6,50,6.3,0.8
2025-12-30,pimpalgaon,Niphad,1.0,31.6,50,6.3,0.9
2025-12-30,vinchur,Niphad,1.0,31.6,50,6.3,0.9
2025-12-30,ozar,Niphad,1.0,31.6,50,6.3,1.0
2025-12-30,shendurni,Jamner,0.0,32.6,43,11.4,0.0
2025-12-30,pahur,Jamner,0.0,32.6,43,11.4,0.0
2025-12-30,neri,Jamner,0.0,32.6,43,11.4,0.0
2025-12-30,lohara,Jamner,0.0,32.6,43,11.4,0.0
2025-12-31,kanheri,Baramati,0.0,33.1,49,9.9,0.0
2025-12-31,jalochi,Baramati,0.0,33.1,49,9.9,0.0
2025-12-31,medad,Baramati,0.0,33.1,49,9.9,0.0
2025-12-31,nimbut,Baramati,0.0,33.1,49,9.9,0.0
2025-12-31,songaon,Baramati,0.0,33.1,49,9.9,0.0
2025-12-31,gunawadi,Baramati,0.0,33.1,49,9.9,0.0
2025-12-31,pandare,Baramati,0.0,33.1,49,9.9,0.0
2025-12-31,korhale,Baramati,0.0,33.1,49,9.9,0.0
2025-12-31,lasalgaon,Niphad,0.0,30.4,59,9.5,0.0
2025-12-31,pimpalgaon,Niphad,0.0,30.4,59,9.5,0.0
2025-12-31,vinchur,Niphad,0.0,30.4,59,9.5,0.0
2025-12-31,ozar,Niphad,0.0,30.4,59,9.5,0.0
2025-12-31,shendurni,Jamner,0.0,32.4,58,5.1,0.0
2025-12-31,pahur,Jamner,0.0,32.4,58,5.1,0.0
2025-12-31,neri,Jamner,0.0,32.4,58,5.1,0.0
2025-12-31,lohara,Jamner,0.0,32.4,58,5.1,0.0
2026-01-01,kanheri,Baramati,0.0,31.3,52,4.9,0.0
2026-01-01,jalochi,Baramati,0.0,31.3,52,4.9,0.0
2026-01-01,medad,Baramati,0.0,31.3,52,4.9,0.0
2026-01-01,nimbut,Baramati,0.0,31.3,52,4.9,0.0
2026-01-01,songaon,Baramati,0.0,31.3,52,4.9,0.0
2026-01-01,gunawadi,Baramati,0.0,31.3,52,4.9,0.0
2026-01-01,pandare,Baramati,0.0,31.3,52,4.9,0.0
2026-01-01,korhale,Baramati,0.0,31.3,52,4.9,0.0
2026-01-01,lasalgaon,Niphad,0.0,33.4,53,16.0,0.0
2026-01-01,pimpalgaon,Niphad,0.0,33.4,53,16.0,0.0
2026-01-01,vinchur,Niphad,0.0,33.4,53,16.0,0.0
2026-01-01,ozar,Niphad,0.0,33.4,53,16.0,0.0
2026-01-01,shendurni,Jamner,0.0,34.0,50,10.5,0.0
2026-01-01,pahur,Jamner,0.0,34.0,50,10.5,0.0
2026-01-01,neri,Jamner,0.0,34.0,50,10.5,0.0
2026-01-01,lohara,Jamner,0.0,34.0,50,10.5,0.0
2026-01-02,kanheri,Baramati,0.0,33.9,52,6.8,0.0
2026-01-02,jalochi,Baramati,0.0,33.9,52,6.8,0.0
2026-01-02,medad,Baramati,0.0,33.9,52,6.8,0.0
2026-01-02,nimbut,Baramati,0.0,33.9,52,6.8,0.0
2026-01-02,songaon,Baramati,0.0,33.9,52,6.8,0.0
2026-01-02,gunawadi,Baramati,0.0,33.9,52,6.8,0.0
2026-01-02,pandare,Baramati,0.0,33.9,52,6.8,0.0
2026-01-02,korhale,Baramati,0.0,33.9,52,6.8,0.0
2026-01-02,lasalgaon,Niphad,0.0,30.6,51,9.5,0.0
2026-01-02,pimpalgaon,Niphad,0.0,30.6,51,9.5,0.0
2026-01-02,vinchur,Niphad,0.0,30.6,51,9.5,0.0
2026-01-02,ozar,Niphad,0.0,30.6,51,9.5,0.0
2026-01-02,shendurni,Jamner,0.0,33.9,50,9.6,0.0
2026-01-02,pahur,Jamner,0.0,33.9,50,9.6,0.0
2026-01-02,neri,Jamner,0.0,33.9,50,9.6,0.0
2026-01-02,lohara,Jamner,0.0,33.9,50,9.6,0.0
2026-01-03,kanheri,Baramati,0.0,33.0,48,4.2,0.0
2026-01-03,jalochi,Baramati,0.0,33.0,48,4.2,0.0
2026-01-03,medad,Baramati,0.0,33.0,48,4.2,0.0
2026-01-03,nimbut,Baramati,0.0,33.0,48,4.2,0.0
2026-01-03,songaon,Baramati,0.0,33.0,48,4.2,0.0
2026-01-03,gunawadi,Baramati,0.0,33.0,48,4.2,0.0
2026-01-03,pandare,Baramati,0.0,33.0,48,4.2,0.0
2026-01-03,korhale,Baramati,0.0,33.0,48,4.2,0.0
2026-01-03,lasalgaon,Niphad,0.0,31.9,49,6.5,0.0
2026-01-03,pimpalgaon,Niphad,0.0,31.9,49,6.5,0.0
2026-01-03,vinchur,Niphad,0.0,31.9,49,6.5,0.0
2026-01-03,ozar,Niphad,0.0,31.9,49,6.5,0.0
2026-01-03,shendurni,Jamner,0.0,33.7,45,7.1,0.0
2026-01-03,pahur,Jamner,0.0,33.7,45,7.1,0.0
2026-01-03,neri,Jamner,0.0,33.7,45,7.1,0.0
2026-01-03,lohara,Jamner,0.0,33.7,45,7.1,0.0
2026-01-04,kanheri,Baramati,0.9,32.7,47,10.6,1.0
2026-01-04,jalochi,Baramati,0.9,32.7,47,10.6,0.8
2026-01-04,medad,Baramati,0.9,32.7,47,10.6,0.9
2026-01-04,nimbut,Baramati,0.9,32.7,47,10.6,0.8
2026-01-04,songaon,Baramati,0.9,32.7,47,10.6,1.0
2026-01-04,gunawadi,Baramati,0.9,32.7,47,10.6,0.7
2026-01-04,pandare,Baramati,0.9,32.7,47,10.6,1.0
2026-01-04,korhale,Baramati,0.9,32.7,47,10.6,1.1
2026-01-04,lasalgaon,Niphad,0.0,31.4,52,5.0,0.0
2026-01-04,pimpalgaon,Niphad,0.0,31.4,52,5.0,0.0
2026-01-04,vinchur,Niphad,0.0,31.4,52,5.0,0.0
2026-01-04,ozar,Niphad,0.0,31.4,52,5.0,0.0
2026-01-04,shendurni,Jamner,0.0,33.0,46,2.0,0.0
2026-01-04,pahur,Jamner,0.0,33.0,46,2.0,0.0
2026-01-04,neri,Jamner,0.0,33.0,46,2.0,0.0
2026-01-04,lohara,Jamner,0.0,33.0,46,2.0,0.0
2026-01-05,kanheri,Baramati,0.0,32.0,43,5.0,0.0
2026-01-05,jalochi,Baramati,0.0,32.0,43,5.0,0.0
2026-01-05,medad,Baramati,0.0,32.0,43,5.0,0.0
2026-01-05,nimbut,Baramati,0.0,32.0,43,5.0,0.0
2026-01-05,songaon,Baramati,0.0,32.0,43,5.0,0.0
2026-01-05,gunawadi,Baramati,0.0,32.0,43,5.0,0.0
2026-01-05,pandare,Baramati,0.0,32.0,43,5.0,0.0
2026-01-05,korhale,Baramati,0.0,32.0,43,5.0,0.0
2026-01-05,lasalgaon,Niphad,0.0,32.1,46,11.2,0.0
2026-01-05,pimpalgaon,Niphad,0.0,32.1,46,11.2,0.0
2026-01-05,vinchur,Niphad,0.0,32.1,46,11.2,0.0
2026-01-05,ozar,Niphad,0.0,32.1,46,11.2,0.0
2026-01-05,shendurni,Jamner,0.0,34.2,45,6.0,0.0
2026-01-05,pahur,Jamner,0.0,34.2,45,6.0,0.0
2026-01-05,neri,Jamner,0.0,34.2,45,6.0,0.0
2026-01-05,lohara,Jamner,0.0,34.2,45,6.0,0.0
2026-01-06,kanheri,Baramati,6.0,32.4,53,3.7,4.6
2026-01-06,jalochi,Baramati,6.0,32.4,53,3.7,6.1
2026-01-06,medad,Baramati,6.0,32.4,53,3.7,7.8
2026-01-06,nimbut,Baramati,6.0,32.4,53,3.7,5.1
2026-01-06,songaon,Baramati,6.0,32.4,53,3.7,4.7
2026-01-06,gunawadi,Baramati,6.0,32.4,53,3.7,5.1
2026-01-06,pandare,Baramati,6.0,32.4,53,3.7,5.3
2026-01-06,korhale,Baramati,6.0,32.4,53,3.7,7.0
2026-01-06,lasalgaon,Niphad,0.0,29.7,48,4.8,0.0
2026-01-06,pimpalgaon,Niphad,0.0,29.7,48,4.8,0.0
2026-01-06,vinchur,Niphad,0.0,29.7,48,4.8,0.0
2026-01-06,ozar,Niphad,0.0,29.7,48,4.8,0.0
2026-01-06,shendurni,Jamner,0.0,32.8,52,9.0,0.0
2026-01-06,pahur,Jamner,0.0,32.8,52,9.0,0.0
2026-01-06,neri,Jamner,0.0,32.8,52,9.0,0.0
2026-01-06,lohara,Jamner,0.0,32.8,52,9.0,0.0
2026-01-07,kanheri,Baramati,0.0,33.3,52,10.3,0.0
2026-01-07,jalochi,Baramati,0.0,33.3,52,10.3,0.0
2026-01-07,medad,Baramati,0.0,33.3,52,10.3,0.0
2026-01-07,nimbut,Baramati,0.0,33.3,52,10.3,0.0
2026-01-07,songaon,Baramati,0.0,33.3,52,10.3,0.0
2026-01-07,gunawadi,Baramati,0.0,33.3,52,10.3,0.0
2026-01-07,pandare,Baramati,0.0,33.3,52,10.3,0.0
2026-01-07,korhale,Baramati,0.0,33.3,52,10.3,0.0
2026-01-07,lasalgaon,Niphad,0.0,30.9,49,7.3,0.0
2026-01-07,pimpalgaon,Niphad,0.0,30.9,49,7.3,0.0
2026-01-07,vinchur,Niphad,0.0,30.9,49,7.3,0.0
2026-01-07,ozar,Niphad,0.0,30.9,49,7.3,0.0
2026-01-07,shendurni,Jamner,0.0,31.8,47,8.6,0.0
2026-01-07,pahur,Jamner,0.0,31.8,47,8.6,0.0
2026-01-07,neri,Jamner,0.0,31.8,47,8.6,0.0
2026-01-07,lohara,Jamner,0.0,31.8,47,8.6,0.0
2026-01-08,kanheri,Baramati,0.0,32.9,49,5.3,0.0
2026-01-08,jalochi,Baramati,0.0,32.9,49,5.3,0.0
2026-01-08,medad,Baramati,0.0,32.9,49,5.3,0.0
2026-01-08,nimbut,Baramati,0.0,32.9,49,5.3,0.0
2026-01-08,songaon,Baramati,0.0,32.9,49,5.3,0.0
2026-01-08,gunawadi,Baramati,0.0,32.9,49,5.3,0.0
2026-01-08,pandare,Baramati,0.0,32.9,49,5.3,0.0
2026-01-08,korhale,Baramati,0.0,32.9,49,5.3,0.0
2026-01-08,lasalgaon,Niphad,0.0,32.5,55,2.6,0.0
2026-01-08,pimpalgaon,Niphad,0.0,32.5,55,2.6,0.0
2026-01-08,vinchur,Niphad,0.0,32.5,55,2.6,0.0
2026-01-08,ozar,Niphad,0.0,32.5,55,2.6,0.0
2026-01-08,shendurni,Jamner,0.0,32.9,48,9.6,0.0
2026-01-08,pahur,Jamner,0.0,32.9,48,9.6,0.0
2026-01-08,neri,Jamner,0.0,32.9,48,9.6,0.0
2026-01-08,lohara,Jamner,0.0,32.9,48,9.6,0.0
2026-01-09,kanheri,Baramati,0.0,30.5,49,9.8,0.0
2026-01-09,jalochi,Baramati,0.0,30.5,49,9.8,0.0
2026-01-09,medad,Baramati,0.0,30.5,49,9.8,0.0
2026-01-09,nimbut,Baramati,0.0,30.5,49,9.8,0.0
2026-01-09,songaon,Baramati,0.0,30.5,49,9.8,0.0
2026-01-09,gunawadi,Baramati,0.0,30.5,49,9.8,0.0
2026-01-09,pandare,Baramati,0.0,30.5,49,9.8,0.0
2026-01-09,korhale,Baramati,0.0,30.5,49,9.8,0.0
2026-01-09,lasalgaon,Niphad,0.0,32.0,50,8.3,0.0
2026-01-09,pimpalgaon,Niphad,0.0,32.0,50,8.3,0.0
2026-01-09,vinchur,Niphad,0.0,32.0,50,8.3,0.0
2026-01-09,ozar,Niphad,0.0,32.0,50,8.3,0.0
2026-01-09,shendurni,Jamner,0.0,31.6,53,14.7,0.0
2026-01-09,pahur,Jamner,0.0,31.6,53,14.7,0.0
2026-01-09,neri,Jamner,0.0,31.6,53,14.7,0.0
2026-01-09,lohara,Jamner,0.0,31.6,53,14.7,0.0
2026-01-10,kanheri,Baramati,0.0,33.6,48,9.2,0.0
2026-01-10,jalochi,Baramati,0.0,33.6,48,9.2,0.0
2026-01-10,medad,Baramati,0.0,33.6,48,9.2,0.0
2026-01-10,nimbut,Baramati,0.0,33.6,48,9.2,0.0
2026-01-10,songaon,Baramati,0.0,33.6,48,9.2,0.0
2026-01-10,gunawadi,Baramati,0.0,33.6,48,9.2,0.0
2026-01-10,pandare,Baramati,0.0,33.6,48,9.2,0.0
2026-01-10,korhale,Baramati,0.0,33.6,48,9.2,0.0
2026-01-10,lasalgaon,Niphad,0.0,34.0,51,6.1,0.0
2026-01-10,pimpalgaon,Niphad,0.0,34.0,51,6.1,0.0
2026-01-10,vinchur,Niphad,0.0,34.0,51,6.1,0.0
2026-01-10,ozar,Niphad,0.0,34.0,51,6.1,0.0
2026-01-10,shendurni,Jamner,0.0,33.8,55,5.7,0.0
2026-01-10,pahur,Jamner,0.0,33.8,55,5.7,0.0
2026-01-10,neri,Jamner,0.0,33.8,55,5.7,0.0
2026-01-10,lohara,Jamner,0.0,33.8,55,5.7,0.0
2026-01-11,kanheri,Baramati,9.0,32.3,56,8.6,7.6
2026-01-11,jalochi,Baramati,9.0,32.3,56,8.6,7.7
2026-01-11,medad,Baramati,9.0,32.3,56,8.6,8.9
2026-01-11,nimbut,Baramati,9.0,32.3,56,8.6,12.0
2026-01-11,songaon,Baramati,9.0,32.3,56,8.6,6.9
2026-01-11,gunawadi,Baramati,9.0,32.3,56,8.6,7.6
2026-01-11,pandare,Baramati,9.0,32.3,56,8.6,6.9
2026-01-11,korhale,Baramati,9.0,32.3,56,8.6,10.3
2026-01-11,lasalgaon,Niphad,0.0,33.0,52,9.5,0.0
2026-01-11,pimpalgaon,Niphad,0.0,33.0,52,9.5,0.0
2026-01-11,vinchur,Niphad,0.0,33.0,52,9.5,0.0
2026-01-11,ozar,Niphad,0.0,33.0,52,9.5,0.0
2026-01-11,shendurni,Jamner,0.0,31.8,46,7.8,0.0
2026-01-11,pahur,Jamner,0.0,31.8,46,7.8,0.0
2026-01-11,neri,Jamner,0.0,31.8,46,7.8,0.0
2026-01-11,lohara,Jamner,0.0,31.8,46,7.8,0.0
2026-01-12,kanheri,Baramati,2.1,33.1,51,7.4,2.2
2026-01-12,jalochi,Baramati,2.1,33.1,51,7.4,1.6
2026-01-12,medad,Baramati,2.1,33.1,51,7.4,2.2
2026-01-12,nimbut,Baramati,2.1,33.1,51,7.4,2.6
2026-01-12,songaon,Baramati,2.1,33.1,51,7.4,2.1
2026-01-12,gunawadi,Baramati,2.1,33.1,51,7.4,1.8
2026-01-12,pandare,Baramati,2.1,33.1,51,7.4,2.2
2026-01-12,korhale,Baramati,2.1,33.1,51,7.4,2.7
2026-01-12,lasalgaon,Niphad,0.0,32.4,53,11.2,0.0
2026-01-12,pimpalgaon,Niphad,0.0,32.4,53,11.2,0.0
2026-01-12,vinchur,Niphad,0.0,32.4,53,11.2,0.0
2026-01-12,ozar,Niphad,0.0,32.4,53,11.2,0.0
2026-01-12,shendurni,Jamner,4.9,31.6,53,5.4,5.7
2026-01-12,pahur,Jamner,4.9,31.6,53,5.4,5.0
2026-01-12,neri,Jamner,4.9,31.6,53,5.4,4.1
2026-01-12,lohara,Jamner,4.9,31.6,53,5.4,4.6
2026-01-13,kanheri,Baramati,0.0,33.4,52,14.9,0.0
2026-01-13,jalochi,Baramati,0.0,33.4,52,14.9,0.0
2026-01-13,medad,Baramati,0.0,33.4,52,14.9,0.0
2026-01-13,nimbut,Baramati,0.0,33.4,52,14.9,0.0
2026-01-13,songaon,Baramati,0.0,33.4,52,14.9,0.0
2026-01-13,gunawadi,Baramati,0.0,33.4,52,14.9,0.0
2026-01-13,pandare,Baramati,0.0,33.4,52,14.9,0.0
2026-01-13,korhale,Baramati,0.0,33.4,52,14.9,0.0
2026-01-13,lasalgaon,Niphad,0.0,34.6,55,16.6,0.0
2026-01-13,pimpalgaon,Niphad,0.0,34.6,55,16.6,0.0
2026-01-13,vinchur,Niphad,0.0,34.6,55,16.6,0.0
2026-01-13,ozar,Niphad,0.0,34.6,55,16.6,0.0
2026-01-13,shendurni,Jamner,0.0,33.2,50,16.2,0.0
2026-01-13,pahur,Jamner,0.0,33.2,50,16.2,0.0
2026-01-13,neri,Jamner,0.0,33.2,50,16.2,0.0
2026-01-13,lohara,Jamner,0.0,33.2,50,16.2,0.0
2026-01-14,kanheri,Baramati,0.0,34.8,54,8.4,0.0
2026-01-14,jalochi,Baramati,0.0,34.8,54,8.4,0.0
2026-01-14,medad,Baramati,0.0,34.8,54,8.4,0.0
2026-01-14,nimbut,Baramati,0.0,34.8,54,8.4,0.0
2026-01-14,songaon,Baramati,0.0,34.8,54,8.4,0.0
2026-01-14,gunawadi,Baramati,0.0,34.8,54,8.4,0.0
2026-01-14,pandare,Baramati,0.0,34.8,54,8.4,0.0
2026-01-14,korhale,Baramati,0.0,34.8,54,8.4,0.0
2026-01-14,lasalgaon,Niphad,0.0,32.0,45,5.9,0.0
2026-01-14,pimpalgaon,Niphad,0.0,32.0,45,5.9,0.0
2026-01-14,vinchur,Niphad,0.0,32.0,45,5.9,0.0
2026-01-14,ozar,Niphad,0.0,32.0,45,5.9,0.0
2026-01-14,shendurni,Jamner,0.0,34.1,50,11.1,0.0
2026-01-14,pahur,Jamner,0.0,34.1,50,11.1,0.0
2026-01-14,neri,Jamner,0.0,34.1,50,11.1,0.0
2026-01-14,lohara,Jamner,0.0,34.1,50,11.1,0.0
2026-01-15,kanheri,Baramati,0.0,32.0,49,4.5,0.0
2026-01-15,jalochi,Baramati,0.0,32.0,49,4.5,0.0
2026-01-15,medad,Baramati,0.0,32.0,49,4.5,0.0
2026-01-15,nimbut,Baramati,0.0,32.0,49,4.5,0.0
2026-01-15,songaon,Baramati,0.0,32.0,49,4.5,0.0
2026-01-15,gunawadi,Baramati,0.0,32.0,49,4.5,0.0
2026-01-15,pandare,Baramati,0.0,32.0,49,4.5,0.0
2026-01-15,korhale,Baramati,0.0,32.0,49,4.5,0.0
2026-01-15,lasalgaon,Niphad,0.0,36.1,47,6.0,0.0
2026-01-15,pimpalgaon,Niphad,0.0,36.1,47,6.0,0.0
2026-01-15,vinchur,Niphad,0.0,36.1,47,6.0,0.0
2026-01-15,ozar,Niphad,0.0,36.1,47,6.0,0.0
2026-01-15,shendurni,Jamner,0.0,32.9,56,12.8,0.0
2026-01-15,pahur,Jamner,0.0,32.9,56,12.8,0.0
2026-01-15,neri,Jamner,0.0,32.9,56,12.8,0.0
2026-01-15,lohara,Jamner,0.0,32.9,56,12.8,0.0
2026-01-16,kanheri,Baramati,0.0,33.2,45,10.9,0.0
2026-01-16,jalochi,Baramati,0.0,33.2,45,10.9,0.0
2026-01-16,medad,Baramati,0.0,33.2,45,10.9,0.0
2026-01-16,nimbut,Baramati,0.0,33.2,45,10.9,0.0
2026-01-16,songaon,Baramati,0.0,33.2,45,10.9,0.0
2026-01-16,gunawadi,Baramati,0.0,33.2,45,10.9,0.0
2026-01-16,pandare,Baramati,0.0,33.2,45,10.9,0.0
2026-01-16,korhale,Baramati,0.0,33.2,45,10.9,0.0
2026-01-16,lasalgaon,Niphad,0.0,33.7,44,12.3,0.0
2026-01-16,pimpalgaon,Niphad,0.0,33.7,44,12.3,0.0
2026-01-16,vinchur,Niphad,0.0,33.7,44,12.3,0.0
2026-01-16,ozar,Niphad,0.0,33.7,44,12.3,0.0
2026-01-16,shendurni,Jamner,0.0,34.0,51,6.2,0.0
2026-01-16,pahur,Jamner,0.0,34.0,51,6.2,0.0
2026-01-16,neri,Jamner,0.0,34.0,51,6.2,0.0
2026-01-16,lohara,Jamner,0.0,34.0,51,6.2,0.0
2026-01-17,kanheri,Baramati,0.0,32.5,47,8.3,0.0
2026-01-17,jalochi,Baramati,0.0,32.5,47,8.3,0.0
2026-01-17,medad,Baramati,0.0,32.5,47,8.3,0.0
2026-01-17,nimbut,Baramati,0.0,32.5,47,8.3,0.0
2026-01-17,songaon,Baramati,0.0,32.5,47,8.3,0.0
2026-01-17,gunawadi,Baramati,0.0,32.5,47,8.3,0.0
2026-01-17,pandare,Baramati,0.0,32.5,47,8.3,0.0
2026-01-17,korhale,Baramati,0.0,32.5,47,8.3,0.0
2026-01-17,lasalgaon,Niphad,1.9,32.1,51,8.8,1.6
2026-01-17,pimpalgaon,Niphad,1.9,32.1,51,8.8,1.8
2026-01-17,vinchur,Niphad,1.9,32.1,51,8.8,2.1
2026-01-17,ozar,Niphad,1.9,32.1,51,8.8,2.1
2026-01-17,shendurni,Jamner,0.0,33.8,47,9.6,0.0
2026-01-17,pahur,Jamner,0.0,33.8,47,9.6,0.0
2026-01-17,neri,Jamner,0.0,33.8,47,9.6,0.0
2026-01-17,lohara,Jamner,0.0,33.8,47,9.6,0.0
2026-01-18,kanheri,Baramati,0.0,32.5,49,5.9,0.0
2026-01-18,jalochi,Baramati,0.0,32.5,49,5.9,0.0
2026-01-18,medad,Baramati,0.0,32.5,49,5.9,0.0
2026-01-18,nimbut,Baramati,0.0,32.5,49,5.9,0.0
2026-01-18,songaon,Baramati,0.0,32.5,49,5.9,0.0
2026-01-18,gunawadi,Baramati,0.0,32.5,49,5.9,0.0
2026-01-18,pandare,Baramati,0.0,32.5,49,5.9,0.0
2026-01-18,korhale,Baramati,0.0,32.5,49,5.9,0.0
2026-01-18,lasalgaon,Niphad,0.0,33.7,50,12.7,0.0
2026-01-18,pimpalgaon,Niphad,0.0,33.7,50,12.7,0.0
2026-01-18,vinchur,Niphad,0.0,33.7,50,12.7,0.0
2026-01-18,ozar,Niphad,0.0,33.7,50,12.7,0.0
2026-01-18,shendurni,Jamner,8.9,33.0,59,13.7,10.1
2026-01-18,pahur,Jamner,8.9,33.0,59,13.7,11.0
2026-01-18,neri,Jamner,8.9,33.0,59,13.7,10.1
2026-01-18,lohara,Jamner,8.9,33.0,59,13.7,6.2
2026-01-19,kanheri,Baramati,0.0,31.9,47,11.5,0.0
2026-01-19,jalochi,Baramati,0.0,31.9,47,11.5,0.0
2026-01-19,medad,Baramati,0.0,31.9,47,11.5,0.0
2026-01-19,nimbut,Baramati,0.0,31.9,47,11.5,0.0
2026-01-19,songaon,Baramati,0.0,31.9,47,11.5,0.0
2026-01-19,gunawadi,Baramati,0.0,31.9,47,11.5,0.0
2026-01-19,pandare,Baramati,0.0,31.9,47,11.5,0.0
2026-01-19,korhale,Baramati,0.0,31.9,47,11.5,0.0
2026-01-19,lasalgaon,Niphad,0.0,34.6,52,15.1,0.0
2026-01-19,pimpalgaon,Niphad,0.0,34.6,52,15.1,0.0
2026-01-19,vinchur,Niphad,0.0,34.6,52,15.1,0.0
2026-01-19,ozar,Niphad,0.0,34.6,52,15.1,0.0
2026-01-19,shendurni,Jamner,0.0,31.9,47,13.2,0.0
2026-01-19,pahur,Jamner,0.0,31.9,47,13.2,0.0
2026-01-19,neri,Jamner,0.0,31.9,47,13.2,0.0
2026-01-19,lohara,Jamner,0.0,31.9,47,13.2,0.0
2026-01-20,kanheri,Baramati,0.0,31.8,50,4.4,0.0
2026-01-20,jalochi,Baramati,0.0,31.8,50,4.4,0.0
2026-01-20,medad,Baramati,0.0,31.8,50,4.4,0.0
2026-01-20,nimbut,Baramati,0.0,31.8,50,4.4,0.0
2026-01-20,songaon,Baramati,0.0,31.8,50,4.4,0.0
2026-01-20,gunawadi,Baramati,0.0,31.8,50,4.4,0.0
2026-01-20,pandare,Baramati,0.0,31.8,50,4.4,0.0
2026-01-20,korhale,Baramati,0.0,31.8,50,4.4,0.0
2026-01-20,lasalgaon,Niphad,0.0,33.7,49,8.2,0.0
2026-01-20,pimpalgaon,Niphad,0.0,33.7,49,8.2,0.0
2026-01-20,vinchur,Niphad,0.0,33.7,49,8.2,0.0
2026-01-20,ozar,Niphad,0.0,33.7,49,8.2,0.0
2026-01-20,shendurni,Jamner,0.0,31.2,58,16.3,0.0
2026-01-20,pahur,Jamner,0.0,31.2,58,16.3,0.0
2026-01-20,neri,Jamner,0.0,31.2,58,16.3,0.0
2026-01-20,lohara,Jamner,0.0,31.2,58,16.3,0.0
2026-01-21,kanheri,Baramati,0.0,31.7,54,8.3,0.0
2026-01-21,jalochi,Baramati,0.0,31.7,54,8.3,0.0
2026-01-21,medad,Baramati,0.0,31.7,54,8.3,0.0
2026-01-21,nimbut,Baramati,0.0,31.7,54,8.3,0.0
2026-01-21,songaon,Baramati,0.0,31.7,54,8.3,0.0
2026-01-21,gunawadi,Baramati,0.0,31.7,54,8.3,0.0
2026-01-21,pandare,Baramati,0.0,31.7,54,8.3,0.0
2026-01-21,korhale,Baramati,0.0,31.7,54,8.3,0.0
2026-01-21,lasalgaon,Niphad,0.0,31.9,53,10.2,0.0
2026-01-21,pimpalgaon,Niphad,0.0,31.9,53,10.2,0.0
2026-01-21,vinchur,Niphad,0.0,31.9,53,10.2,0.0
2026-01-21,ozar,Niphad,0.0,31.9,53,10.2,0.0
2026-01-21,shendurni,Jamner,0.0,31.1,49,2.5,0.0
2026-01-21,pahur,Jamner,0.0,31.1,49,2.5,0.0
2026-01-21,neri,Jamner,0.0,31.1,49,2.5,0.0
2026-01-21,lohara,Jamner,0.0,31.1,49,2.5,0.0
2026-01-22,kanheri,Baramati,2.5,32.7,58,15.9,2.6
2026-01-22,jalochi,Baramati,2.5,32.7,58,15.9,2.5
2026-01-22,medad,Baramati,2.5,32.7,58,15.9,2.6
2026-01-22,nimbut,Baramati,2.5,32.7,58,15.9,2.8
2026-01-22,songaon,Baramati,2.5,32.7,58,15.9,2.8
2026-01-22,gunawadi,Baramati,2.5,32.7,58,15.9,2.2
2026-01-22,pandare,Baramati,2.5,32.7,58,15.9,2.1
2026-01-22,korhale,Baramati,2.5,32.7,58,15.9,2.9
2026-01-22,lasalgaon,Niphad,0.0,32.0,50,5.6,0.0
2026-01-22,pimpalgaon,Niphad,0.0,32.0,50,5.6,0.0
2026-01-22,vinchur,Niphad,0.0,32.0,50,5.6,0.0
2026-01-22,ozar,Niphad,0.0,32.0,50,5.6,0.0
2026-01-22,shendurni,Jamner,0.0,31.9,50,10.6,0.0
2026-01-22,pahur,Jamner,0.0,31.9,50,10.6,0.0
2026-01-22,neri,Jamner,0.0,31.9,50,10.6,0.0
2026-01-22,lohara,Jamner,0.0,31.9,50,10.6,0.0
2026-01-23,kanheri,Baramati,0.0,33.4,49,11.2,0.0
2026-01-23,jalochi,Baramati,0.0,33.4,49,11.2,0.0
2026-01-23,medad,Baramati,0.0,33.4,49,11.2,0.0
2026-01-23,nimbut,Baramati,0.0,33.4,49,11.2,0.0
2026-01-23,songaon,Baramati,0.0,33.4,49,11.2,0.0
2026-01-23,gunawadi,Baramati,0.0,33.4,49,11.2,0.0
2026-01-23,pandare,Baramati,0.0,33.4,49,11.2,0.0
2026-01-23,korhale,Baramati,0.0,33.4,49,11.2,0.0
2026-01-23,lasalgaon,Niphad,0.0,31.3,51,5.1,0.0
2026-01-23,pimpalgaon,Niphad,0.0,31.3,51,5.1,0.0
2026-01-23,vinchur,Niphad,0.0,31.3,51,5.1,0.0
2026-01-23,ozar,Niphad,0.0,31.3,51,5.1,0.0
2026-01-23,shendurni,Jamner,0.0,32.2,50,14.4,0.0
2026-01-23,pahur,Jamner,0.0,32.2,50,14.4,0.0
2026-01-23,neri,Jamner,0.0,32.2,50,14.4,0.0
2026-01-23,lohara,Jamner,0.0,32.2,50,14.4,0.0
2026-01-24,kanheri,Baramati,0.0,34.8,50,4.8,0.0
2026-01-24,jalochi,Baramati,0.0,34.8,50,4.8,0.0
2026-01-24,medad,Baramati,0.0,34.8,50,4.8,0.0
2026-01-24,nimbut,Baramati,0.0,34.8,50,4.8,0.0
2026-01-24,songaon,Baramati,0.0,34.8,50,4.8,0.0
2026-01-24,gunawadi,Baramati,0.0,34.8,50,4.8,0.0
2026-01-24,pandare,Baramati,0.0,34.8,50,4.8,0.0
2026-01-24,korhale,Baramati,0.0,34.8,50,4.8,0.0
2026-01-24,lasalgaon,Niphad,0.0,33.4,49,11.8,0.0
2026-01-24,pimpalgaon,Niphad,0.0,33.4,49,11.8,0.0
2026-01-24,vinchur,Niphad,0.0,33.4,49,11.8,0.0
2026-01-24,ozar,Niphad,0.0,33.4,49,11.8,0.0
2026-01-24,shendurni,Jamner,0.0,33.8,54,2.0,0.0
2026-01-24,pahur,Jamner,0.0,33.8,54,2.0,0.0
2026-01-24,neri,Jamner,0.0,33.8,54,2.0,0.0
2026-01-24,lohara,Jamner,0.0,33.8,54,2.0,0.0
2026-01-25,kanheri,Baramati,0.0,34.0,44,13.1,0.0
2026-01-25,jalochi,Baramati,0.0,34.0,44,13.1,0.0
2026-01-25,medad,Baramati,0.0,34.0,44,13.1,0.0
2026-01-25,nimbut,Baramati,0.0,34.0,44,13.1,0.0
2026-01-25,songaon,Baramati,0.0,34.0,44,13.1,0.0
2026-01-25,gunawadi,Baramati,0.0,34.0,44,13.1,0.0
2026-01-25,pandare,Baramati,0.0,34.0,44,13.1,0.0
2026-01-25,korhale,Baramati,0.0,34.0,44,13.1,0.0
2026-01-25,lasalgaon,Niphad,0.0,33.8,47,6.6,0.0
2026-01-25,pimpalgaon,Niphad,0.0,33.8,47,6.6,0.0
2026-01-25,vinchur,Niphad,0.0,33.8,47,6.6,0.0
2026-01-25,ozar,Niphad,0.0,33.8,47,6.6,0.0
2026-01-25,shendurni,Jamner,0.0,32.5,55,2.0,0.0
2026-01-25,pahur,Jamner,0.0,32.5,55,2.0,0.0
2026-01-25,neri,Jamner,0.0,32.5,55,2.0,0.0
2026-01-25,lohara,Jamner,0.0,32.5,55,2.0,0.0
2026-01-26,kanheri,Baramati,0.0,32.7,45,5.5,0.0
2026-01-26,jalochi,Baramati,0.0,32.7,45,5.5,0.0
2026-01-26,medad,Baramati,0.0,32.7,45,5.5,0.0
2026-01-26,nimbut,Baramati,0.0,32.7,45,5.5,0.0
2026-01-26,songaon,Baramati,0.0,32.7,45,5.5,0.0
2026-01-26,gunawadi,Baramati,0.0,32.7,45,5.5,0.0
2026-01-26,pandare,Baramati,0.0,32.7,45,5.5,0.0
2026-01-26,korhale,Baramati,0.0,32.7,45,5.5,0.0
2026-01-26,lasalgaon,Niphad,0.0,33.9,54,7.7,0.0
2026-01-26,pimpalgaon,Niphad,0.0,33.9,54,7.7,0.0
2026-01-26,vinchur,Niphad,0.0,33.9,54,7.7,0.0
2026-01-26,ozar,Niphad,0.0,33.9,54,7.7,0.0
2026-01-26,shendurni,Jamner,1.8,33.6,55,6.1,2.0
2026-01-26,pahur,Jamner,1.8,33.6,55,6.1,2.3
2026-01-26,neri,Jamner,1.8,33.6,55,6.1,1.7
2026-01-26,lohara,Jamner,1.8,33.6,55,6.1,1.1
2026-01-27,kanheri,Baramati,0.0,33.2,51,14.8,0.0
2026-01-27,jalochi,Baramati,0.0,33.2,51,14.8,0.0
2026-01-27,medad,Baramati,0.0,33.2,51,14.8,0.0
2026-01-27,nimbut,Baramati,0.0,33.2,51,14.8,0.0
2026-01-27,songaon,Baramati,0.0,33.2,51,14.8,0.0
2026-01-27,gunawadi,Baramati,0.0,33.2,51,14.8,0.0
2026-01-27,pandare,Baramati,0.0,33.2,51,14.8,0.0
2026-01-27,korhale,Baramati,0.0,33.2,51,14.8,0.0
2026-01-27,lasalgaon,Niphad,0.0,30.3,49,7.0,0.0
2026-01-27,pimpalgaon,Niphad,0.0,30.3,49,7.0,0.0
2026-01-27,vinchur,Niphad,0.0,30.3,49,7.0,0.0
2026-01-27,ozar,Niphad,0.0,30.3,49,7.0,0.0
2026-01-27,shendurni,Jamner,0.0,33.0,49,9.9,0.0
2026-01-27,pahur,Jamner,0.0,33.0,49,9.9,0.0
2026-01-27,neri,Jamner,0.0,33.0,49,9.9,0.0
2026-01-27,lohara,Jamner,0.0,33.0,49,9.9,0.0
2026-01-28,kanheri,Baramati,0.0,33.3,47,18.2,0.0
2026-01-28,jalochi,Baramati,0.0,33.3,47,18.2,0.0
2026-01-28,medad,Baramati,0.0,33.3,47,18.2,0.0
2026-01-28,nimbut,Baramati,0.0,33.3,47,18.2,0.0
2026-01-28,songaon,Baramati,0.0,33.3,47,18.2,0.0
2026-01-28,gunawadi,Baramati,0.0,33.3,47,18.2,0.0
2026-01-28,pandare,Baramati,0.0,33.3,47,18.2,0.0
2026-01-28,korhale,Baramati,0.0,33.3,47,18.2,0.0
2026-01-28,lasalgaon,Niphad,0.0,33.2,52,2.0,0.0
2026-01-28,pimpalgaon,Niphad,0.0,33.2,52,2.0,0.0
2026-01-28,vinchur,Niphad,0.0,33.2,52,2.0,0.0
2026-01-28,ozar,Niphad,0.0,33.2,52,2.0,0.0
2026-01-28,shendurni,Jamner,0.0,32.8,47,8.1,0.0
2026-01-28,pahur,Jamner,0.0,32.8,47,8.1,0.0
2026-01-28,neri,Jamner,0.0,32.8,47,8.1,0.0
2026-01-28,lohara,Jamner,0.0,32.8,47,8.1,0.0
2026-01-29,kanheri,Baramati,0.0,31.3,52,11.6,0.0
2026-01-29,jalochi,Baramati,0.0,31.3,52,11.6,0.0
2026-01-29,medad,Baramati,0.0,31.3,52,11.6,0.0
2026-01-29,nimbut,Baramati,0.0,31.3,52,11.6,0.0
2026-01-29,songaon,Baramati,0.0,31.3,52,11.6,0.0
2026-01-29,gunawadi,Baramati,0.0,31.3,52,11.6,0.0
2026-01-29,pandare,Baramati,0.0,31.3,52,11.6,0.0
2026-01-29,korhale,Baramati,0.0,31.3,52,11.6,0.0
2026-01-29,lasalgaon,Niphad,0.0,33.6,49,9.6,0.0
2026-01-29,pimpalgaon,Niphad,0.0,33.6,49,9.6,0.0
2026-01-29,vinchur,Niphad,0.0,33.6,49,9.6,0.0
2026-01-29,ozar,Niphad,0.0,33.6,49,9.6,0.0
2026-01-29,shendurni,Jamner,1.5,32.6,51,9.5,1.7
2026-01-29,pahur,Jamner,1.5,32.6,51,9.5,1.4
2026-01-29,neri,Jamner,1.5,32.6,51,9.5,1.5
2026-01-29,lohara,Jamner,1.5,32.6,51,9.5,0.9
2026-01-30,kanheri,Baramati,0.0,33.4,50,6.1,0.0
2026-01-30,jalochi,Baramati,0.0,33.4,50,6.1,0.0
2026-01-30,medad,Baramati,0.0,33.4,50,6.1,0.0
2026-01-30,nimbut,Baramati,0.0,33.4,50,6.1,0.0
2026-01-30,songaon,Baramati,0.0,33.4,50,6.1,0.0
2026-01-30,gunawadi,Baramati,0.0,33.4,50,6.1,0.0
2026-01-30,pandare,Baramati,0.0,33.4,50,6.1,0.0
2026-01-30,korhale,Baramati,0.0,33.4,50,6.1,0.0
2026-01-30,lasalgaon,Niphad,3.6,34.1,39,14.8,2.8
2026-01-30,pimpalgaon,Niphad,3.6,34.1,39,14.8,2.6
2026-01-30,vinchur,Niphad,3.6,34.1,39,14.8,3.0
2026-01-30,ozar,Niphad,3.6,34.1,39,14.8,4.2
2026-01-30,shendurni,Jamner,0.0,33.6,53,8.7,0.0
2026-01-30,pahur,Jamner,0.0,33.6,53,8.7,0.0
2026-01-30,neri,Jamner,0.0,33.6,53,8.7,0.0
2026-01-30,lohara,Jamner,0.0,33.6,53,8.7,0.0
2026-01-31,kanheri,Baramati,0.0,31.7,47,7.6,0.0
2026-01-31,jalochi,Baramati,0.0,31.7,47,7.6,0.0
2026-01-31,medad,Baramati,0.0,31.7,47,7.6,0.0
2026-01-31,nimbut,Baramati,0.0,31.7,47,7.6,0.0
2026-01-31,songaon,Baramati,0.0,31.7,47,7.6,0.0
2026-01-31,gunawadi,Baramati,0.0,31.7,47,7.6,0.0
2026-01-31,pandare,Baramati,0.0,31.7,47,7.6,0.0
2026-01-31,korhale,Baramati,0.0,31.7,47,7.6,0.0
2026-01-31,lasalgaon,Niphad,0.0,31.7,49,2.0,0.0
2026-01-31,pimpalgaon,Niphad,0.0,31.7,49,2.0,0.0
2026-01-31,vinchur,Niphad,0.0,31.7,49,2.0,0.0
2026-01-31,ozar,Niphad,0.0,31.7,49,2.0,0.0
2026-01-31,shendurni,Jamner,0.0,34.9,49,15.8,0.0
2026-01-31,pahur,Jamner,0.0,34.9,49,15.8,0.0
2026-01-31,neri,Jamner,0.0,34.9,49,15.8,0.0
2026-01-31,lohara,Jamner,0.0,34.9,49,15.8,0.0
2026-02-01,kanheri,Baramati,0.0,32.3,57,6.0,0.0
2026-02-01,jalochi,Baramati,0.0,32.3,57,6.0,0.0
2026-02-01,medad,Baramati,0.0,32.3,57,6.0,0.0
2026-02-01,nimbut,Baramati,0.0,32.3,57,6.0,0.0
2026-02-01,songaon,Baramati,0.0,32.3,57,6.0,0.0
2026-02-01,gunawadi,Baramati,0.0,32.3,57,6.0,0.0
2026-02-01,pandare,Baramati,0.0,32.3,57,6.0,0.0
2026-02-01,korhale,Baramati,0.0,32.3,57,6.0,0.0
2026-02-01,lasalgaon,Niphad,0.0,35.0,49,9.8,0.0
2026-02-01,pimpalgaon,Niphad,0.0,35.0,49,9.8,0.0
2026-02-01,vinchur,Niphad,0.0,35.0,49,9.8,0.0
2026-02-01,ozar,Niphad,0.0,35.0,49,9.8,0.0
2026-02-01,shendurni,Jamner,0.0,33.6,48,13.1,0.0
2026-02-01,pahur,Jamner,0.0,33.6,48,13.1,0.0
2026-02-01,neri,Jamner,0.0,33.6,48,13.1,0.0
2026-02-01,lohara,Jamner,0.0,33.6,48,13.1,0.0
2026-02-02,kanheri,Baramati,0.0,32.6,52,11.7,0.0
2026-02-02,jalochi,Baramati,0.0,32.6,52,11.7,0.0
2026-02-02,medad,Baramati,0.0,32.6,52,11.7,0.0
2026-02-02,nimbut,Baramati,0.0,32.6,52,11.7,0.0
2026-02-02,songaon,Baramati,0.0,32.6,52,11.7,0.0
2026-02-02,gunawadi,Baramati,0.0,32.6,52,11.7,0.0
2026-02-02,pandare,Baramati,0.0,32.6,52,11.7,0.0
2026-02-02,korhale,Baramati,0.0,32.6,52,11.7,0.0
2026-02-02,lasalgaon,Niphad,0.0,33.2,44,10.1,0.0
2026-02-02,pimpalgaon,Niphad,0.0,33.2,44,10.1,0.0
2026-02-02,vinchur,Niphad,0.0,33.2,44,10.1,0.0
2026-02-02,ozar,Niphad,0.0,33.2,44,10.1,0.0
2026-02-02,shendurni,Jamner,0.0,35.1,52,10.2,0.0
2026-02-02,pahur,Jamner,0.0,35.1,52,10.2,0.0
2026-02-02,neri,Jamner,0.0,35.1,52,10.2,0.0
2026-02-02,lohara,Jamner,0.0,35.1,52,10.2,0.0
2026-02-03,kanheri,Baramati,0.0,32.6,47,6.0,0.0
2026-02-03,jalochi,Baramati,0.0,32.6,47,6.0,0.0
2026-02-03,medad,Baramati,0.0,32.6,47,6.0,0.0
2026-02-03,nimbut,Baramati,0.0,32.6,47,6.0,0.0
2026-02-03,songaon,Baramati,0.0,32.6,47,6.0,0.0
2026-02-03,gunawadi,Baramati,0.0,32.6,47,6.0,0.0
2026-02-03,pandare,Baramati,0.0,32.6,47,6.0,0.0
2026-02-03,korhale,Baramati,0.0,32.6,47,6.0,0.0
2026-02-03,lasalgaon,Niphad,0.0,32.9,49,10.6,0.0
2026-02-03,pimpalgaon,Niphad,0.0,32.9,49,10.6,0.0
2026-02-03,vinchur,Niphad,0.0,32.9,49,10.6,0.0
2026-02-03,ozar,Niphad,0.0,32.9,49,10.6,0.0
2026-02-03,shendurni,Jamner,0.0,32.1,49,14.7,0.0
2026-02-03,pahur,Jamner,0.0,32.1,49,14.7,0.0
2026-02-03,neri,Jamner,0.0,32.1,49,14.7,0.0
2026-02-03,lohara,Jamner,0.0,32.1,49,14.7,0.0
2026-02-04,kanheri,Baramati,0.0,34.7,46,11.9,0.0
2026-02-04,jalochi,Baramati,0.0,34.7,46,11.9,0.0
2026-02-04,medad,Baramati,0.0,34.7,46,11.9,0.0
2026-02-04,nimbut,Baramati,0.0,34.7,46,11.9,0.0
2026-02-04,songaon,Baramati,0.0,34.7,46,11.9,0.0
2026-02-04,gunawadi,Baramati,0.0,34.7,46,11.9,0.0
2026-02-04,pandare,Baramati,0.0,34.7,46,11.9,0.0
2026-02-04,korhale,Baramati,0.0,34.7,46,11.9,0.0
2026-02-04,lasalgaon,Niphad,7.4,32.7,56,12.7,5.3
2026-02-04,pimpalgaon,Niphad,7.4,32.7,56,12.7,7.0
2026-02-04,vinchur,Niphad,7.4,32.7,56,12.7,6.0
2026-02-04,ozar,Niphad,7.4,32.7,56,12.7,9.7
2026-02-04,shendurni,Jamner,0.0,32.6,48,6.9,0.0
2026-02-04,pahur,Jamner,0.0,32.6,48,6.9,0.0
2026-02-04,neri,Jamner,0.0,32.6,48,6.9,0.0
2026-02-04,lohara,Jamner,0.0,32.6,48,6.9,0.0
2026-02-05,kanheri,Baramati,0.0,33.1,51,8.9,0.0
2026-02-05,jalochi,Baramati,0.0,33.1,51,8.9,0.0
2026-02-05,medad,Baramati,0.0,33.1,51,8.9,0.0
2026-02-05,nimbut,Baramati,0.0,33.1,51,8.9,0.0
2026-02-05,songaon,Baramati,0.0,33.1,51,8.9,0.0
2026-02-05,gunawadi,Baramati,0.0,33.1,51,8.9,0.0
2026-02-05,pandare,Baramati,0.0,33.1,51,8.9,0.0
2026-02-05,korhale,Baramati,0.0,33.1,51,8.9,0.0
2026-02-05,lasalgaon,Niphad,7.6,32.2,46,8.1,5.5
2026-02-05,pimpalgaon,Niphad,7.6,32.2,46,8.1,6.2
2026-02-05,vinchur,Niphad,7.6,32.2,46,8.1,8.3
2026-02-05,ozar,Niphad,7.6,32.2,46,8.1,7.7
2026-02-05,shendurni,Jamner,0.0,32.9,49,6.5,0.0
2026-02-05,pahur,Jamner,0.0,32.9,49,6.5,0.0
2026-02-05,neri,Jamner,0.0,32.9,49,6.5,0.0
2026-02-05,lohara,Jamner,0.0,32.9,49,6.5,0.0
2026-02-06,kanheri,Baramati,0.0,33.6,50,4.2,0.0
2026-02-06,jalochi,Baramati,0.0,33.6,50,4.2,0.0
2026-02-06,medad,Baramati,0.0,33.6,50,4.2,0.0
2026-02-06,nimbut,Baramati,0.0,33.6,50,4.2,0.0
2026-02-06,songaon,Baramati,0.0,33.6,50,4.2,0.0
2026-02-06,gunawadi,Baramati,0.0,33.6,50,4.2,0.0
2026-02-06,pandare,Baramati,0.0,33.6,50,4.2,0.0
2026-02-06,korhale,Baramati,0.0,33.6,50,4.2,0.0
2026-02-06,lasalgaon,Niphad,0.0,31.4,48,13.1,0.0
2026-02-06,pimpalgaon,Niphad,0.0,31.4,48,13.1,0.0
2026-02-06,vinchur,Niphad,0.0,31.4,48,13.1,0.0
2026-02-06,ozar,Niphad,0.0,31.4,48,13.1,0.0
2026-02-06,shendurni,Jamner,0.0,32.0,47,2.0,0.0
2026-02-06,pahur,Jamner,0.0,32.0,47,2.0,0.0
2026-02-06,neri,Jamner,0.0,32.0,47,2.0,0.0
2026-02-06,lohara,Jamner,0.0,32.0,47,2.0,0.0
2026-02-07,kanheri,Baramati,8.3,32.4,54,10.6,7.7
2026-02-07,jalochi,Baramati,8.3,32.4,54,10.6,5.8
2026-02-07,medad,Baramati,8.3,32.4,54,10.6,12.9
2026-02-07,nimbut,Baramati,8.3,32.4,54,10.6,12.1
2026-02-07,songaon,Baramati,8.3,32.4,54,10.6,8.8
2026-02-07,gunawadi,Baramati,8.3,32.4,54,10.6,8.7
2026-02-07,pandare,Baramati,8.3,32.4,54,10.6,6.6
2026-02-07,korhale,Baramati,8.3,32.4,54,10.6,8.4
2026-02-07,lasalgaon,Niphad,0.0,35.0,51,14.6,0.0
2026-02-07,pimpalgaon,Niphad,0.0,35.0,51,14.6,0.0
2026-02-07,vinchur,Niphad,0.0,35.0,51,14.6,0.0
2026-02-07,ozar,Niphad,0.0,35.0,51,14.6,0.0
2026-02-07,shendurni,Jamner,0.0,32.1,50,7.8,0.0
2026-02-07,pahur,Jamner,0.0,32.1,50,7.8,0.0
2026-02-07,neri,Jamner,0.0,32.1,50,7.8,0.0
2026-02-07,lohara,Jamner,0.0,32.1,50,7.8,0.0
2026-02-08,kanheri,Baramati,0.0,34.9,46,13.1,0.0
2026-02-08,jalochi,Baramati,0.0,34.9,46,13.1,0.0
2026-02-08,medad,Baramati,0.0,34.9,46,13.1,0.0
2026-02-08,nimbut,Baramati,0.0,34.9,46,13.1,0.0
2026-02-08,songaon,Baramati,0.0,34.9,46,13.1,0.0
2026-02-08,gunawadi,Baramati,0.0,34.9,46,13.1,0.0
2026-02-08,pandare,Baramati,0.0,34.9,46,13.1,0.0
2026-02-08,korhale,Baramati,0.0,34.9,46,13.1,0.0
2026-02-08,lasalgaon,Niphad,18.6,32.4,52,12.8,13.5
2026-02-08,pimpalgaon,Niphad,18.6,32.4,52,12.8,21.8
2026-02-08,vinchur,Niphad,18.6,32.4,52,12.8,18.8
2026-02-08,ozar,Niphad,18.6,32.4,52,12.8,18.6
2026-02-08,shendurni,Jamner,0.0,35.1,50,9.4,0.0
2026-02-08,pahur,Jamner,0.0,35.1,50,9.4,0.0
2026-02-08,neri,Jamner,0.0,35.1,50,9.4,0.0
2026-02-08,lohara,Jamner,0.0,35.1,50,9.4,0.0
2026-02-09,kanheri,Baramati,0.0,30.9,51,8.6,0.0
2026-02-09,jalochi,Baramati,0.0,30.9,51,8.6,0.0
2026-02-09,medad,Baramati,0.0,30.9,51,8.6,0.0
2026-02-09,nimbut,Baramati,0.0,30.9,51,8.6,0.0
2026-02-09,songaon,Baramati,0.0,30.9,51,8.6,0.0
2026-02-09,gunawadi,Baramati,0.0,30.9,51,8.6,0.0
2026-02-09,pandare,Baramati,0.0,30.9,51,8.6,0.0
2026-02-09,korhale,Baramati,0.0,30.9,51,8.6,0.0
2026-02-09,lasalgaon,Niphad,1.1,34.5,51,13.6,1.1
2026-02-09,pimpalgaon,Niphad,1.1,34.5,51,13.6,0.9
2026-02-09,vinchur,Niphad,1.1,34.5,51,13.6,1.0
2026-02-09,ozar,Niphad,1.1,34.5,51,13.6,1.2
2026-02-09,shendurni,Jamner,0.0,31.7,50,10.4,0.0
2026-02-09,pahur,Jamner,0.0,31.7,50,10.4,0.0
2026-02-09,neri,Jamner,0.0,31.7,50,10.4,0.0
2026-02-09,lohara,Jamner,0.0,31.7,50,10.4,0.0
2026-02-10,kanheri,Baramati,0.0,34.5,53,5.0,0.0
2026-02-10,jalochi,Baramati,0.0,34.5,53,5.0,0.0
2026-02-10,medad,Baramati,0.0,34.5,53,5.0,0.0
2026-02-10,nimbut,Baramati,0.0,34.5,53,5.0,0.0
2026-02-10,songaon,Baramati,0.0,34.5,53,5.0,0.0
2026-02-10,gunawadi,Baramati,0.0,34.5,53,5.0,0.0
2026-02-10,pandare,Baramati,0.0,34.5,53,5.0,0.0
2026-02-10,korhale,Baramati,0.0,34.5,53,5.0,0.0
2026-02-10,lasalgaon,Niphad,0.0,31.6,51,5.3,0.0
2026-02-10,pimpalgaon,Niphad,0.0,31.6,51,5.3,0.0
2026-02-10,vinchur,Niphad,0.0,31.6,51,5.3,0.0
2026-02-10,ozar,Niphad,0.0,31.6,51,5.3,0.0
2026-02-10,shendurni,Jamner,0.0,33.1,53,12.5,0.0
2026-02-10,pahur,Jamner,0.0,33.1,53,12.5,0.0
2026-02-10,neri,Jamner,0.0,33.1,53,12.5,0.0
2026-02-10,lohara,Jamner,0.0,33.1,53,12.5,0.0
2026-02-11,kanheri,Baramati,0.0,30.5,50,12.2,0.0
2026-02-11,jalochi,Baramati,0.0,30.5,50,12.2,0.0
2026-02-11,medad,Baramati,0.0,30.5,50,12.2,0.0
2026-02-11,nimbut,Baramati,0.0,30.5,50,12.2,0.0
2026-02-11,songaon,Baramati,0.0,30.5,50,12.2,0.0
2026-02-11,gunawadi,Baramati,0.0,30.5,50,12.2,0.0
2026-02-11,pandare,Baramati,0.0,30.5,50,12.2,0.0
2026-02-11,korhale,Baramati,0.0,30.5,50,12.2,0.0
2026-02-11,lasalgaon,Niphad,0.0,34.9,46,11.8,0.0
2026-02-11,pimpalgaon,Niphad,0.0,34.9,46,11.8,0.0
2026-02-11,vinchur,Niphad,0.0,34.9,46,11.8,0.0
2026-02-11,ozar,Niphad,0.0,34.9,46,11.8,0.0
2026-02-11,shendurni,Jamner,0.0,33.3,47,7.2,0.0
2026-02-11,pahur,Jamner,0.0,33.3,47,7.2,0.0
2026-02-11,neri,Jamner,0.0,33.3,47,7.2,0.0
2026-02-11,lohara,Jamner,0.0,33.3,47,7.2,0.0
2026-02-12,kanheri,Baramati,1.9,33.2,50,8.9,2.4
2026-02-12,jalochi,Baramati,1.9,33.2,50,8.9,1.8
2026-02-12,medad,Baramati,1.9,33.2,50,8.9,2.4
2026-02-12,nimbut,Baramati,1.9,33.2,50,8.9,2.1
2026-02-12,songaon,Baramati,1.9,33.2,50,8.9,1.5
2026-02-12,gunawadi,Baramati,1.9,33.2,50,8.9,2.0
2026-02-12,pandare,Baramati,1.9,33.2,50,8.9,1.6
2026-02-12,korhale,Baramati,1.9,33.2,50,8.9,2.8
2026-02-12,lasalgaon,Niphad,0.0,33.9,46,6.1,0.0
2026-02-12,pimpalgaon,Niphad,0.0,33.9,46,6.1,0.0
2026-02-12,vinchur,Niphad,0.0,33.9,46,6.1,0.0
2026-02-12,ozar,Niphad,0.0,33.9,46,6.1,0.0
2026-02-12,shendurni,Jamner,0.0,34.8,48,11.8,0.0
2026-02-12,pahur,Jamner,0.0,34.8,48,11.8,0.0
2026-02-12,neri,Jamner,0.0,34.8,48,11.8,0.0
2026-02-12,lohara,Jamner,0.0,34.8,48,11.8,0.0
2026-02-13,kanheri,Baramati,0.0,32.2,49,6.7,0.0
2026-02-13,jalochi,Baramati,0.0,32.2,49,6.7,0.0
2026-02-13,medad,Baramati,0.0,32.2,49,6.7,0.0
2026-02-13,nimbut,Baramati,0.0,32.2,49,6.7,0.0
2026-02-13,songaon,Baramati,0.0,32.2,49,6.7,0.0
2026-02-13,gunawadi,Baramati,0.0,32.2,49,6.7,0.0
2026-02-13,pandare,Baramati,0.0,32.2,49,6.7,0.0
2026-02-13,korhale,Baramati,0.0,32.2,49,6.7,0.0
2026-02-13,lasalgaon,Niphad,0.0,33.4,50,9.8,0.0
2026-02-13,pimpalgaon,Niphad,0.0,33.4,50,9.8,0.0
2026-02-13,vinchur,Niphad,0.0,33.4,50,9.8,0.0
2026-02-13,ozar,Niphad,0.0,33.4,50,9.8,0.0
2026-02-13,shendurni,Jamner,0.0,31.1,51,7.5,0.0
2026-02-13,pahur,Jamner,0.0,31.1,51,7.5,0.0
2026-02-13,neri,Jamner,0.0,31.1,51,7.5,0.0
2026-02-13,lohara,Jamner,0.0,31.1,51,7.5,0.0
2026-02-14,kanheri,Baramati,11.4,29.9,53,10.1,11.8
2026-02-14,jalochi,Baramati,11.4,29.9,53,10.1,12.1
2026-02-14,medad,Baramati,11.4,29.9,53,10.1,10.2
2026-02-14,nimbut,Baramati,11.4,29.9,53,10.1,11.4
2026-02-14,songaon,Baramati,11.4,29.9,53,10.1,12.2
2026-02-14,gunawadi,Baramati,11.4,29.9,53,10.1,9.8
2026-02-14,pandare,Baramati,11.4,29.9,53,10.1,9.9
2026-02-14,korhale,Baramati,11.4,29.9,53,10.1,10.1
2026-02-14,lasalgaon,Niphad,0.0,33.8,51,8.6,0.0
2026-02-14,pimpalgaon,Niphad,0.0,33.8,51,8.6,0.0
2026-02-14,vinchur,Niphad,0.0,33.8,51,8.6,0.0
2026-02-14,ozar,Niphad,0.0,33.8,51,8.6,0.0
2026-02-14,shendurni,Jamner,0.0,32.3,48,8.4,0.0
2026-02-14,pahur,Jamner,0.0,32.3,48,8.4,0.0
2026-02-14,neri,Jamner,0.0,32.3,48,8.4,0.0
2026-02-14,lohara,Jamner,0.0,32.3,48,8.4,0.0
2026-02-15,kanheri,Baramati,0.0,33.0,48,2.2,0.0
2026-02-15,jalochi,Baramati,0.0,33.0,48,2.2,0.0
2026-02-15,medad,Baramati,0.0,33.0,48,2.2,0.0
2026-02-15,nimbut,Baramati,0.0,33.0,48,2.2,0.0
2026-02-15,songaon,Baramati,0.0,33.0,48,2.2,0.0
2026-02-15,gunawadi,Baramati,0.0,33.0,48,2.2,0.0
2026-02-15,pandare,Baramati,0.0,33.0,48,2.2,0.0
2026-02-15,korhale,Baramati,0.0,33.0,48,2.2,0.0
2026-02-15,lasalgaon,Niphad,0.0,34.0,46,8.3,0.0
2026-02-15,pimpalgaon,Niphad,0.0,34.0,46,8.3,0.0
2026-02-15,vinchur,Niphad,0.0,34.0,46,8.3,0.0
2026-02-15,ozar,Niphad,0.0,34.0,46,8.3,0.0
2026-02-15,shendurni,Jamner,0.0,34.7,48,6.6,0.0
2026-02-15,pahur,Jamner,0.0,34.7,48,6.6,0.0
2026-02-15,neri,Jamner,0.0,34.7,48,6.6,0.0
2026-02-15,lohara,Jamner,0.0,34.7,48,6.6,0.0
2026-02-16,kanheri,Baramati,1.6,30.2,53,5.1,1.6
2026-02-16,jalochi,Baramati,1.6,30.2,53,5.1,1.4
2026-02-16,medad,Baramati,1.6,30.2,53,5.1,1.7
2026-02-16,nimbut,Baramati,1.6,30.2,53,5.1,1.3
2026-02-16,songaon,Baramati,1.6,30.2,53,5.1,1.2
2026-02-16,gunawadi,Baramati,1.6,30.2,53,5.1,1.3
2026-02-16,pandare,Baramati,1.6,30.2,53,5.1,1.3
2026-02-16,korhale,Baramati,1.6,30.2,53,5.1,2.2
2026-02-16,lasalgaon,Niphad,0.0,34.6,55,8.8,0.0
2026-02-16,pimpalgaon,Niphad,0.0,34.6,55,8.8,0.0
2026-02-16,vinchur,Niphad,0.0,34.6,55,8.8,0.0
2026-02-16,ozar,Niphad,0.0,34.6,55,8.8,0.0
2026-02-16,shendurni,Jamner,0.0,33.4,49,10.2,0.0
2026-02-16,pahur,Jamner,0.0,33.4,49,10.2,0.0
2026-02-16,neri,Jamner,0.0,33.4,49,10.2,0.0
2026-02-16,lohara,Jamner,0.0,33.4,49,10.2,0.0
2026-02-17,kanheri,Baramati,0.0,32.4,49,9.4,0.0
2026-02-17,jalochi,Baramati,0.0,32.4,49,9.4,0.0
2026-02-17,medad,Baramati,0.0,32.4,49,9.4,0.0
2026-02-17,nimbut,Baramati,0.0,32.4,49,9.4,0.0
2026-02-17,songaon,Baramati,0.0,32.4,49,9.4,0.0
2026-02-17,gunawadi,Baramati,0.0,32.4,49,9.4,0.0
2026-02-17,pandare,Baramati,0.0,32.4,49,9.4,0.0
2026-02-17,korhale,Baramati,0.0,32.4,49,9.4,0.0
2026-02-17,lasalgaon,Niphad,0.0,32.6,52,10.3,0.0
2026-02-17,pimpalgaon,Niphad,0.0,32.6,52,10.3,0.0
2026-02-17,vinchur,Niphad,0.0,32.6,52,10.3,0.0
2026-02-17,ozar,Niphad,0.0,32.6,52,10.3,0.0
2026-02-17,shendurni,Jamner,2.6,35.4,56,2.0,2.3
2026-02-17,pahur,Jamner,2.6,35.4,56,2.0,2.7
2026-02-17,neri,Jamner,2.6,35.4,56,2.0,1.5
2026-02-17,lohara,Jamner,2.6,35.4,56,2.0,2.0
2026-02-18,kanheri,Baramati,0.0,30.7,52,10.8,0.0
2026-02-18,jalochi,Baramati,0.0,30.7,52,10.8,0.0
2026-02-18,medad,Baramati,0.0,30.7,52,10.8,0.0
2026-02-18,nimbut,Baramati,0.0,30.7,52,10.8,0.0
2026-02-18,songaon,Baramati,0.0,30.7,52,10.8,0.0
2026-02-18,gunawadi,Baramati,0.0,30.7,52,10.8,0.0
2026-02-18,pandare,Baramati,0.0,30.7,52,10.8,0.0
2026-02-18,korhale,Baramati,0.0,30.7,52,10.8,0.0
2026-02-18,lasalgaon,Niphad,0.0,34.5,42,6.8,0.0
2026-02-18,pimpalgaon,Niphad,0.0,34.5,42,6.8,0.0
2026-02-18,vinchur,Niphad,0.0,34.5,42,6.8,0.0
2026-02-18,ozar,Niphad,0.0,34.5,42,6.8,0.0
2026-02-18,shendurni,Jamner,0.0,32.2,54,9.2,0.0
2026-02-18,pahur,Jamner,0.0,32.2,54,9.2,0.0
2026-02-18,neri,Jamner,0.0,32.2,54,9.2,0.0
2026-02-18,lohara,Jamner,0.0,32.2,54,9.2,0.0
2026-02-19,kanheri,Baramati,0.0,36.6,52,6.7,0.0
2026-02-19,jalochi,Baramati,0.0,36.6,52,6.7,0.0
2026-02-19,medad,Baramati,0.0,36.6,52,6.7,0.0
2026-02-19,nimbut,Baramati,0.0,36.6,52,6.7,0.0
2026-02-19,songaon,Baramati,0.0,36.6,52,6.7,0.0
2026-02-19,gunawadi,Baramati,0.0,36.6,52,6.7,0.0
2026-02-19,pandare,Baramati,0.0,36.6,52,6.7,0.0
2026-02-19,korhale,Baramati,0.0,36.6,52,6.7,0.0
2026-02-19,lasalgaon,Niphad,0.0,32.0,47,9.3,0.0
2026-02-19,pimpalgaon,Niphad,0.0,32.0,47,9.3,0.0
2026-02-19,vinchur,Niphad,0.0,32.0,47,9.3,0.0
2026-02-19,ozar,Niphad,0.0,32.0,47,9.3,0.0
2026-02-19,shendurni,Jamner,0.0,35.1,51,10.5,0.0
2026-02-19,pahur,Jamner,0.0,35.1,51,10.5,0.0
2026-02-19,neri,Jamner,0.0,35.1,51,10.5,0.0
2026-02-19,lohara,Jamner,0.0,35.1,51,10.5,0.0
2026-02-20,kanheri,Baramati,0.0,33.0,51,10.3,0.0
2026-02-20,jalochi,Baramati,0.0,33.0,51,10.3,0.0
2026-02-20,medad,Baramati,0.0,33.0,51,10.3,0.0
2026-02-20,nimbut,Baramati,0.0,33.0,51,10.3,0.0
2026-02-20,songaon,Baramati,0.0,33.0,51,10.3,0.0
2026-02-20,gunawadi,Baramati,0.0,33.0,51,10.3,0.0
2026-02-20,pandare,Baramati,0.0,33.0,51,10.3,0.0
2026-02-20,korhale,Baramati,0.0,33.0,51,10.3,0.0
2026-02-20,lasalgaon,Niphad,0.0,33.9,61,10.0,0.0
2026-02-20,pimpalgaon,Niphad,0.0,33.9,61,10.0,0.0
2026-02-20,vinchur,Niphad,0.0,33.9,61,10.0,0.0
2026-02-20,ozar,Niphad,0.0,33.9,61,10.0,0.0
2026-02-20,shendurni,Jamner,5.9,34.2,48,7.9,6.1
2026-02-20,pahur,Jamner,5.9,34.2,48,7.9,6.2
2026-02-20,neri,Jamner,5.9,34.2,48,7.9,6.0
2026-02-20,lohara,Jamner,5.9,34.2,48,7.9,4.0
2026-02-21,kanheri,Baramati,0.0,33.8,50,12.3,0.0
2026-02-21,jalochi,Baramati,0.0,33.8,50,12.3,0.0
2026-02-21,medad,Baramati,0.0,33.8,50,12.3,0.0
2026-02-21,nimbut,Baramati,0.0,33.8,50,12.3,0.0
2026-02-21,songaon,Baramati,0.0,33.8,50,12.3,0.0
2026-02-21,gunawadi,Baramati,0.0,33.8,50,12.3,0.0
2026-02-21,pandare,Baramati,0.0,33.8,50,12.3,0.0
2026-02-21,korhale,Baramati,0.0,33.8,50,12.3,0.0
2026-02-21,lasalgaon,Niphad,0.0,32.7,52,8.5,0.0
2026-02-21,pimpalgaon,Niphad,0.0,32.7,52,8.5,0.0
2026-02-21,vinchur,Niphad,0.0,32.7,52,8.5,0.0
2026-02-21,ozar,Niphad,0.0,32.7,52,8.5,0.0
2026-02-21,shendurni,Jamner,0.0,34.0,57,6.7,0.0
2026-02-21,pahur,Jamner,0.0,34.0,57,6.7,0.0
2026-02-21,neri,Jamner,0.0,34.0,57,6.7,0.0
2026-02-21,lohara,Jamner,0.0,34.0,57,6.7,0.0
2026-02-22,kanheri,Baramati,0.0,32.6,51,7.6,0.0
2026-02-22,jalochi,Baramati,0.0,32.6,51,7.6,0.0
2026-02-22,medad,Baramati,0.0,32.6,51,7.6,0.0
2026-02-22,nimbut,Baramati,0.0,32.6,51,7.6,0.0
2026-02-22,songaon,Baramati,0.0,32.6,51,7.6,0.0
2026-02-22,gunawadi,Baramati,0.0,32.6,51,7.6,0.0
2026-02-22,pandare,Baramati,0.0,32.6,51,7.6,0.0
2026-02-22,korhale,Baramati,0.0,32.6,51,7.6,0.0
2026-02-22,lasalgaon,Niphad,0.0,33.0,54,11.4,0.0
2026-02-22,pimpalgaon,Niphad,0.0,33.0,54,11.4,0.0
2026-02-22,vinchur,Niphad,0.0,33.0,54,11.4,0.0
2026-02-22,ozar,Niphad,0.0,33.0,54,11.4,0.0
2026-02-22,shendurni,Jamner,0.0,30.8,48,9.9,0.0
2026-02-22,pahur,Jamner,0.0,30.8,48,9.9,0.0
2026-02-22,neri,Jamner,0.0,30.8,48,9.9,0.0
2026-02-22,lohara,Jamner,0.0,30.8,48,9.9,0.0
2026-02-23,kanheri,Baramati,0.0,33.2,55,8.3,0.0
2026-02-23,jalochi,Baramati,0.0,33.2,55,8.3,0.0
2026-02-23,medad,Baramati,0.0,33.2,55,8.3,0.0
2026-02-23,nimbut,Baramati,0.0,33.2,55,8.3,0.0
2026-02-23,songaon,Baramati,0.0,33.2,55,8.3,0.0
2026-02-23,gunawadi,Baramati,0.0,33.2,55,8.3,0.0
2026-02-23,pandare,Baramati,0.0,33.2,55,8.3,0.0
2026-02-23,korhale,Baramati,0.0,33.2,55,8.3,0.0
2026-02-23,lasalgaon,Niphad,0.0,33.4,51,8.3,0.0
2026-02-23,pimpalgaon,Niphad,0.0,33.4,51,8.3,0.0
2026-02-23,vinchur,Niphad,0.0,33.4,51,8.3,0.0
2026-02-23,ozar,Niphad,0.0,33.4,51,8.3,0.0
2026-02-23,shendurni,Jamner,0.0,31.5,51,14.9,0.0
2026-02-23,pahur,Jamner,0.0,31.5,51,14.9,0.0
2026-02-23,neri,Jamner,0.0,31.5,51,14.9,0.0
2026-02-23,lohara,Jamner,0.0,31.5,51,14.9,0.0
2026-02-24,kanheri,Baramati,0.0,31.9,41,10.6,0.0
2026-02-24,jalochi,Baramati,0.0,31.9,41,10.6,0.0
2026-02-24,medad,Baramati,0.0,31.9,41,10.6,0.0
2026-02-24,nimbut,Baramati,0.0,31.9,41,10.6,0.0
2026-02-24,songaon,Baramati,0.0,31.9,41,10.6,0.0
2026-02-24,gunawadi,Baramati,0.0,31.9,41,10.6,0.0
2026-02-24,pandare,Baramati,0.0,31.9,41,10.6,0.0
2026-02-24,korhale,Baramati,0.0,31.9,41,10.6,0.0
2026-02-24,lasalgaon,Niphad,0.0,34.7,56,6.8,0.0
2026-02-24,pimpalgaon,Niphad,0.0,34.7,56,6.8,0.0
2026-02-24,vinchur,Niphad,0.0,34.7,56,6.8,0.0
2026-02-24,ozar,Niphad,0.0,34.7,56,6.8,0.0
2026-02-24,shendurni,Jamner,0.0,32.1,46,7.6,0.0
2026-02-24,pahur,Jamner,0.0,32.1,46,7.6,0.0
2026-02-24,neri,Jamner,0.0,32.1,46,7.6,0.0
2026-02-24,lohara,Jamner,0.0,32.1,46,7.6,0.0
2026-02-25,kanheri,Baramati,0.0,34.8,52,16.6,0.0
2026-02-25,jalochi,Baramati,0.0,34.8,52,16.6,0.0
2026-02-25,medad,Baramati,0.0,34.8,52,16.6,0.0
2026-02-25,nimbut,Baramati,0.0,34.8,52,16.6,0.0
2026-02-25,songaon,Baramati,0.0,34.8,52,16.6,0.0
2026-02-25,gunawadi,Baramati,0.0,34.8,52,16.6,0.0
2026-02-25,pandare,Baramati,0.0,34.8,52,16.6,0.0
2026-02-25,korhale,Baramati,0.0,34.8,52,16.6,0.0
2026-02-25,lasalgaon,Niphad,0.0,32.4,47,8.4,0.0
2026-02-25,pimpalgaon,Niphad,0.0,32.4,47,8.4,0.0
2026-02-25,vinchur,Niphad,0.0,32.4,47,8.4,0.0
2026-02-25,ozar,Niphad,0.0,32.4,47,8.4,0.0
2026-02-25,shendurni,Jamner,0.0,33.4,45,8.0,0.0
2026-02-25,pahur,Jamner,0.0,33.4,45,8.0,0.0
2026-02-25,neri,Jamner,0.0,33.4,45,8.0,0.0
2026-02-25,lohara,Jamner,0.0,33.4,45,8.0,0.0
2026-02-26,kanheri,Baramati,0.0,32.3,43,6.3,0.0
2026-02-26,jalochi,Baramati,0.0,32.3,43,6.3,0.0
2026-02-26,medad,Baramati,0.0,32.3,43,6.3,0.0
2026-02-26,nimbut,Baramati,0.0,32.3,43,6.3,0.0
2026-02-26,songaon,Baramati,0.0,32.3,43,6.3,0.0
2026-02-26,gunawadi,Baramati,0.0,32.3,43,6.3,0.0
2026-02-26,pandare,Baramati,0.0,32.3,43,6.3,0.0
2026-02-26,korhale,Baramati,0.0,32.3,43,6.3,0.0
2026-02-26,lasalgaon,Niphad,0.0,33.1,46,7.0,0.0
2026-02-26,pimpalgaon,Niphad,0.0,33.1,46,7.0,0.0
2026-02-26,vinchur,Niphad,0.0,33.1,46,7.0,0.0
2026-02-26,ozar,Niphad,0.0,33.1,46,7.0,0.0
2026-02-26,shendurni,Jamner,0.0,31.6,54,4.9,0.0
2026-02-26,pahur,Jamner,0.0,31.6,54,4.9,0.0
2026-02-26,neri,Jamner,0.0,31.6,54,4.9,0.0
2026-02-26,lohara,Jamner,0.0,31.6,54,4.9,0.0
2026-02-27,kanheri,Baramati,0.0,32.3,50,14.9,0.0
2026-02-27,jalochi,Baramati,0.0,32.3,50,14.9,0.0
2026-02-27,medad,Baramati,0.0,32.3,50,14.9,0.0
2026-02-27,nimbut,Baramati,0.0,32.3,50,14.9,0.0
2026-02-27,songaon,Baramati,0.0,32.3,50,14.9,0.0
2026-02-27,gunawadi,Baramati,0.0,32.3,50,14.9,0.0
2026-02-27,pandare,Baramati,0.0,32.3,50,14.9,0.0
2026-02-27,korhale,Baramati,0.0,32.3,50,14.9,0.0
2026-02-27,lasalgaon,Niphad,0.0,34.9,46,9.0,0.0
2026-02-27,pimpalgaon,Niphad,0.0,34.9,46,9.0,0.0
2026-02-27,vinchur,Niphad,0.0,34.9,46,9.0,0.0
2026-02-27,ozar,Niphad,0.0,34.9,46,9.0,0.0
2026-02-27,shendurni,Jamner,0.0,34.0,45,9.7,0.0
2026-02-27,pahur,Jamner,0.0,34.0,45,9.7,0.0
2026-02-27,neri,Jamner,0.0,34.0,45,9.7,0.0
2026-02-27,lohara,Jamner,0.0,34.0,45,9.7,0.0
2026-02-28,kanheri,Baramati,0.3,32.9,53,5.9,0.3
2026-02-28,jalochi,Baramati,0.3,32.9,53,5.9,0.3
2026-02-28,medad,Baramati,0.3,32.9,53,5.9,0.4
2026-02-28,nimbut,Baramati,0.3,32.9,53,5.9,0.3
2026-02-28,songaon,Baramati,0.3,32.9,53,5.9,0.3
2026-02-28,gunawadi,Baramati,0.3,32.9,53,5.9,0.3
2026-02-28,pandare,Baramati,0.3,32.9,53,5.9,0.3
2026-02-28,korhale,Baramati,0.3,32.9,53,5.9,0.3
2026-02-28,lasalgaon,Niphad,0.0,32.3,52,9.8,0.0
2026-02-28,pimpalgaon,Niphad,0.0,32.3,52,9.8,0.0
2026-02-28,vinchur,Niphad,0.0,32.3,52,9.8,0.0
2026-02-28,ozar,Niphad,0.0,32.3,52,9.8,0.0
2026-02-28,shendurni,Jamner,0.0,32.3,49,2.0,0.0
2026-02-28,pahur,Jamner,0.0,32.3,49,2.0,0.0
2026-02-28,neri,Jamner,0.0,32.3,49,2.0,0.0
2026-02-28,lohara,Jamner,0.0,32.3,49,2.0,0.0
2026-03-01,kanheri,Baramati,0.0,34.8,49,3.3,0.0
2026-03-01,jalochi,Baramati,0.0,34.8,49,3.3,0.0
2026-03-01,medad,Baramati,0.0,34.8,49,3.3,0.0
2026-03-01,nimbut,Baramati,0.0,34.8,49,3.3,0.0
2026-03-01,songaon,Baramati,0.0,34.8,49,3.3,0.0
2026-03-01,gunawadi,Baramati,0.0,34.8,49,3.3,0.0
2026-03-01,pandare,Baramati,0.0,34.8,49,3.3,0.0
2026-03-01,korhale,Baramati,0.0,34.8,49,3.3,0.0
2026-03-01,lasalgaon,Niphad,0.0,35.1,49,12.0,0.0
2026-03-01,pimpalgaon,Niphad,0.0,35.1,49,12.0,0.0
2026-03-01,vinchur,Niphad,0.0,35.1,49,12.0,0.0
2026-03-01,ozar,Niphad,0.0,35.1,49,12.0,0.0
2026-03-01,shendurni,Jamner,0.0,33.2,49,18.4,0.0
2026-03-01,pahur,Jamner,0.0,33.2,49,18.4,0.0
2026-03-01,neri,Jamner,0.0,33.2,49,18.4,0.0
2026-03-01,lohara,Jamner,0.0,33.2,49,18.4,0.0
2026-03-02,kanheri,Baramati,0.0,33.1,42,4.6,0.0
2026-03-02,jalochi,Baramati,0.0,33.1,42,4.6,0.0
2026-03-02,medad,Baramati,0.0,33.1,42,4.6,0.0
2026-03-02,nimbut,Baramati,0.0,33.1,42,4.6,0.0
2026-03-02,songaon,Baramati,0.0,33.1,42,4.6,0.0
2026-03-02,gunawadi,Baramati,0.0,33.1,42,4.6,0.0
2026-03-02,pandare,Baramati,0.0,33.1,42,4.6,0.0
2026-03-02,korhale,Baramati,0.0,33.1,42,4.6,0.0
2026-03-02,lasalgaon,Niphad,0.0,31.2,44,6.8,0.0
2026-03-02,pimpalgaon,Niphad,0.0,31.2,44,6.8,0.0
2026-03-02,vinchur,Niphad,0.0,31.2,44,6.8,0.0
2026-03-02,ozar,Niphad,0.0,31.2,44,6.8,0.0
2026-03-02,shendurni,Jamner,0.0,35.8,46,13.2,0.0
2026-03-02,pahur,Jamner,0.0,35.8,46,13.2,0.0
2026-03-02,neri,Jamner,0.0,35.8,46,13.2,0.0
2026-03-02,lohara,Jamner,0.0,35.8,46,13.2,0.0
2026-03-03,kanheri,Baramati,0.0,32.7,52,7.7,0.0
2026-03-03,jalochi,Baramati,0.0,32.7,52,7.7,0.0
2026-03-03,medad,Baramati,0.0,32.7,52,7.7,0.0
2026-03-03,nimbut,Baramati,0.0,32.7,52,7.7,0.0
2026-03-03,songaon,Baramati,0.0,32.7,52,7.7,0.0
2026-03-03,gunawadi,Baramati,0.0,32.7,52,7.7,0.0
2026-03-03,pandare,Baramati,0.0,32.7,52,7.7,0.0
2026-03-03,korhale,Baramati,0.0,32.7,52,7.7,0.0
2026-03-03,lasalgaon,Niphad,0.0,33.6,47,7.3,0.0
2026-03-03,pimpalgaon,Niphad,0.0,33.6,47,7.3,0.0
2026-03-03,vinchur,Niphad,0.0,33.6,47,7.3,0.0
2026-03-03,ozar,Niphad,0.0,33.6,47,7.3,0.0
2026-03-03,shendurni,Jamner,0.0,34.6,43,6.3,0.0
2026-03-03,pahur,Jamner,0.0,34.6,43,6.3,0.0
2026-03-03,neri,Jamner,0.0,34.6,43,6.3,0.0
2026-03-03,lohara,Jamner,0.0,34.6,43,6.3,0.0
2026-03-04,kanheri,Baramati,0.0,34.3,51,12.9,0.0
2026-03-04,jalochi,Baramati,0.0,34.3,51,12.9,0.0
2026-03-04,medad,Baramati,0.0,34.3,51,12.9,0.0
2026-03-04,nimbut,Baramati,0.0,34.3,51,12.9,0.0
2026-03-04,songaon,Baramati,0.0,34.3,51,12.9,0.0
2026-03-04,gunawadi,Baramati,0.0,34.3,51,12.9,0.0
2026-03-04,pandare,Baramati,0.0,34.3,51,12.9,0.0
2026-03-04,korhale,Baramati,0.0,34.3,51,12.9,0.0
2026-03-04,lasalgaon,Niphad,0.0,32.8,45,10.5,0.0
2026-03-04,pimpalgaon,Niphad,0.0,32.8,45,10.5,0.0
2026-03-04,vinchur,Niphad,0.0,32.8,45,10.5,0.0
2026-03-04,ozar,Niphad,0.0,32.8,45,10.5,0.0
2026-03-04,shendurni,Jamner,6.8,32.3,49,12.4,8.8
2026-03-04,pahur,Jamner,6.8,32.3,49,12.4,6.5
2026-03-04,neri,Jamner,6.8,32.3,49,12.4,5.6
2026-03-04,lohara,Jamner,6.8,32.3,49,12.4,9.6
2026-03-05,kanheri,Baramati,0.0,36.3,51,9.7,0.0
2026-03-05,jalochi,Baramati,0.0,36.3,51,9.7,0.0
2026-03-05,medad,Baramati,0.0,36.3,51,9.7,0.0
2026-03-05,nimbut,Baramati,0.0,36.3,51,9.7,0.0
2026-03-05,songaon,Baramati,0.0,36.3,51,9.7,0.0
2026-03-05,gunawadi,Baramati,0.0,36.3,51,9.7,0.0
2026-03-05,pandare,Baramati,0.0,36.3,51,9.7,0.0
2026-03-05,korhale,Baramati,0.0,36.3,51,9.7,0.0
2026-03-05,lasalgaon,Niphad,7.4,31.9,57,2.7,6.9
2026-03-05,pimpalgaon,Niphad,7.4,31.9,57,2.7,7.8
2026-03-05,vinchur,Niphad,7.4,31.9,57,2.7,7.8
2026-03-05,ozar,Niphad,7.4,31.9,57,2.7,8.3
2026-03-05,shendurni,Jamner,1.2,35.0,41,11.3,1.2
2026-03-05,pahur,Jamner,1.2,35.0,41,11.3,1.5
2026-03-05,neri,Jamner,1.2,35.0,41,11.3,1.0
2026-03-05,lohara,Jamner,1.2,35.0,41,11.3,1.0
2026-03-06,kanheri,Baramati,0.0,33.8,54,5.7,0.0
2026-03-06,jalochi,Baramati,0.0,33.8,54,5.7,0.0
2026-03-06,medad,Baramati,0.0,33.8,54,5.7,0.0
2026-03-06,nimbut,Baramati,0.0,33.8,54,5.7,0.0
2026-03-06,songaon,Baramati,0.0,33.8,54,5.7,0.0
2026-03-06,gunawadi,Baramati,0.0,33.8,54,5.7,0.0
2026-03-06,pandare,Baramati,0.0,33.8,54,5.7,0.0
2026-03-06,korhale,Baramati,0.0,33.8,54,5.7,0.0
2026-03-06,lasalgaon,Niphad,0.0,30.5,55,6.5,0.0
2026-03-06,pimpalgaon,Niphad,0.0,30.5,55,6.5,0.0
2026-03-06,vinchur,Niphad,0.0,30.5,55,6.5,0.0
2026-03-06,ozar,Niphad,0.0,30.5,55,6.5,0.0
2026-03-06,shendurni,Jamner,0.4,32.1,47,9.1,0.5
2026-03-06,pahur,Jamner,0.4,32.1,47,9.1,0.4
2026-03-06,neri,Jamner,0.4,32.1,47,9.1,0.3
2026-03-06,lohara,Jamner,0.4,32.1,47,9.1,0.3
2026-03-07,kanheri,Baramati,0.0,34.5,51,8.9,0.0
2026-03-07,jalochi,Baramati,0.0,34.5,51,8.9,0.0
2026-03-07,medad,Baramati,0.0,34.5,51,8.9,0.0
2026-03-07,nimbut,Baramati,0.0,34.5,51,8.9,0.0
2026-03-07,songaon,Baramati,0.0,34.5,51,8.9,0.0
2026-03-07,gunawadi,Baramati,0.0,34.5,51,8.9,0.0
2026-03-07,pandare,Baramati,0.0,34.5,51,8.9,0.0
2026-03-07,korhale,Baramati,0.0,34.5,51,8.9,0.0
2026-03-07,lasalgaon,Niphad,0.0,32.0,46,8.2,0.0
2026-03-07,pimpalgaon,Niphad,0.0,32.0,46,8.2,0.0
2026-03-07,vinchur,Niphad,0.0,32.0,46,8.2,0.0
2026-03-07,ozar,Niphad,0.0,32.0,46,8.2,0.0
2026-03-07,shendurni,Jamner,0.0,31.5,50,9.2,0.0
2026-03-07,pahur,Jamner,0.0,31.5,50,9.2,0.0
2026-03-07,neri,Jamner,0.0,31.5,50,9.2,0.0
2026-03-07,lohara,Jamner,0.0,31.5,50,9.2,0.0
2026-03-08,kanheri,Baramati,0.0,33.8,43,7.3,0.0
2026-03-08,jalochi,Baramati,0.0,33.8,43,7.3,0.0
2026-03-08,medad,Baramati,0.0,33.8,43,7.3,0.0
2026-03-08,nimbut,Baramati,0.0,33.8,43,7.3,0.0
2026-03-08,songaon,Baramati,0.0,33.8,43,7.3,0.0
2026-03-08,gunawadi,Baramati,0.0,33.8,43,7.3,0.0
2026-03-08,pandare,Baramati,0.0,33.8,43,7.3,0.0
2026-03-08,korhale,Baramati,0.0,33.8,43,7.3,0.0
2026-03-08,lasalgaon,Niphad,0.0,31.9,48,2.2,0.0
2026-03-08,pimpalgaon,Niphad,0.0,31.9,48,2.2,0.0
2026-03-08,vinchur,Niphad,0.0,31.9,48,2.2,0.0
2026-03-08,ozar,Niphad,0.0,31.9,48,2.2,0.0
2026-03-08,shendurni,Jamner,0.0,32.5,50,4.6,0.0
2026-03-08,pahur,Jamner,0.0,32.5,50,4.6,0.0
2026-03-08,neri,Jamner,0.0,32.5,50,4.6,0.0
2026-03-08,lohara,Jamner,0.0,32.5,50,4.6,0.0
2026-03-09,kanheri,Baramati,0.0,31.5,50,7.3,0.0
2026-03-09,jalochi,Baramati,0.0,31.5,50,7.3,0.0
2026-03-09,medad,Baramati,0.0,31.5,50,7.3,0.0
2026-03-09,nimbut,Baramati,0.0,31.5,50,7.3,0.0
2026-03-09,songaon,Baramati,0.0,31.5,50,7.3,0.0
2026-03-09,gunawadi,Baramati,0.0,31.5,50,7.3,0.0
2026-03-09,pandare,Baramati,0.0,31.5,50,7.3,0.0
2026-03-09,korhale,Baramati,0.0,31.5,50,7.3,0.0
2026-03-09,lasalgaon,Niphad,0.0,33.9,49,15.6,0.0
2026-03-09,pimpalgaon,Niphad,0.0,33.9,49,15.6,0.0
2026-03-09,vinchur,Niphad,0.0,33.9,49,15.6,0.0
2026-03-09,ozar,Niphad,0.0,33.9,49,15.6,0.0
2026-03-09,shendurni,Jamner,0.0,34.8,43,15.3,0.0
2026-03-09,pahur,Jamner,0.0,34.8,43,15.3,0.0
2026-03-09,neri,Jamner,0.0,34.8,43,15.3,0.0
2026-03-09,lohara,Jamner,0.0,34.8,43,15.3,0.0
2026-03-10,kanheri,Baramati,0.0,31.3,51,6.2,0.0
2026-03-10,jalochi,Baramati,0.0,31.3,51,6.2,0.0
2026-03-10,medad,Baramati,0.0,31.3,51,6.2,0.0
2026-03-10,nimbut,Baramati,0.0,31.3,51,6.2,0.0
2026-03-10,songaon,Baramati,0.0,31.3,51,6.2,0.0
2026-03-10,gunawadi,Baramati,0.0,31.3,51,6.2,0.0
2026-03-10,pandare,Baramati,0.0,31.3,51,6.2,0.0
2026-03-10,korhale,Baramati,0.0,31.3,51,6.2,0.0
2026-03-10,lasalgaon,Niphad,0.0,32.7,53,12.9,0.0
2026-03-10,pimpalgaon,Niphad,0.0,32.7,53,12.9,0.0
2026-03-10,vinchur,Niphad,0.0,32.7,53,12.9,0.0
2026-03-10,ozar,Niphad,0.0,32.7,53,12.9,0.0
2026-03-10,shendurni,Jamner,0.0,33.4,50,10.4,0.0
2026-03-10,pahur,Jamner,0.0,33.4,50,10.4,0.0
2026-03-10,neri,Jamner,0.0,33.4,50,10.4,0.0
2026-03-10,lohara,Jamner,0.0,33.4,50,10.4,0.0
2026-03-11,kanheri,Baramati,9.7,31.9,50,13.6,8.9
2026-03-11,jalochi,Baramati,9.7,31.9,50,13.6,12.1
2026-03-11,medad,Baramati,9.7,31.9,50,13.6,10.2
2026-03-11,nimbut,Baramati,9.7,31.9,50,13.6,11.8
2026-03-11,songaon,Baramati,9.7,31.9,50,13.6,10.7
2026-03-11,gunawadi,Baramati,9.7,31.9,50,13.6,7.8
2026-03-11,pandare,Baramati,9.7,31.9,50,13.6,8.3
2026-03-11,korhale,Baramati,9.7,31.9,50,13.6,13.4
2026-03-11,lasalgaon,Niphad,11.6,32.4,50,9.1,9.7
2026-03-11,pimpalgaon,Niphad,11.6,32.4,50,9.1,9.5
2026-03-11,vinchur,Niphad,11.6,32.4,50,9.1,10.2
2026-03-11,ozar,Niphad,11.6,32.4,50,9.1,10.7
2026-03-11,shendurni,Jamner,0.0,33.9,49,10.3,0.0
2026-03-11,pahur,Jamner,0.0,33.9,49,10.3,0.0
2026-03-11,neri,Jamner,0.0,33.9,49,10.3,0.0
2026-03-11,lohara,Jamner,0.0,33.9,49,10.3,0.0
2026-03-12,kanheri,Baramati,0.0,32.7,52,11.3,0.0
2026-03-12,jalochi,Baramati,0.0,32.7,52,11.3,0.0
2026-03-12,medad,Baramati,0.0,32.7,52,11.3,0.0
2026-03-12,nimbut,Baramati,0.0,32.7,52,11.3,0.0
2026-03-12,songaon,Baramati,0.0,32.7,52,11.3,0.0
2026-03-12,gunawadi,Baramati,0.0,32.7,52,11.3,0.0
2026-03-12,pandare,Baramati,0.0,32.7,52,11.3,0.0
2026-03-12,korhale,Baramati,0.0,32.7,52,11.3,0.0
2026-03-12,lasalgaon,Niphad,0.0,33.8,54,3.5,0.0
2026-03-12,pimpalgaon,Niphad,0.0,33.8,54,3.5,0.0
2026-03-12,vinchur,Niphad,0.0,33.8,54,3.5,0.0
2026-03-12,ozar,Niphad,0.0,33.8,54,3.5,0.0
2026-03-12,shendurni,Jamner,0.0,31.3,44,4.8,0.0
2026-03-12,pahur,Jamner,0.0,31.3,44,4.8,0.0
2026-03-12,neri,Jamner,0.0,31.3,44,4.8,0.0
2026-03-12,lohara,Jamner,0.0,31.3,44,4.8,0.0
2026-03-13,kanheri,Baramati,0.0,33.3,57,12.7,0.0
2026-03-13,jalochi,Baramati,0.0,33.3,57,12.7,0.0
2026-03-13,medad,Baramati,0.0,33.3,57,12.7,0.0
2026-03-13,nimbut,Baramati,0.0,33.3,57,12.7,0.0
2026-03-13,songaon,Baramati,0.0,33.3,57,12.7,0.0
2026-03-13,gunawadi,Baramati,0.0,33.3,57,12.7,0.0
2026-03-13,pandare,Baramati,0.0,33.3,57,12.7,0.0
2026-03-13,korhale,Baramati,0.0,33.3,57,12.7,0.0
2026-03-13,lasalgaon,Niphad,1.1,32.3,49,12.8,0.9
2026-03-13,pimpalgaon,Niphad,1.1,32.3,49,12.8,1.1
2026-03-13,vinchur,Niphad,1.1,32.3,49,12.8,1.1
2026-03-13,ozar,Niphad,1.1,32.3,49,12.8,1.1
2026-03-13,shendurni,Jamner,0.0,33.8,43,6.0,0.0
2026-03-13,pahur,Jamner,0.0,33.8,43,6.0,0.0
2026-03-13,neri,Jamner,0.0,33.8,43,6.0,0.0
2026-03-13,lohara,Jamner,0.0,33.8,43,6.0,0.0
2026-03-14,kanheri,Baramati,0.0,34.1,50,10.9,0.0
2026-03-14,jalochi,Baramati,0.0,34.1,50,10.9,0.0
2026-03-14,medad,Baramati,0.0,34.1,50,10.9,0.0
2026-03-14,nimbut,Baramati,0.0,34.1,50,10.9,0.0
2026-03-14,songaon,Baramati,0.0,34.1,50,10.9,0.0
2026-03-14,gunawadi,Baramati,0.0,34.1,50,10.9,0.0
2026-03-14,pandare,Baramati,0.0,34.1,50,10.9,0.0
2026-03-14,korhale,Baramati,0.0,34.1,50,10.9,0.0
2026-03-14,lasalgaon,Niphad,0.0,31.6,52,8.2,0.0
2026-03-14,pimpalgaon,Niphad,0.0,31.6,52,8.2,0.0
2026-03-14,vinchur,Niphad,0.0,31.6,52,8.2,0.0
2026-03-14,ozar,Niphad,0.0,31.6,52,8.2,0.0
2026-03-14,shendurni,Jamner,0.0,32.5,55,14.6,0.0
2026-03-14,pahur,Jamner,0.0,32.5,55,14.6,0.0
2026-03-14,neri,Jamner,0.0,32.5,55,14.6,0.0
2026-03-14,lohara,Jamner,0.0,32.5,55,14.6,0.0
2026-03-15,kanheri,Baramati,0.0,34.4,48,7.2,0.0
2026-03-15,jalochi,Baramati,0.0,34.4,48,7.2,0.0
2026-03-15,medad,Baramati,0.0,34.4,48,7.2,0.0
2026-03-15,nimbut,Baramati,0.0,34.4,48,7.2,0.0
2026-03-15,songaon,Baramati,0.0,34.4,48,7.2,0.0
2026-03-15,gunawadi,Baramati,0.0,34.4,48,7.2,0.0
2026-03-15,pandare,Baramati,0.0,34.4,48,7.2,0.0
2026-03-15,korhale,Baramati,0.0,34.4,48,7.2,0.0
2026-03-15,lasalgaon,Niphad,0.0,33.5,48,2.0,0.0
2026-03-15,pimpalgaon,Niphad,0.0,33.5,48,2.0,0.0
2026-03-15,vinchur,Niphad,0.0,33.5,48,2.0,0.0
2026-03-15,ozar,Niphad,0.0,33.5,48,2.0,0.0
2026-03-15,shendurni,Jamner,1.2,33.7,58,8.9,1.0
2026-03-15,pahur,Jamner,1.2,33.7,58,8.9,1.2
2026-03-15,neri,Jamner,1.2,33.7,58,8.9,1.0
2026-03-15,lohara,Jamner,1.2,33.7,58,8.9,1.2
2026-03-16,kanheri,Baramati,0.0,33.5,49,7.2,0.0
2026-03-16,jalochi,Baramati,0.0,33.5,49,7.2,0.0
2026-03-16,medad,Baramati,0.0,33.5,49,7.2,0.0
2026-03-16,nimbut,Baramati,0.0,33.5,49,7.2,0.0
2026-03-16,songaon,Baramati,0.0,33.5,49,7.2,0.0
2026-03-16,gunawadi,Baramati,0.0,33.5,49,7.2,0.0
2026-03-16,pandare,Baramati,0.0,33.5,49,7.2,0.0
2026-03-16,korhale,Baramati,0.0,33.5,49,7.2,0.0
2026-03-16,lasalgaon,Niphad,0.0,32.8,52,3.3,0.0
2026-03-16,pimpalgaon,Niphad,0.0,32.8,52,3.3,0.0
2026-03-16,vinchur,Niphad,0.0,32.8,52,3.3,0.0
2026-03-16,ozar,Niphad,0.0,32.8,52,3.3,0.0
2026-03-16,shendurni,Jamner,1.3,31.9,53,13.5,1.2
2026-03-16,pahur,Jamner,1.3,31.9,53,13.5,1.5
2026-03-16,neri,Jamner,1.3,31.9,53,13.5,1.2
2026-03-16,lohara,Jamner,1.3,31.9,53,13.5,1.0
2026-03-17,kanheri,Baramati,0.0,32.3,55,10.2,0.0
2026-03-17,jalochi,Baramati,0.0,32.3,55,10.2,0.0
2026-03-17,medad,Baramati,0.0,32.3,55,10.2,0.0
2026-03-17,nimbut,Baramati,0.0,32.3,55,10.2,0.0
2026-03-17,songaon,Baramati,0.0,32.3,55,10.2,0.0
2026-03-17,gunawadi,Baramati,0.0,32.3,55,10.2,0.0
2026-03-17,pandare,Baramati,0.0,32.3,55,10.2,0.0
2026-03-17,korhale,Baramati,0.0,32.3,55,10.2,0.0
2026-03-17,lasalgaon,Niphad,0.0,31.0,48,8.2,0.0
2026-03-17,pimpalgaon,Niphad,0.0,31.0,48,8.2,0.0
2026-03-17,vinchur,Niphad,0.0,31.0,48,8.2,0.0
2026-03-17,ozar,Niphad,0.0,31.0,48,8.2,0.0
2026-03-17,shendurni,Jamner,0.0,32.4,42,4.5,0.0
2026-03-17,pahur,Jamner,0.0,32.4,42,4.5,0.0
2026-03-17,neri,Jamner,0.0,32.4,42,4.5,0.0
2026-03-17,lohara,Jamner,0.0,32.4,42,4.5,0.0
2026-03-18,kanheri,Baramati,0.0,32.5,53,9.9,0.0
2026-03-18,jalochi,Baramati,0.0,32.5,53,9.9,0.0
2026-03-18,medad,Baramati,0.0,32.5,53,9.9,0.0
2026-03-18,nimbut,Baramati,0.0,32.5,53,9.9,0.0
2026-03-18,songaon,Baramati,0.0,32.5,53,9.9,0.0
2026-03-18,gunawadi,Baramati,0.0,32.5,53,9.9,0.0
2026-03-18,pandare,Baramati,0.0,32.5,53,9.9,0.0
2026-03-18,korhale,Baramati,0.0,32.5,53,9.9,0.0
2026-03-18,lasalgaon,Niphad,0.0,32.9,55,9.0,0.0
2026-03-18,pimpalgaon,Niphad,0.0,32.9,55,9.0,0.0
2026-03-18,vinchur,Niphad,0.0,32.9,55,9.0,0.0
2026-03-18,ozar,Niphad,0.0,32.9,55,9.0,0.0
2026-03-18,shendurni,Jamner,0.0,32.7,50,2.0,0.0
2026-03-18,pahur,Jamner,0.0,32.7,50,2.0,0.0
2026-03-18,neri,Jamner,0.0,32.7,50,2.0,0.0
2026-03-18,lohara,Jamner,0.0,32.7,50,2.0,0.0
2026-03-19,kanheri,Baramati,0.0,32.5,51,11.4,0.0
2026-03-19,jalochi,Baramati,0.0,32.5,51,11.4,0.0
2026-03-19,medad,Baramati,0.0,32.5,51,11.4,0.0
2026-03-19,nimbut,Baramati,0.0,32.5,51,11.4,0.0
2026-03-19,songaon,Baramati,0.0,32.5,51,11.4,0.0
2026-03-19,gunawadi,Baramati,0.0,32.5,51,11.4,0.0
2026-03-19,pandare,Baramati,0.0,32.5,51,11.4,0.0
2026-03-19,korhale,Baramati,0.0,32.5,51,11.4,0.0
2026-03-19,lasalgaon,Niphad,0.0,32.1,49,8.4,0.0
2026-03-19,pimpalgaon,Niphad,0.0,32.1,49,8.4,0.0
2026-03-19,vinchur,Niphad,0.0,32.1,49,8.4,0.0
2026-03-19,ozar,Niphad,0.0,32.1,49,8.4,0.0
2026-03-19,shendurni,Jamner,0.0,33.6,50,19.2,0.0
2026-03-19,pahur,Jamner,0.0,33.6,50,19.2,0.0
2026-03-19,neri,Jamner,0.0,33.6,50,19.2,0.0
2026-03-19,lohara,Jamner,0.0,33.6,50,19.2,0.0
2026-03-20,kanheri,Baramati,0.0,32.0,49,8.4,0.0
2026-03-20,jalochi,Baramati,0.0,32.0,49,8.4,0.0
2026-03-20,medad,Baramati,0.0,32.0,49,8.4,0.0
2026-03-20,nimbut,Baramati,0.0,32.0,49,8.4,0.0
2026-03-20,songaon,Baramati,0.0,32.0,49,8.4,0.0
2026-03-20,gunawadi,Baramati,0.0,32.0,49,8.4,0.0
2026-03-20,pandare,Baramati,0.0,32.0,49,8.4,0.0
2026-03-20,korhale,Baramati,0.0,32.0,49,8.4,0.0
2026-03-20,lasalgaon,Niphad,0.0,33.2,54,14.0,0.0
2026-03-20,pimpalgaon,Niphad,0.0,33.2,54,14.0,0.0
2026-03-20,vinchur,Niphad,0.0,33.2,54,14.0,0.0
2026-03-20,ozar,Niphad,0.0,33.2,54,14.0,0.0
2026-03-20,shendurni,Jamner,0.0,35.5,50,9.5,0.0
2026-03-20,pahur,Jamner,0.0,35.5,50,9.5,0.0
2026-03-20,neri,Jamner,0.0,35.5,50,9.5,0.0
2026-03-20,lohara,Jamner,0.0,35.5,50,9.5,0.0
2026-03-21,kanheri,Baramati,0.0,31.8,49,9.6,0.0
2026-03-21,jalochi,Baramati,0.0,31.8,49,9.6,0.0
2026-03-21,medad,Baramati,0.0,31.8,49,9.6,0.0
2026-03-21,nimbut,Baramati,0.0,31.8,49,9.6,0.0
2026-03-21,songaon,Baramati,0.0,31.8,49,9.6,0.0
2026-03-21,gunawadi,Baramati,0.0,31.8,49,9.6,0.0
2026-03-21,pandare,Baramati,0.0,31.8,49,9.6,0.0
2026-03-21,korhale,Baramati,0.0,31.8,49,9.6,0.0
2026-03-21,lasalgaon,Niphad,0.0,33.5,48,7.3,0.0
2026-03-21,pimpalgaon,Niphad,0.0,33.5,48,7.3,0.0
2026-03-21,vinchur,Niphad,0.0,33.5,48,7.3,0.0
2026-03-21,ozar,Niphad,0.0,33.5,48,7.3,0.0
2026-03-21,shendurni,Jamner,0.0,32.5,53,5.0,0.0
2026-03-21,pahur,Jamner,0.0,32.5,53,5.0,0.0
2026-03-21,neri,Jamner,0.0,32.5,53,5.0,0.0
2026-03-21,lohara,Jamner,0.0,32.5,53,5.0,0.0
2026-03-22,kanheri,Baramati,0.0,35.2,46,15.9,0.0
2026-03-22,jalochi,Baramati,0.0,35.2,46,15.9,0.0
2026-03-22,medad,Baramati,0.0,35.2,46,15.9,0.0
2026-03-22,nimbut,Baramati,0.0,35.2,46,15.9,0.0
2026-03-22,songaon,Baramati,0.0,35.2,46,15.9,0.0
2026-03-22,gunawadi,Baramati,0.0,35.2,46,15.9,0.0
2026-03-22,pandare,Baramati,0.0,35.2,46,15.9,0.0
2026-03-22,korhale,Baramati,0.0,35.2,46,15.9,0.0
2026-03-22,lasalgaon,Niphad,0.0,30.4,47,8.9,0.0
2026-03-22,pimpalgaon,Niphad,0.0,30.4,47,8.9,0.0
2026-03-22,vinchur,Niphad,0.0,30.4,47,8.9,0.0
2026-03-22,ozar,Niphad,0.0,30.4,47,8.9,0.0
2026-03-22,shendurni,Jamner,0.0,32.2,52,15.6,0.0
2026-03-22,pahur,Jamner,0.0,32.2,52,15.6,0.0
2026-03-22,neri,Jamner,0.0,32.2,52,15.6,0.0
2026-03-22,lohara,Jamner,0.0,32.2,52,15.6,0.0
2026-03-23,kanheri,Baramati,0.0,33.7,50,2.1,0.0
2026-03-23,jalochi,Baramati,0.0,33.7,50,2.1,0.0
2026-03-23,medad,Baramati,0.0,33.7,50,2.1,0.0
2026-03-23,nimbut,Baramati,0.0,33.7,50,2.1,0.0
2026-03-23,songaon,Baramati,0.0,33.7,50,2.1,0.0
2026-03-23,gunawadi,Baramati,0.0,33.7,50,2.1,0.0
2026-03-23,pandare,Baramati,0.0,33.7,50,2.1,0.0
2026-03-23,korhale,Baramati,0.0,33.7,50,2.1,0.0
2026-03-23,lasalgaon,Niphad,0.0,31.9,53,9.3,0.0
2026-03-23,pimpalgaon,Niphad,0.0,31.9,53,9.3,0.0
2026-03-23,vinchur,Niphad,0.0,31.9,53,9.3,0.0
2026-03-23,ozar,Niphad,0.0,31.9,53,9.3,0.0
2026-03-23,shendurni,Jamner,0.0,34.4,47,9.7,0.0
2026-03-23,pahur,Jamner,0.0,34.4,47,9.7,0.0
2026-03-23,neri,Jamner,0.0,34.4,47,9.7,0.0
2026-03-23,lohara,Jamner,0.0,34.4,47,9.7,0.0
2026-03-24,kanheri,Baramati,0.0,34.2,45,5.1,0.0
2026-03-24,jalochi,Baramati,0.0,34.2,45,5.1,0.0
2026-03-24,medad,Baramati,0.0,34.2,45,5.1,0.0
2026-03-24,nimbut,Baramati,0.0,34.2,45,5.1,0.0
2026-03-24,songaon,Baramati,0.0,34.2,45,5.1,0.0
2026-03-24,gunawadi,Baramati,0.0,34.2,45,5.1,0.0
2026-03-24,pandare,Baramati,0.0,34.2,45,5.1,0.0
2026-03-24,korhale,Baramati,0.0,34.2,45,5.1,0.0
2026-03-24,lasalgaon,Niphad,0.0,34.8,53,9.3,0.0
2026-03-24,pimpalgaon,Niphad,0.0,34.8,53,9.3,0.0
2026-03-24,vinchur,Niphad,0.0,34.8,53,9.3,0.0
2026-03-24,ozar,Niphad,0.0,34.8,53,9.3,0.0
2026-03-24,shendurni,Jamner,10.9,32.0,59,2.0,11.6
2026-03-24,pahur,Jamner,10.9,32.0,59,2.0,10.9
2026-03-24,neri,Jamner,10.9,32.0,59,2.0,9.1
2026-03-24,lohara,Jamner,10.9,32.0,59,2.0,9.4
2026-03-25,kanheri,Baramati,0.0,33.9,53,12.9,0.0
2026-03-25,jalochi,Baramati,0.0,33.9,53,12.9,0.0
2026-03-25,medad,Baramati,0.0,33.9,53,12.9,0.0
2026-03-25,nimbut,Baramati,0.0,33.9,53,12.9,0.0
2026-03-25,songaon,Baramati,0.0,33.9,53,12.9,0.0
2026-03-25,gunawadi,Baramati,0.0,33.9,53,12.9,0.0
2026-03-25,pandare,Baramati,0.0,33.9,53,12.9,0.0
2026-03-25,korhale,Baramati,0.0,33.9,53,12.9,0.0
2026-03-25,lasalgaon,Niphad,0.0,33.3,49,6.7,0.0
2026-03-25,pimpalgaon,Niphad,0.0,33.3,49,6.7,0.0
2026-03-25,vinchur,Niphad,0.0,33.3,49,6.7,0.0
2026-03-25,ozar,Niphad,0.0,33.3,49,6.7,0.0
2026-03-25,shendurni,Jamner,0.0,33.8,50,2.6,0.0
2026-03-25,pahur,Jamner,0.0,33.8,50,2.6,0.0
2026-03-25,neri,Jamner,0.0,33.8,50,2.6,0.0
2026-03-25,lohara,Jamner,0.0,33.8,50,2.6,0.0
2026-03-26,kanheri,Baramati,0.0,32.5,52,9.8,0.0
2026-03-26,jalochi,Baramati,0.0,32.5,52,9.8,0.0
2026-03-26,medad,Baramati,0.0,32.5,52,9.8,0.0
2026-03-26,nimbut,Baramati,0.0,32.5,52,9.8,0.0
2026-03-26,songaon,Baramati,0.0,32.5,52,9.8,0.0
2026-03-26,gunawadi,Baramati,0.0,32.5,52,9.8,0.0
2026-03-26,pandare,Baramati,0.0,32.5,52,9.8,0.0
2026-03-26,korhale,Baramati,0.0,32.5,52,9.8,0.0
2026-03-26,lasalgaon,Niphad,0.0,32.7,52,14.1,0.0
2026-03-26,pimpalgaon,Niphad,0.0,32.7,52,14.1,0.0
2026-03-26,vinchur,Niphad,0.0,32.7,52,14.1,0.0
2026-03-26,ozar,Niphad,0.0,32.7,52,14.1,0.0
2026-03-26,shendurni,Jamner,0.0,32.4,55,6.2,0.0
2026-03-26,pahur,Jamner,0.0,32.4,55,6.2,0.0
2026-03-26,neri,Jamner,0.0,32.4,55,6.2,0.0
2026-03-26,lohara,Jamner,0.0,32.4,55,6.2,0.0
2026-03-27,kanheri,Baramati,0.0,33.7,46,9.6,0.0
2026-03-27,jalochi,Baramati,0.0,33.7,46,9.6,0.0
2026-03-27,medad,Baramati,0.0,33.7,46,9.6,0.0
2026-03-27,nimbut,Baramati,0.0,33.7,46,9.6,0.0
2026-03-27,songaon,Baramati,0.0,33.7,46,9.6,0.0
2026-03-27,gunawadi,Baramati,0.0,33.7,46,9.6,0.0
2026-03-27,pandare,Baramati,0.0,33.7,46,9.6,0.0
2026-03-27,korhale,Baramati,0.0,33.7,46,9.6,0.0
2026-03-27,lasalgaon,Niphad,0.0,33.2,49,6.9,0.0
2026-03-27,pimpalgaon,Niphad,0.0,33.2,49,6.9,0.0
2026-03-27,vinchur,Niphad,0.0,33.2,49,6.9,0.0
2026-03-27,ozar,Niphad,0.0,33.2,49,6.9,0.0
2026-03-27,shendurni,Jamner,0.0,32.8,44,7.6,0.0
2026-03-27,pahur,Jamner,0.0,32.8,44,7.6,0.0
2026-03-27,neri,Jamner,0.0,32.8,44,7.6,0.0
2026-03-27,lohara,Jamner,0.0,32.8,44,7.6,0.0
2026-03-28,kanheri,Baramati,0.0,33.8,54,11.5,0.0
2026-03-28,jalochi,Baramati,0.0,33.8,54,11.5,0.0
2026-03-28,medad,Baramati,0.0,33.8,54,11.5,0.0
2026-03-28,nimbut,Baramati,0.0,33.8,54,11.5,0.0
2026-03-28,songaon,Baramati,0.0,33.8,54,11.5,0.0
2026-03-28,gunawadi,Baramati,0.0,33.8,54,11.5,0.0
2026-03-28,pandare,Baramati,0.0,33.8,54,11.5,0.0
2026-03-28,korhale,Baramati,0.0,33.8,54,11.5,0.0
2026-03-28,lasalgaon,Niphad,0.0,33.2,39,6.3,0.0
2026-03-28,pimpalgaon,Niphad,0.0,33.2,39,6.3,0.0
2026-03-28,vinchur,Niphad,0.0,33.2,39,6.3,0.0
2026-03-28,ozar,Niphad,0.0,33.2,39,6.3,0.0
2026-03-28,shendurni,Jamner,0.0,33.1,51,3.9,0.0
2026-03-28,pahur,Jamner,0.0,33.1,51,3.9,0.0
2026-03-28,neri,Jamner,0.0,33.1,51,3.9,0.0
2026-03-28,lohara,Jamner,0.0,33.1,51,3.9,0.0
2026-03-29,kanheri,Baramati,0.0,32.7,57,10.2,0.0
2026-03-29,jalochi,Baramati,0.0,32.7,57,10.2,0.0
2026-03-29,medad,Baramati,0.0,32.7,57,10.2,0.0
2026-03-29,nimbut,Baramati,0.0,32.7,57,10.2,0.0
2026-03-29,songaon,Baramati,0.0,32.7,57,10.2,0.0
2026-03-29,gunawadi,Baramati,0.0,32.7,57,10.2,0.0
2026-03-29,pandare,Baramati,0.0,32.7,57,10.2,0.0
2026-03-29,korhale,Baramati,0.0,32.7,57,10.2,0.0
2026-03-29,lasalgaon,Niphad,0.0,32.3,53,7.7,0.0
2026-03-29,pimpalgaon,Niphad,0.0,32.3,53,7.7,0.0
2026-03-29,vinchur,Niphad,0.0,32.3,53,7.7,0.0
2026-03-29,ozar,Niphad,0.0,32.3,53,7.7,0.0
2026-03-29,shendurni,Jamner,0.0,33.2,51,12.2,0.0
2026-03-29,pahur,Jamner,0.0,33.2,51,12.2,0.0
2026-03-29,neri,Jamner,0.0,33.2,51,12.2,0.0
2026-03-29,lohara,Jamner,0.0,33.2,51,12.2,0.0
2026-03-30,kanheri,Baramati,0.0,33.4,51,6.7,0.0
2026-03-30,jalochi,Baramati,0.0,33.4,51,6.7,0.0
2026-03-30,medad,Baramati,0.0,33.4,51,6.7,0.0
2026-03-30,nimbut,Baramati,0.0,33.4,51,6.7,0.0
2026-03-30,songaon,Baramati,0.0,33.4,51,6.7,0.0
2026-03-30,gunawadi,Baramati,0.0,33.4,51,6.7,0.0
2026-03-30,pandare,Baramati,0.0,33.4,51,6.7,0.0
2026-03-30,korhale,Baramati,0.0,33.4,51,6.7,0.0
2026-03-30,lasalgaon,Niphad,0.0,33.0,52,13.1,0.0
2026-03-30,pimpalgaon,Niphad,0.0,33.0,52,13.1,0.0
2026-03-30,vinchur,Niphad,0.0,33.0,52,13.1,0.0
2026-03-30,ozar,Niphad,0.0,33.0,52,13.1,0.0
2026-03-30,shendurni,Jamner,0.0,32.1,55,3.7,0.0
2026-03-30,pahur,Jamner,0.0,32.1,55,3.7,0.0
2026-03-30,neri,Jamner,0.0,32.1,55,3.7,0.0
2026-03-30,lohara,Jamner,0.0,32.1,55,3.7,0.0
2026-03-31,kanheri,Baramati,0.0,31.0,49,16.3,0.0
2026-03-31,jalochi,Baramati,0.0,31.0,49,16.3,0.0
2026-03-31,medad,Baramati,0.0,31.0,49,16.3,0.0
2026-03-31,nimbut,Baramati,0.0,31.0,49,16.3,0.0
2026-03-31,songaon,Baramati,0.0,31.0,49,16.3,0.0
2026-03-31,gunawadi,Baramati,0.0,31.0,49,16.3,0.0
2026-03-31,pandare,Baramati,0.0,31.0,49,16.3,0.0
2026-03-31,korhale,Baramati,0.0,31.0,49,16.3,0.0
2026-03-31,lasalgaon,Niphad,0.0,32.1,43,17.2,0.0
2026-03-31,pimpalgaon,Niphad,0.0,32.1,43,17.2,0.0
2026-03-31,vinchur,Niphad,0.0,32.1,43,17.2,0.0
2026-03-31,ozar,Niphad,0.0,32.1,43,17.2,0.0
2026-03-31,shendurni,Jamner,0.0,32.9,57,10.3,0.0
2026-03-31,pahur,Jamner,0.0,32.9,57,10.3,0.0
2026-03-31,neri,Jamner,0.0,32.9,57,10.3,0.0
2026-03-31,lohara,Jamner,0.0,32.9,57,10.3,0.0
2026-04-01,kanheri,Baramati,3.6,33.1,53,7.6,4.6
2026-04-01,jalochi,Baramati,3.6,33.1,53,7.6,4.0
2026-04-01,medad,Baramati,3.6,33.1,53,7.6,5.1
2026-04-01,nimbut,Baramati,3.6,33.1,53,7.6,3.9
2026-04-01,songaon,Baramati,3.6,33.1,53,7.6,3.3
2026-04-01,gunawadi,Baramati,3.6,33.1,53,7.6,2.8
2026-04-01,pandare,Baramati,3.6,33.1,53,7.6,3.1
2026-04-01,korhale,Baramati,3.6,33.1,53,7.6,3.7
2026-04-01,lasalgaon,Niphad,0.0,33.6,55,8.8,0.0
2026-04-01,pimpalgaon,Niphad,0.0,33.6,55,8.8,0.0
2026-04-01,vinchur,Niphad,0.0,33.6,55,8.8,0.0
2026-04-01,ozar,Niphad,0.0,33.6,55,8.8,0.0
2026-04-01,shendurni,Jamner,0.0,34.9,52,7.6,0.0
2026-04-01,pahur,Jamner,0.0,34.9,52,7.6,0.0
2026-04-01,neri,Jamner,0.0,34.9,52,7.6,0.0
2026-04-01,lohara,Jamner,0.0,34.9,52,7.6,0.0
2026-04-02,kanheri,Baramati,0.0,34.3,57,11.4,0.0
2026-04-02,jalochi,Baramati,0.0,34.3,57,11.4,0.0
2026-04-02,medad,Baramati,0.0,34.3,57,11.4,0.0
2026-04-02,nimbut,Baramati,0.0,34.3,57,11.4,0.0
2026-04-02,songaon,Baramati,0.0,34.3,57,11.4,0.0
2026-04-02,gunawadi,Baramati,0.0,34.3,57,11.4,0.0
2026-04-02,pandare,Baramati,0.0,34.3,57,11.4,0.0
2026-04-02,korhale,Baramati,0.0,34.3,57,11.4,0.0
2026-04-02,lasalgaon,Niphad,0.0,34.1,49,10.2,0.0
2026-04-02,pimpalgaon,Niphad,0.0,34.1,49,10.2,0.0
2026-04-02,vinchur,Niphad,0.0,34.1,49,10.2,0.0
2026-04-02,ozar,Niphad,0.0,34.1,49,10.2,0.0
2026-04-02,shendurni,Jamner,0.0,32.3,48,6.0,0.0
2026-04-02,pahur,Jamner,0.0,32.3,48,6.0,0.0
2026-04-02,neri,Jamner,0.0,32.3,48,6.0,0.0
2026-04-02,lohara,Jamner,0.0,32.3,48,6.0,0.0
2026-04-03,kanheri,Baramati,0.0,33.6,43,9.3,0.0
2026-04-03,jalochi,Baramati,0.0,33.6,43,9.3,0.0
2026-04-03,medad,Baramati,0.0,33.6,43,9.3,0.0
2026-04-03,nimbut,Baramati,0.0,33.6,43,9.3,0.0
2026-04-03,songaon,Baramati,0.0,33.6,43,9.3,0.0
2026-04-03,gunawadi,Baramati,0.0,33.6,43,9.3,0.0
2026-04-03,pandare,Baramati,0.0,33.6,43,9.3,0.0
2026-04-03,korhale,Baramati,0.0,33.6,43,9.3,0.0
2026-04-03,lasalgaon,Niphad,0.0,33.6,53,11.4,0.0
2026-04-03,pimpalgaon,Niphad,0.0,33.6,53,11.4,0.0
2026-04-03,vinchur,Niphad,0.0,33.6,53,11.4,0.0
2026-04-03,ozar,Niphad,0.0,33.6,53,11.4,0.0
2026-04-03,shendurni,Jamner,0.0,34.5,48,2.0,0.0
2026-04-03,pahur,Jamner,0.0,34.5,48,2.0,0.0
2026-04-03,neri,Jamner,0.0,34.5,48,2.0,0.0
2026-04-03,lohara,Jamner,0.0,34.5,48,2.0,0.0
2026-04-04,kanheri,Baramati,0.0,32.8,58,16.0,0.0
2026-04-04,jalochi,Baramati,0.0,32.8,58,16.0,0.0
2026-04-04,medad,Baramati,0.0,32.8,58,16.0,0.0
2026-04-04,nimbut,Baramati,0.0,32.8,58,16.0,0.0
2026-04-04,songaon,Baramati,0.0,32.8,58,16.0,0.0
2026-04-04,gunawadi,Baramati,0.0,32.8,58,16.0,0.0
2026-04-04,pandare,Baramati,0.0,32.8,58,16.0,0.0
2026-04-04,korhale,Baramati,0.0,32.8,58,16.0,0.0
2026-04-04,lasalgaon,Niphad,0.0,33.0,44,16.6,0.0
2026-04-04,pimpalgaon,Niphad,0.0,33.0,44,16.6,0.0
2026-04-04,vinchur,Niphad,0.0,33.0,44,16.6,0.0
2026-04-04,ozar,Niphad,0.0,33.0,44,16.6,0.0
2026-04-04,shendurni,Jamner,0.0,30.1,53,11.4,0.0
2026-04-04,pahur,Jamner,0.0,30.1,53,11.4,0.0
2026-04-04,neri,Jamner,0.0,30.1,53,11.4,0.0
2026-04-04,lohara,Jamner,0.0,30.1,53,11.4,0.0
2026-04-05,kanheri,Baramati,0.0,32.9,46,5.9,0.0
2026-04-05,jalochi,Baramati,0.0,32.9,46,5.9,0.0
2026-04-05,medad,Baramati,0.0,32.9,46,5.9,0.0
2026-04-05,nimbut,Baramati,0.0,32.9,46,5.9,0.0
2026-04-05,songaon,Baramati,0.0,32.9,46,5.9,0.0
2026-04-05,gunawadi,Baramati,0.0,32.9,46,5.9,0.0
2026-04-05,pandare,Baramati,0.0,32.9,46,5.9,0.0
2026-04-05,korhale,Baramati,0.0,32.9,46,5.9,0.0
2026-04-05,lasalgaon,Niphad,0.0,34.3,47,10.3,0.0
2026-04-05,pimpalgaon,Niphad,0.0,34.3,47,10.3,0.0
2026-04-05,vinchur,Niphad,0.0,34.3,47,10.3,0.0
2026-04-05,ozar,Niphad,0.0,34.3,47,10.3,0.0
2026-04-05,shendurni,Jamner,0.0,32.2,55,8.2,0.0
2026-04-05,pahur,Jamner,0.0,32.2,55,8.2,0.0
2026-04-05,neri,Jamner,0.0,32.2,55,8.2,0.0
2026-04-05,lohara,Jamner,0.0,32.2,55,8.2,0.0
2026-04-06,kanheri,Baramati,0.0,31.7,49,15.0,0.0
2026-04-06,jalochi,Baramati,0.0,31.7,49,15.0,0.0
2026-04-06,medad,Baramati,0.0,31.7,49,15.0,0.0
2026-04-06,nimbut,Baramati,0.0,31.7,49,15.0,0.0
2026-04-06,songaon,Baramati,0.0,31.7,49,15.0,0.0
2026-04-06,gunawadi,Baramati,0.0,31.7,49,15.0,0.0
2026-04-06,pandare,Baramati,0.0,31.7,49,15.0,0.0
2026-04-06,korhale,Baramati,0.0,31.7,49,15.0,0.0
2026-04-06,lasalgaon,Niphad,0.0,33.3,48,8.8,0.0
2026-04-06,pimpalgaon,Niphad,0.0,33.3,48,8.8,0.0
2026-04-06,vinchur,Niphad,0.0,33.3,48,8.8,0.0
2026-04-06,ozar,Niphad,0.0,33.3,48,8.8,0.0
2026-04-06,shendurni,Jamner,0.0,33.5,45,7.2,0.0
2026-04-06,pahur,Jamner,0.0,33.5,45,7.2,0.0
2026-04-06,neri,Jamner,0.0,33.5,45,7.2,0.0
2026-04-06,lohara,Jamner,0.0,33.5,45,7.2,0.0
2026-04-07,kanheri,Baramati,0.0,32.2,52,13.3,0.0
2026-04-07,jalochi,Baramati,0.0,32.2,52,13.3,0.0
2026-04-07,medad,Baramati,0.0,32.2,52,13.3,0.0
2026-04-07,nimbut,Baramati,0.0,32.2,52,13.3,0.0
2026-04-07,songaon,Baramati,0.0,32.2,52,13.3,0.0
2026-04-07,gunawadi,Baramati,0.0,32.2,52,13.3,0.0
2026-04-07,pandare,Baramati,0.0,32.2,52,13.3,0.0
2026-04-07,korhale,Baramati,0.0,32.2,52,13.3,0.0
2026-04-07,lasalgaon,Niphad,0.0,31.9,52,13.3,0.0
2026-04-07,pimpalgaon,Niphad,0.0,31.9,52,13.3,0.0
2026-04-07,vinchur,Niphad,0.0,31.9,52,13.3,0.0
2026-04-07,ozar,Niphad,0.0,31.9,52,13.3,0.0
2026-04-07,shendurni,Jamner,0.0,33.2,54,14.1,0.0
2026-04-07,pahur,Jamner,0.0,33.2,54,14.1,0.0
2026-04-07,neri,Jamner,0.0,33.2,54,14.1,0.0
2026-04-07,lohara,Jamner,0.0,33.2,54,14.1,0.0
2026-04-08,kanheri,Baramati,0.0,32.8,49,7.5,0.0
2026-04-08,jalochi,Baramati,0.0,32.8,49,7.5,0.0
2026-04-08,medad,Baramati,0.0,32.8,49,7.5,0.0
2026-04-08,nimbut,Baramati,0.0,32.8,49,7.5,0.0
2026-04-08,songaon,Baramati,0.0,32.8,49,7.5,0.0
2026-04-08,gunawadi,Baramati,0.0,32.8,49,7.5,0.0
2026-04-08,pandare,Baramati,0.0,32.8,49,7.5,0.0
2026-04-08,korhale,Baramati,0.0,32.8,49,7.5,0.0
2026-04-08,lasalgaon,Niphad,0.0,33.1,44,2.0,0.0
2026-04-08,pimpalgaon,Niphad,0.0,33.1,44,2.0,0.0
2026-04-08,vinchur,Niphad,0.0,33.1,44,2.0,0.0
2026-04-08,ozar,Niphad,0.0,33.1,44,2.0,0.0
2026-04-08,shendurni,Jamner,0.0,35.1,49,13.5,0.0
2026-04-08,pahur,Jamner,0.0,35.1,49,13.5,0.0
2026-04-08,neri,Jamner,0.0,35.1,49,13.5,0.0
2026-04-08,lohara,Jamner,0.0,35.1,49,13.5,0.0
2026-04-09,kanheri,Baramati,12.3,31.6,56,6.2,9.1
2026-04-09,jalochi,Baramati,12.3,31.6,56,6.2,13.2
2026-04-09,medad,Baramati,12.3,31.6,56,6.2,11.4
2026-04-09,nimbut,Baramati,12.3,31.6,56,6.2,11.6
2026-04-09,songaon,Baramati,12.3,31.6,56,6.2,8.8
2026-04-09,gunawadi,Baramati,12.3,31.6,56,6.2,8.2
2026-04-09,pandare,Baramati,12.3,31.6,56,6.2,13.2
2026-04-09,korhale,Baramati,12.3,31.6,56,6.2,10.1
2026-04-09,lasalgaon,Niphad,0.0,32.2,52,8.9,0.0
2026-04-09,pimpalgaon,Niphad,0.0,32.2,52,8.9,0.0
2026-04-09,vinchur,Niphad,0.0,32.2,52,8.9,0.0
2026-04-09,ozar,Niphad,0.0,32.2,52,8.9,0.0
2026-04-09,shendurni,Jamner,1.4,32.1,51,6.7,1.8
2026-04-09,pahur,Jamner,1.4,32.1,51,6.7,1.1
2026-04-09,neri,Jamner,1.4,32.1,51,6.7,1.3
2026-04-09,lohara,Jamner,1.4,32.1,51,6.7,0.9
2026-04-10,kanheri,Baramati,0.0,33.8,46,2.0,0.0
2026-04-10,jalochi,Baramati,0.0,33.8,46,2.0,0.0
2026-04-10,medad,Baramati,0.0,33.8,46,2.0,0.0
2026-04-10,nimbut,Baramati,0.0,33.8,46,2.0,0.0
2026-04-10,songaon,Baramati,0.0,33.8,46,2.0,0.0
2026-04-10,gunawadi,Baramati,0.0,33.8,46,2.0,0.0
2026-04-10,pandare,Baramati,0.0,33.8,46,2.0,0.0
2026-04-10,korhale,Baramati,0.0,33.8,46,2.0,0.0
2026-04-10,lasalgaon,Niphad,0.0,31.9,48,9.8,0.0
2026-04-10,pimpalgaon,Niphad,0.0,31.9,48,9.8,0.0
2026-04-10,vinchur,Niphad,0.0,31.9,48,9.8,0.0
2026-04-10,ozar,Niphad,0.0,31.9,48,9.8,0.0
2026-04-10,shendurni,Jamner,0.0,34.7,51,9.3,0.0
2026-04-10,pahur,Jamner,0.0,34.7,51,9.3,0.0
2026-04-10,neri,Jamner,0.0,34.7,51,9.3,0.0
2026-04-10,lohara,Jamner,0.0,34.7,51,9.3,0.0
2026-04-11,kanheri,Baramati,0.0,30.5,54,8.2,0.0
2026-04-11,jalochi,Baramati,0.0,30.5,54,8.2,0.0
2026-04-11,medad,Baramati,0.0,30.5,54,8.2,0.0
2026-04-11,nimbut,Baramati,0.0,30.5,54,8.2,0.0
2026-04-11,songaon,Baramati,0.0,30.5,54,8.2,0.0
2026-04-11,gunawadi,Baramati,0.0,30.5,54,8.2,0.0
2026-04-11,pandare,Baramati,0.0,30.5,54,8.2,0.0
2026-04-11,korhale,Baramati,0.0,30.5,54,8.2,0.0
2026-04-11,lasalgaon,Niphad,0.0,32.8,59,2.0,0.0
2026-04-11,pimpalgaon,Niphad,0.0,32.8,59,2.0,0.0
2026-04-11,vinchur,Niphad,0.0,32.8,59,2.0,0.0
2026-04-11,ozar,Niphad,0.0,32.8,59,2.0,0.0
2026-04-11,shendurni,Jamner,0.0,32.1,51,12.0,0.0
2026-04-11,pahur,Jamner,0.0,32.1,51,12.0,0.0
2026-04-11,neri,Jamner,0.0,32.1,51,12.0,0.0
2026-04-11,lohara,Jamner,0.0,32.1,51,12.0,0.0
2026-04-12,kanheri,Baramati,0.0,32.0,54,7.4,0.0
2026-04-12,jalochi,Baramati,0.0,32.0,54,7.4,0.0
2026-04-12,medad,Baramati,0.0,32.0,54,7.4,0.0
2026-04-12,nimbut,Baramati,0.0,32.0,54,7.4,0.0
2026-04-12,songaon,Baramati,0.0,32.0,54,7.4,0.0
2026-04-12,gunawadi,Baramati,0.0,32.0,54,7.4,0.0
2026-04-12,pandare,Baramati,0.0,32.0,54,7.4,0.0
2026-04-12,korhale,Baramati,0.0,32.0,54,7.4,0.0
2026-04-12,lasalgaon,Niphad,0.0,33.1,56,8.0,0.0
2026-04-12,pimpalgaon,Niphad,0.0,33.1,56,8.0,0.0
2026-04-12,vinchur,Niphad,0.0,33.1,56,8.0,0.0
2026-04-12,ozar,Niphad,0.0,33.1,56,8.0,0.0
2026-04-12,shendurni,Jamner,0.0,34.2,47,19.9,0.0
2026-04-12,pahur,Jamner,0.0,34.2,47,19.9,0.0
2026-04-12,neri,Jamner,0.0,34.2,47,19.9,0.0
2026-04-12,lohara,Jamner,0.0,34.2,47,19.9,0.0
2026-04-13,kanheri,Baramati,0.0,32.7,43,3.4,0.0
2026-04-13,jalochi,Baramati,0.0,32.7,43,3.4,0.0
2026-04-13,medad,Baramati,0.0,32.7,43,3.4,0.0
2026-04-13,nimbut,Baramati,0.0,32.7,43,3.4,0.0
2026-04-13,songaon,Baramati,0.0,32.7,43,3.4,0.0
2026-04-13,gunawadi,Baramati,0.0,32.7,43,3.4,0.0
2026-04-13,pandare,Baramati,0.0,32.7,43,3.4,0.0
2026-04-13,korhale,Baramati,0.0,32.7,43,3.4,0.0
2026-04-13,lasalgaon,Niphad,0.0,33.6,51,4.7,0.0
2026-04-13,pimpalgaon,Niphad,0.0,33.6,51,4.7,0.0
2026-04-13,vinchur,Niphad,0.0,33.6,51,4.7,0.0
2026-04-13,ozar,Niphad,0.0,33.6,51,4.7,0.0
2026-04-13,shendurni,Jamner,0.0,33.5,47,7.3,0.0
2026-04-13,pahur,Jamner,0.0,33.5,47,7.3,0.0
2026-04-13,neri,Jamner,0.0,33.5,47,7.3,0.0
2026-04-13,lohara,Jamner,0.0,33.5,47,7.3,0.0
2026-04-14,kanheri,Baramati,0.0,34.6,50,2.8,0.0
2026-04-14,jalochi,Baramati,0.0,34.6,50,2.8,0.0
2026-04-14,medad,Baramati,0.0,34.6,50,2.8,0.0
2026-04-14,nimbut,Baramati,0.0,34.6,50,2.8,0.0
2026-04-14,songaon,Baramati,0.0,34.6,50,2.8,0.0
2026-04-14,gunawadi,Baramati,0.0,34.6,50,2.8,0.0
2026-04-14,pandare,Baramati,0.0,34.6,50,2.8,0.0
2026-04-14,korhale,Baramati,0.0,34.6,50,2.8,0.0
2026-04-14,lasalgaon,Niphad,0.0,32.5,41,10.3,0.0
2026-04-14,pimpalgaon,Niphad,0.0,32.5,41,10.3,0.0
2026-04-14,vinchur,Niphad,0.0,32.5,41,10.3,0.0
2026-04-14,ozar,Niphad,0.0,32.5,41,10.3,0.0
2026-04-14,shendurni,Jamner,6.8,30.9,58,11.3,6.0
2026-04-14,pahur,Jamner,6.8,30.9,58,11.3,8.6
2026-04-14,neri,Jamner,6.8,30.9,58,11.3,5.6
2026-04-14,lohara,Jamner,6.8,30.9,58,11.3,5.7
2026-04-15,kanheri,Baramati,0.0,33.0,47,6.6,0.0
2026-04-15,jalochi,Baramati,0.0,33.0,47,6.6,0.0
2026-04-15,medad,Baramati,0.0,33.0,47,6.6,0.0
2026-04-15,nimbut,Baramati,0.0,33.0,47,6.6,0.0
2026-04-15,songaon,Baramati,0.0,33.0,47,6.6,0.0
2026-04-15,gunawadi,Baramati,0.0,33.0,47,6.6,0.0
2026-04-15,pandare,Baramati,0.0,33.0,47,6.6,0.0
2026-04-15,korhale,Baramati,0.0,33.0,47,6.6,0.0
2026-04-15,lasalgaon,Niphad,0.0,33.8,58,15.0,0.0
2026-04-15,pimpalgaon,Niphad,0.0,33.8,58,15.0,0.0
2026-04-15,vinchur,Niphad,0.0,33.8,58,15.0,0.0
2026-04-15,ozar,Niphad,0.0,33.8,58,15.0,0.0
2026-04-15,shendurni,Jamner,0.0,34.2,52,14.2,0.0
2026-04-15,pahur,Jamner,0.0,34.2,52,14.2,0.0
2026-04-15,neri,Jamner,0.0,34.2,52,14.2,0.0
2026-04-15,lohara,Jamner,0.0,34.2,52,14.2,0.0
2026-04-16,kanheri,Baramati,0.0,32.9,49,13.4,0.0
2026-04-16,jalochi,Baramati,0.0,32.9,49,13.4,0.0
2026-04-16,medad,Baramati,0.0,32.9,49,13.4,0.0
2026-04-16,nimbut,Baramati,0.0,32.9,49,13.4,0.0
2026-04-16,songaon,Baramati,0.0,32.9,49,13.4,0.0
2026-04-16,gunawadi,Baramati,0.0,32.9,49,13.4,0.0
2026-04-16,pandare,Baramati,0.0,32.9,49,13.4,0.0
2026-04-16,korhale,Baramati,0.0,32.9,49,13.4,0.0
2026-04-16,lasalgaon,Niphad,0.0,36.6,44,5.6,0.0
2026-04-16,pimpalgaon,Niphad,0.0,36.6,44,5.6,0.0
2026-04-16,vinchur,Niphad,0.0,36.6,44,5.6,0.0
2026-04-16,ozar,Niphad,0.0,36.6,44,5.6,0.0
2026-04-16,shendurni,Jamner,0.0,33.8,56,10.3,0.0
2026-04-16,pahur,Jamner,0.0,33.8,56,10.3,0.0
2026-04-16,neri,Jamner,0.0,33.8,56,10.3,0.0
2026-04-16,lohara,Jamner,0.0,33.8,56,10.3,0.0
2026-04-17,kanheri,Baramati,0.0,33.9,54,10.7,0.0
2026-04-17,jalochi,Baramati,0.0,33.9,54,10.7,0.0
2026-04-17,medad,Baramati,0.0,33.9,54,10.7,0.0
2026-04-17,nimbut,Baramati,0.0,33.9,54,10.7,0.0
2026-04-17,songaon,Baramati,0.0,33.9,54,10.7,0.0
2026-04-17,gunawadi,Baramati,0.0,33.9,54,10.7,0.0
2026-04-17,pandare,Baramati,0.0,33.9,54,10.7,0.0
2026-04-17,korhale,Baramati,0.0,33.9,54,10.7,0.0
2026-04-17,lasalgaon,Niphad,0.0,31.4,51,9.8,0.0
2026-04-17,pimpalgaon,Niphad,0.0,31.4,51,9.8,0.0
2026-04-17,vinchur,Niphad,0.0,31.4,51,9.8,0.0
2026-04-17,ozar,Niphad,0.0,31.4,51,9.8,0.0
2026-04-17,shendurni,Jamner,2.1,33.3,53,9.1,2.5
2026-04-17,pahur,Jamner,2.1,33.3,53,9.1,2.0
2026-04-17,neri,Jamner,2.1,33.3,53,9.1,1.6
2026-04-17,lohara,Jamner,2.1,33.3,53,9.1,1.2
2026-04-18,kanheri,Baramati,0.0,33.5,50,8.1,0.0
2026-04-18,jalochi,Baramati,0.0,33.5,50,8.1,0.0
2026-04-18,medad,Baramati,0.0,33.5,50,8.1,0.0
2026-04-18,nimbut,Baramati,0.0,33.5,50,8.1,0.0
2026-04-18,songaon,Baramati,0.0,33.5,50,8.1,0.0
2026-04-18,gunawadi,Baramati,0.0,33.5,50,8.1,0.0
2026-04-18,pandare,Baramati,0.0,33.5,50,8.1,0.0
2026-04-18,korhale,Baramati,0.0,33.5,50,8.1,0.0
2026-04-18,lasalgaon,Niphad,0.0,30.9,52,10.6,0.0
2026-04-18,pimpalgaon,Niphad,0.0,30.9,52,10.6,0.0
2026-04-18,vinchur,Niphad,0.0,30.9,52,10.6,0.0
2026-04-18,ozar,Niphad,0.0,30.9,52,10.6,0.0
2026-04-18,shendurni,Jamner,0.0,33.1,51,2.6,0.0
2026-04-18,pahur,Jamner,0.0,33.1,51,2.6,0.0
2026-04-18,neri,Jamner,0.0,33.1,51,2.6,0.0
2026-04-18,lohara,Jamner,0.0,33.1,51,2.6,0.0
2026-04-19,kanheri,Baramati,2.3,31.5,48,13.7,2.2
2026-04-19,jalochi,Baramati,2.3,31.5,48,13.7,2.1
2026-04-19,medad,Baramati,2.3,31.5,48,13.7,2.2
2026-04-19,nimbut,Baramati,2.3,31.5,48,13.7,1.9
2026-04-19,songaon,Baramati,2.3,31.5,48,13.7,2.3
2026-04-19,gunawadi,Baramati,2.3,31.5,48,13.7,1.8
2026-04-19,pandare,Baramati,2.3,31.5,48,13.7,2.2
2026-04-19,korhale,Baramati,2.3,31.5,48,13.7,2.0
2026-04-19,lasalgaon,Niphad,0.0,30.8,46,7.7,0.0
2026-04-19,pimpalgaon,Niphad,0.0,30.8,46,7.7,0.0
2026-04-19,vinchur,Niphad,0.0,30.8,46,7.7,0.0
2026-04-19,ozar,Niphad,0.0,30.8,46,7.7,0.0
2026-04-19,shendurni,Jamner,0.0,32.8,49,10.8,0.0
2026-04-19,pahur,Jamner,0.0,32.8,49,10.8,0.0
2026-04-19,neri,Jamner,0.0,32.8,49,10.8,0.0
2026-04-19,lohara,Jamner,0.0,32.8,49,10.8,0.0
2026-04-20,kanheri,Baramati,0.0,33.1,48,10.9,0.0
2026-04-20,jalochi,Baramati,0.0,33.1,48,10.9,0.0
2026-04-20,medad,Baramati,0.0,33.1,48,10.9,0.0
2026-04-20,nimbut,Baramati,0.0,33.1,48,10.9,0.0
2026-04-20,songaon,Baramati,0.0,33.1,48,10.9,0.0
2026-04-20,gunawadi,Baramati,0.0,33.1,48,10.9,0.0
2026-04-20,pandare,Baramati,0.0,33.1,48,10.9,0.0
2026-04-20,korhale,Baramati,0.0,33.1,48,10.9,0.0
2026-04-20,lasalgaon,Niphad,0.0,32.6,45,13.4,0.0
2026-04-20,pimpalgaon,Niphad,0.0,32.6,45,13.4,0.0
2026-04-20,vinchur,Niphad,0.0,32.6,45,13.4,0.0
2026-04-20,ozar,Niphad,0.0,32.6,45,13.4,0.0
2026-04-20,shendurni,Jamner,0.0,33.3,54,3.5,0.0
2026-04-20,pahur,Jamner,0.0,33.3,54,3.5,0.0
2026-04-20,neri,Jamner,0.0,33.3,54,3.5,0.0
2026-04-20,lohara,Jamner,0.0,33.3,54,3.5,0.0
2026-04-21,kanheri,Baramati,0.0,31.7,56,5.1,0.0
2026-04-21,jalochi,Baramati,0.0,31.7,56,5.1,0.0
2026-04-21,medad,Baramati,0.0,31.7,56,5.1,0.0
2026-04-21,nimbut,Baramati,0.0,31.7,56,5.1,0.0
2026-04-21,songaon,Baramati,0.0,31.7,56,5.1,0.0
2026-04-21,gunawadi,Baramati,0.0,31.7,56,5.1,0.0
2026-04-21,pandare,Baramati,0.0,31.7,56,5.1,0.0
2026-04-21,korhale,Baramati,0.0,31.7,56,5.1,0.0
2026-04-21,lasalgaon,Niphad,0.0,33.8,51,6.4,0.0
2026-04-21,pimpalgaon,Niphad,0.0,33.8,51,6.4,0.0
2026-04-21,vinchur,Niphad,0.0,33.8,51,6.4,0.0
2026-04-21,ozar,Niphad,0.0,33.8,51,6.4,0.0
2026-04-21,shendurni,Jamner,0.0,32.4,46,8.1,0.0
2026-04-21,pahur,Jamner,0.0,32.4,46,8.1,0.0
2026-04-21,neri,Jamner,0.0,32.4,46,8.1,0.0
2026-04-21,lohara,Jamner,0.0,32.4,46,8.1,0.0
2026-04-22,kanheri,Baramati,0.0,32.8,54,7.2,0.0
2026-04-22,jalochi,Baramati,0.0,32.8,54,7.2,0.0
2026-04-22,medad,Baramati,0.0,32.8,54,7.2,0.0
2026-04-22,nimbut,Baramati,0.0,32.8,54,7.2,0.0
2026-04-22,songaon,Baramati,0.0,32.8,54,7.2,0.0
2026-04-22,gunawadi,Baramati,0.0,32.8,54,7.2,0.0
2026-04-22,pandare,Baramati,0.0,32.8,54,7.2,0.0
2026-04-22,korhale,Baramati,0.0,32.8,54,7.2,0.0
2026-04-22,lasalgaon,Niphad,0.0,33.6,54,10.6,0.0
2026-04-22,pimpalgaon,Niphad,0.0,33.6,54,10.6,0.0
2026-04-22,vinchur,Niphad,0.0,33.6,54,10.6,0.0
2026-04-22,ozar,Niphad,0.0,33.6,54,10.6,0.0
2026-04-22,shendurni,Jamner,0.0,33.6,55,4.5,0.0
2026-04-22,pahur,Jamner,0.0,33.6,55,4.5,0.0
2026-04-22,neri,Jamner,0.0,33.6,55,4.5,0.0
2026-04-22,lohara,Jamner,0.0,33.6,55,4.5,0.0
2026-04-23,kanheri,Baramati,0.0,32.2,47,6.6,0.0
2026-04-23,jalochi,Baramati,0.0,32.2,47,6.6,0.0
2026-04-23,medad,Baramati,0.0,32.2,47,6.6,0.0
2026-04-23,nimbut,Baramati,0.0,32.2,47,6.6,0.0
2026-04-23,songaon,Baramati,0.0,32.2,47,6.6,0.0
2026-04-23,gunawadi,Baramati,0.0,32.2,47,6.6,0.0
2026-04-23,pandare,Baramati,0.0,32.2,47,6.6,0.0
2026-04-23,korhale,Baramati,0.0,32.2,47,6.6,0.0
2026-04-23,lasalgaon,Niphad,0.0,33.3,44,8.8,0.0
2026-04-23,pimpalgaon,Niphad,0.0,33.3,44,8.8,0.0
2026-04-23,vinchur,Niphad,0.0,33.3,44,8.8,0.0
2026-04-23,ozar,Niphad,0.0,33.3,44,8.8,0.0
2026-04-23,shendurni,Jamner,0.0,32.7,51,8.0,0.0
2026-04-23,pahur,Jamner,0.0,32.7,51,8.0,0.0
2026-04-23,neri,Jamner,0.0,32.7,51,8.0,0.0
2026-04-23,lohara,Jamner,0.0,32.7,51,8.0,0.0
2026-04-24,kanheri,Baramati,0.0,33.2,52,7.4,0.0
2026-04-24,jalochi,Baramati,0.0,33.2,52,7.4,0.0
2026-04-24,medad,Baramati,0.0,33.2,52,7.4,0.0
2026-04-24,nimbut,Baramati,0.0,33.2,52,7.4,0.0
2026-04-24,songaon,Baramati,0.0,33.2,52,7.4,0.0
2026-04-24,gunawadi,Baramati,0.0,33.2,52,7.4,0.0
2026-04-24,pandare,Baramati,0.0,33.2,52,7.4,0.0
2026-04-24,korhale,Baramati,0.0,33.2,52,7.4,0.0
2026-04-24,lasalgaon,Niphad,0.0,31.3,46,12.2,0.0
2026-04-24,pimpalgaon,Niphad,0.0,31.3,46,12.2,0.0
2026-04-24,vinchur,Niphad,0.0,31.3,46,12.2,0.0
2026-04-24,ozar,Niphad,0.0,31.3,46,12.2,0.0
2026-04-24,shendurni,Jamner,0.0,31.2,53,10.9,0.0
2026-04-24,pahur,Jamner,0.0,31.2,53,10.9,0.0
2026-04-24,neri,Jamner,0.0,31.2,53,10.9,0.0
2026-04-24,lohara,Jamner,0.0,31.2,53,10.9,0.0
2026-04-25,kanheri,Baramati,0.0,33.8,49,8.7,0.0
2026-04-25,jalochi,Baramati,0.0,33.8,49,8.7,0.0
2026-04-25,medad,Baramati,0.0,33.8,49,8.7,0.0
2026-04-25,nimbut,Baramati,0.0,33.8,49,8.7,0.0
2026-04-25,songaon,Baramati,0.0,33.8,49,8.7,0.0
2026-04-25,gunawadi,Baramati,0.0,33.8,49,8.7,0.0
2026-04-25,pandare,Baramati,0.0,33.8,49,8.7,0.0
2026-04-25,korhale,Baramati,0.0,33.8,49,8.7,0.0
2026-04-25,lasalgaon,Niphad,0.0,31.4,49,9.6,0.0
2026-04-25,pimpalgaon,Niphad,0.0,31.4,49,9.6,0.0
2026-04-25,vinchur,Niphad,0.0,31.4,49,9.6,0.0
2026-04-25,ozar,Niphad,0.0,31.4,49,9.6,0.0
2026-04-25,shendurni,Jamner,0.0,32.0,46,9.8,0.0
2026-04-25,pahur,Jamner,0.0,32.0,46,9.8,0.0
2026-04-25,neri,Jamner,0.0,32.0,46,9.8,0.0
2026-04-25,lohara,Jamner,0.0,32.0,46,9.8,0.0
2026-04-26,kanheri,Baramati,0.0,29.6,52,14.9,0.0
2026-04-26,jalochi,Baramati,0.0,29.6,52,14.9,0.0
2026-04-26,medad,Baramati,0.0,29.6,52,14.9,0.0
2026-04-26,nimbut,Baramati,0.0,29.6,52,14.9,0.0
2026-04-26,songaon,Baramati,0.0,29.6,52,14.9,0.0
2026-04-26,gunawadi,Baramati,0.0,29.6,52,14.9,0.0
2026-04-26,pandare,Baramati,0.0,29.6,52,14.9,0.0
2026-04-26,korhale,Baramati,0.0,29.6,52,14.9,0.0
2026-04-26,lasalgaon,Niphad,0.0,35.0,53,10.2,0.0
2026-04-26,pimpalgaon,Niphad,0.0,35.0,53,10.2,0.0
2026-04-26,vinchur,Niphad,0.0,35.0,53,10.2,0.0
2026-04-26,ozar,Niphad,0.0,35.0,53,10.2,0.0
2026-04-26,shendurni,Jamner,4.5,33.4,49,6.9,4.0
2026-04-26,pahur,Jamner,4.5,33.4,49,6.9,4.4
2026-04-26,neri,Jamner,4.5,33.4,49,6.9,4.0
2026-04-26,lohara,Jamner,4.5,33.4,49,6.9,3.5
2026-04-27,kanheri,Baramati,0.0,34.7,44,7.7,0.0
2026-04-27,jalochi,Baramati,0.0,34.7,44,7.7,0.0
2026-04-27,medad,Baramati,0.0,34.7,44,7.7,0.0
2026-04-27,nimbut,Baramati,0.0,34.7,44,7.7,0.0
2026-04-27,songaon,Baramati,0.0,34.7,44,7.7,0.0
2026-04-27,gunawadi,Baramati,0.0,34.7,44,7.7,0.0
2026-04-27,pandare,Baramati,0.0,34.7,44,7.7,0.0
2026-04-27,korhale,Baramati,0.0,34.7,44,7.7,0.0
2026-04-27,lasalgaon,Niphad,0.0,33.1,55,4.8,0.0
2026-04-27,pimpalgaon,Niphad,0.0,33.1,55,4.8,0.0
2026-04-27,vinchur,Niphad,0.0,33.1,55,4.8,0.0
2026-04-27,ozar,Niphad,0.0,33.1,55,4.8,0.0
2026-04-27,shendurni,Jamner,0.0,32.9,44,10.8,0.0
2026-04-27,pahur,Jamner,0.0,32.9,44,10.8,0.0
2026-04-27,neri,Jamner,0.0,32.9,44,10.8,0.0
2026-04-27,lohara,Jamner,0.0,32.9,44,10.8,0.0
2026-04-28,kanheri,Baramati,0.0,31.4,49,4.5,0.0
2026-04-28,jalochi,Baramati,0.0,31.4,49,4.5,0.0
2026-04-28,medad,Baramati,0.0,31.4,49,4.5,0.0
2026-04-28,nimbut,Baramati,0.0,31.4,49,4.5,0.0
2026-04-28,songaon,Baramati,0.0,31.4,49,4.5,0.0
2026-04-28,gunawadi,Baramati,0.0,31.4,49,4.5,0.0
2026-04-28,pandare,Baramati,0.0,31.4,49,4.5,0.0
2026-04-28,korhale,Baramati,0.0,31.4,49,4.5,0.0
2026-04-28,lasalgaon,Niphad,0.0,32.1,51,5.9,0.0
2026-04-28,pimpalgaon,Niphad,0.0,32.1,51,5.9,0.0
2026-04-28,vinchur,Niphad,0.0,32.1,51,5.9,0.0
2026-04-28,ozar,Niphad,0.0,32.1,51,5.9,0.0
2026-04-28,shendurni,Jamner,0.0,33.5,47,9.6,0.0
2026-04-28,pahur,Jamner,0.0,33.5,47,9.6,0.0
2026-04-28,neri,Jamner,0.0,33.5,47,9.6,0.0
2026-04-28,lohara,Jamner,0.0,33.5,47,9.6,0.0
2026-04-29,kanheri,Baramati,0.0,33.6,46,7.5,0.0
2026-04-29,jalochi,Baramati,0.0,33.6,46,7.5,0.0
2026-04-29,medad,Baramati,0.0,33.6,46,7.5,0.0
2026-04-29,nimbut,Baramati,0.0,33.6,46,7.5,0.0
2026-04-29,songaon,Baramati,0.0,33.6,46,7.5,0.0
2026-04-29,gunawadi,Baramati,0.0,33.6,46,7.5,0.0
2026-04-29,pandare,Baramati,0.0,33.6,46,7.5,0.0
2026-04-29,korhale,Baramati,0.0,33.6,46,7.5,0.0
2026-04-29,lasalgaon,Niphad,0.0,33.4,52,9.8,0.0
2026-04-29,pimpalgaon,Niphad,0.0,33.4,52,9.8,0.0
2026-04-29,vinchur,Niphad,0.0,33.4,52,9.8,0.0
2026-04-29,ozar,Niphad,0.0,33.4,52,9.8,0.0
2026-04-29,shendurni,Jamner,0.0,32.2,54,10.8,0.0
2026-04-29,pahur,Jamner,0.0,32.2,54,10.8,0.0
2026-04-29,neri,Jamner,0.0,32.2,54,10.8,0.0
2026-04-29,lohara,Jamner,0.0,32.2,54,10.8,0.0
2026-04-30,kanheri,Baramati,0.0,34.3,45,7.1,0.0
2026-04-30,jalochi,Baramati,0.0,34.3,45,7.1,0.0
2026-04-30,medad,Baramati,0.0,34.3,45,7.1,0.0
2026-04-30,nimbut,Baramati,0.0,34.3,45,7.1,0.0
2026-04-30,songaon,Baramati,0.0,34.3,45,7.1,0.0
2026-04-30,gunawadi,Baramati,0.0,34.3,45,7.1,0.0
2026-04-30,pandare,Baramati,0.0,34.3,45,7.1,0.0
2026-04-30,korhale,Baramati,0.0,34.3,45,7.1,0.0
2026-04-30,lasalgaon,Niphad,0.0,34.0,48,19.4,0.0
2026-04-30,pimpalgaon,Niphad,0.0,34.0,48,19.4,0.0
2026-04-30,vinchur,Niphad,0.0,34.0,48,19.4,0.0
2026-04-30,ozar,Niphad,0.0,34.0,48,19.4,0.0
2026-04-30,shendurni,Jamner,2.9,33.2,47,8.4,3.5
2026-04-30,pahur,Jamner,2.9,33.2,47,8.4,2.2
2026-04-30,neri,Jamner,2.9,33.2,47,8.4,1.8
2026-04-30,lohara,Jamner,2.9,33.2,47,8.4,1.9
2026-05-01,kanheri,Baramati,0.0,36.3,53,5.1,0.0
2026-05-01,jalochi,Baramati,0.0,36.3,53,5.1,0.0
2026-05-01,medad,Baramati,0.0,36.3,53,5.1,0.0
2026-05-01,nimbut,Baramati,0.0,36.3,53,5.1,0.0
2026-05-01,songaon,Baramati,0.0,36.3,53,5.1,0.0
2026-05-01,gunawadi,Baramati,0.0,36.3,53,5.1,0.0
2026-05-01,pandare,Baramati,0.0,36.3,53,5.1,0.0
2026-05-01,korhale,Baramati,0.0,36.3,53,5.1,0.0
2026-05-01,lasalgaon,Niphad,0.0,31.1,57,7.0,0.0
2026-05-01,pimpalgaon,Niphad,0.0,31.1,57,7.0,0.0
2026-05-01,vinchur,Niphad,0.0,31.1,57,7.0,0.0
2026-05-01,ozar,Niphad,0.0,31.1,57,7.0,0.0
2026-05-01,shendurni,Jamner,0.0,31.7,44,6.7,0.0
2026-05-01,pahur,Jamner,0.0,31.7,44,6.7,0.0
2026-05-01,neri,Jamner,0.0,31.7,44,6.7,0.0
2026-05-01,lohara,Jamner,0.0,31.7,44,6.7,0.0
2026-05-02,kanheri,Baramati,0.0,34.6,52,9.7,0.0
2026-05-02,jalochi,Baramati,0.0,34.6,52,9.7,0.0
2026-05-02,medad,Baramati,0.0,34.6,52,9.7,0.0
2026-05-02,nimbut,Baramati,0.0,34.6,52,9.7,0.0
2026-05-02,songaon,Baramati,0.0,34.6,52,9.7,0.0
2026-05-02,gunawadi,Baramati,0.0,34.6,52,9.7,0.0
2026-05-02,pandare,Baramati,0.0,34.6,52,9.7,0.0
2026-05-02,korhale,Baramati,0.0,34.6,52,9.7,0.0
2026-05-02,lasalgaon,Niphad,0.0,32.4,46,9.2,0.0
2026-05-02,pimpalgaon,Niphad,0.0,32.4,46,9.2,0.0
2026-05-02,vinchur,Niphad,0.0,32.4,46,9.2,0.0
2026-05-02,ozar,Niphad,0.0,32.4,46,9.2,0.0
2026-05-02,shendurni,Jamner,0.0,33.4,45,11.9,0.0
2026-05-02,pahur,Jamner,0.0,33.4,45,11.9,0.0
2026-05-02,neri,Jamner,0.0,33.4,45,11.9,0.0
2026-05-02,lohara,Jamner,0.0,33.4,45,11.9,0.0
2026-05-03,kanheri,Baramati,0.0,31.2,48,8.0,0.0
2026-05-03,jalochi,Baramati,0.0,31.2,48,8.0,0.0
2026-05-03,medad,Baramati,0.0,31.2,48,8.0,0.0
2026-05-03,nimbut,Baramati,0.0,31.2,48,8.0,0.0
2026-05-03,songaon,Baramati,0.0,31.2,48,8.0,0.0
2026-05-03,gunawadi,Baramati,0.0,31.2,48,8.0,0.0
2026-05-03,pandare,Baramati,0.0,31.2,48,8.0,0.0
2026-05-03,korhale,Baramati,0.0,31.2,48,8.0,0.0
2026-05-03,lasalgaon,Niphad,0.0,31.5,49,8.6,0.0
2026-05-03,pimpalgaon,Niphad,0.0,31.5,49,8.6,0.0
2026-05-03,vinchur,Niphad,0.0,31.5,49,8.6,0.0
2026-05-03,ozar,Niphad,0.0,31.5,49,8.6,0.0
2026-05-03,shendurni,Jamner,0.0,33.3,51,11.1,0.0
2026-05-03,pahur,Jamner,0.0,33.3,51,11.1,0.0
2026-05-03,neri,Jamner,0.0,33.3,51,11.1,0.0
2026-05-03,lohara,Jamner,0.0,33.3,51,11.1,0.0
2026-05-04,kanheri,Baramati,0.0,32.6,51,13.0,0.0
2026-05-04,jalochi,Baramati,0.0,32.6,51,13.0,0.0
2026-05-04,medad,Baramati,0.0,32.6,51,13.0,0.0
2026-05-04,nimbut,Baramati,0.0,32.6,51,13.0,0.0
2026-05-04,songaon,Baramati,0.0,32.6,51,13.0,0.0
2026-05-04,gunawadi,Baramati,0.0,32.6,51,13.0,0.0
2026-05-04,pandare,Baramati,0.0,32.6,51,13.0,0.0
2026-05-04,korhale,Baramati,0.0,32.6,51,13.0,0.0
2026-05-04,lasalgaon,Niphad,0.0,31.5,51,4.8,0.0
2026-05-04,pimpalgaon,Niphad,0.0,31.5,51,4.8,0.0
2026-05-04,vinchur,Niphad,0.0,31.5,51,4.8,0.0
2026-05-04,ozar,Niphad,0.0,31.5,51,4.8,0.0
2026-05-04,shendurni,Jamner,0.0,33.8,57,2.0,0.0
2026-05-04,pahur,Jamner,0.0,33.8,57,2.0,0.0
2026-05-04,neri,Jamner,0.0,33.8,57,2.0,0.0
2026-05-04,lohara,Jamner,0.0,33.8,57,2.0,0.0
2026-05-05,kanheri,Baramati,0.0,33.9,45,4.7,0.0
2026-05-05,jalochi,Baramati,0.0,33.9,45,4.7,0.0
2026-05-05,medad,Baramati,0.0,33.9,45,4.7,0.0
2026-05-05,nimbut,Baramati,0.0,33.9,45,4.7,0.0
2026-05-05,songaon,Baramati,0.0,33.9,45,4.7,0.0
2026-05-05,gunawadi,Baramati,0.0,33.9,45,4.7,0.0
2026-05-05,pandare,Baramati,0.0,33.9,45,4.7,0.0
2026-05-05,korhale,Baramati,0.0,33.9,45,4.7,0.0
2026-05-05,lasalgaon,Niphad,0.0,32.7,57,10.7,0.0
2026-05-05,pimpalgaon,Niphad,0.0,32.7,57,10.7,0.0
2026-05-05,vinchur,Niphad,0.0,32.7,57,10.7,0.0
2026-05-05,ozar,Niphad,0.0,32.7,57,10.7,0.0
2026-05-05,shendurni,Jamner,0.0,35.5,54,5.3,0.0
2026-05-05,pahur,Jamner,0.0,35.5,54,5.3,0.0
2026-05-05,neri,Jamner,0.0,35.5,54,5.3,0.0
2026-05-05,lohara,Jamner,0.0,35.5,54,5.3,0.0
2026-05-06,kanheri,Baramati,0.0,33.1,54,15.3,0.0
2026-05-06,jalochi,Baramati,0.0,33.1,54,15.3,0.0
2026-05-06,medad,Baramati,0.0,33.1,54,15.3,0.0
2026-05-06,nimbut,Baramati,0.0,33.1,54,15.3,0.0
2026-05-06,songaon,Baramati,0.0,33.1,54,15.3,0.0
2026-05-06,gunawadi,Baramati,0.0,33.1,54,15.3,0.0
2026-05-06,pandare,Baramati,0.0,33.1,54,15.3,0.0
2026-05-06,korhale,Baramati,0.0,33.1,54,15.3,0.0
2026-05-06,lasalgaon,Niphad,0.0,29.9,52,6.8,0.0
2026-05-06,pimpalgaon,Niphad,0.0,29.9,52,6.8,0.0
2026-05-06,vinchur,Niphad,0.0,29.9,52,6.8,0.0
2026-05-06,ozar,Niphad,0.0,29.9,52,6.8,0.0
2026-05-06,shendurni,Jamner,0.0,32.9,51,8.7,0.0
2026-05-06,pahur,Jamner,0.0,32.9,51,8.7,0.0
2026-05-06,neri,Jamner,0.0,32.9,51,8.7,0.0
2026-05-06,lohara,Jamner,0.0,32.9,51,8.7,0.0
2026-05-07,kanheri,Baramati,0.0,32.1,45,4.8,0.0
2026-05-07,jalochi,Baramati,0.0,32.1,45,4.8,0.0
2026-05-07,medad,Baramati,0.0,32.1,45,4.8,0.0
2026-05-07,nimbut,Baramati,0.0,32.1,45,4.8,0.0
2026-05-07,songaon,Baramati,0.0,32.1,45,4.8,0.0
2026-05-07,gunawadi,Baramati,0.0,32.1,45,4.8,0.0
2026-05-07,pandare,Baramati,0.0,32.1,45,4.8,0.0
2026-05-07,korhale,Baramati,0.0,32.1,45,4.8,0.0
2026-05-07,lasalgaon,Niphad,0.0,31.9,50,5.0,0.0
2026-05-07,pimpalgaon,Niphad,0.0,31.9,50,5.0,0.0
2026-05-07,vinchur,Niphad,0.0,31.9,50,5.0,0.0
2026-05-07,ozar,Niphad,0.0,31.9,50,5.0,0.0
2026-05-07,shendurni,Jamner,0.0,34.2,54,6.0,0.0
2026-05-07,pahur,Jamner,0.0,34.2,54,6.0,0.0
2026-05-07,neri,Jamner,0.0,34.2,54,6.0,0.0
2026-05-07,lohara,Jamner,0.0,34.2,54,6.0,0.0
2026-05-08,kanheri,Baramati,0.0,31.9,44,2.0,0.0
2026-05-08,jalochi,Baramati,0.0,31.9,44,2.0,0.0
2026-05-08,medad,Baramati,0.0,31.9,44,2.0,0.0
2026-05-08,nimbut,Baramati,0.0,31.9,44,2.0,0.0
2026-05-08,songaon,Baramati,0.0,31.9,44,2.0,0.0
2026-05-08,gunawadi,Baramati,0.0,31.9,44,2.0,0.0
2026-05-08,pandare,Baramati,0.0,31.9,44,2.0,0.0
2026-05-08,korhale,Baramati,0.0,31.9,44,2.0,0.0
2026-05-08,lasalgaon,Niphad,0.0,31.1,41,9.7,0.0
2026-05-08,pimpalgaon,Niphad,0.0,31.1,41,9.7,0.0
2026-05-08,vinchur,Niphad,0.0,31.1,41,9.7,0.0
2026-05-08,ozar,Niphad,0.0,31.1,41,9.7,0.0
2026-05-08,shendurni,Jamner,0.0,33.8,43,8.1,0.0
2026-05-08,pahur,Jamner,0.0,33.8,43,8.1,0.0
2026-05-08,neri,Jamner,0.0,33.8,43,8.1,0.0
2026-05-08,lohara,Jamner,0.0,33.8,43,8.1,0.0
2026-05-09,kanheri,Baramati,0.0,32.3,50,7.8,0.0
2026-05-09,jalochi,Baramati,0.0,32.3,50,7.8,0.0
2026-05-09,medad,Baramati,0.0,32.3,50,7.8,0.0
2026-05-09,nimbut,Baramati,0.0,32.3,50,7.8,0.0
2026-05-09,songaon,Baramati,0.0,32.3,50,7.8,0.0
2026-05-09,gunawadi,Baramati,0.0,32.3,50,7.8,0.0
2026-05-09,pandare,Baramati,0.0,32.3,50,7.8,0.0
2026-05-09,korhale,Baramati,0.0,32.3,50,7.8,0.0
2026-05-09,lasalgaon,Niphad,0.0,32.5,56,9.6,0.0
2026-05-09,pimpalgaon,Niphad,0.0,32.5,56,9.6,0.0
2026-05-09,vinchur,Niphad,0.0,32.5,56,9.6,0.0
2026-05-09,ozar,Niphad,0.0,32.5,56,9.6,0.0
2026-05-09,shendurni,Jamner,0.0,33.7,48,7.2,0.0
2026-05-09,pahur,Jamner,0.0,33.7,48,7.2,0.0
2026-05-09,neri,Jamner,0.0,33.7,48,7.2,0.0
2026-05-09,lohara,Jamner,0.0,33.7,48,7.2,0.0
2026-05-10,kanheri,Baramati,0.0,32.2,45,6.8,0.0
2026-05-10,jalochi,Baramati,0.0,32.2,45,6.8,0.0
2026-05-10,medad,Baramati,0.0,32.2,45,6.8,0.0
2026-05-10,nimbut,Baramati,0.0,32.2,45,6.8,0.0
2026-05-10,songaon,Baramati,0.0,32.2,45,6.8,0.0
2026-05-10,gunawadi,Baramati,0.0,32.2,45,6.8,0.0
2026-05-10,pandare,Baramati,0.0,32.2,45,6.8,0.0
2026-05-10,korhale,Baramati,0.0,32.2,45,6.8,0.0
2026-05-10,lasalgaon,Niphad,0.0,32.9,49,8.8,0.0
2026-05-10,pimpalgaon,Niphad,0.0,32.9,49,8.8,0.0
2026-05-10,vinchur,Niphad,0.0,32.9,49,8.8,0.0
2026-05-10,ozar,Niphad,0.0,32.9,49,8.8,0.0
2026-05-10,shendurni,Jamner,0.0,32.4,49,7.3,0.0
2026-05-10,pahur,Jamner,0.0,32.4,49,7.3,0.0
2026-05-10,neri,Jamner,0.0,32.4,49,7.3,0.0
2026-05-10,lohara,Jamner,0.0,32.4,49,7.3,0.0
2026-05-11,kanheri,Baramati,0.0,31.8,46,10.4,0.0
2026-05-11,jalochi,Baramati,0.0,31.8,46,10.4,0.0
2026-05-11,medad,Baramati,0.0,31.8,46,10.4,0.0
2026-05-11,nimbut,Baramati,0.0,31.8,46,10.4,0.0
2026-05-11,songaon,Baramati,0.0,31.8,46,10.4,0.0
2026-05-11,gunawadi,Baramati,0.0,31.8,46,10.4,0.0
2026-05-11,pandare,Baramati,0.0,31.8,46,10.4,0.0
2026-05-11,korhale,Baramati,0.0,31.8,46,10.4,0.0
2026-05-11,lasalgaon,Niphad,0.0,32.6,48,3.1,0.0
2026-05-11,pimpalgaon,Niphad,0.0,32.6,48,3.1,0.0
2026-05-11,vinchur,Niphad,0.0,32.6,48,3.1,0.0
2026-05-11,ozar,Niphad,0.0,32.6,48,3.1,0.0
2026-05-11,shendurni,Jamner,3.7,33.0,55,5.1,3.1
2026-05-11,pahur,Jamner,3.7,33.0,55,5.1,3.1
2026-05-11,neri,Jamner,3.7,33.0,55,5.1,4.7
2026-05-11,lohara,Jamner,3.7,33.0,55,5.1,3.0
2026-05-12,kanheri,Baramati,0.0,31.7,52,6.9,0.0
2026-05-12,jalochi,Baramati,0.0,31.7,52,6.9,0.0
2026-05-12,medad,Baramati,0.0,31.7,52,6.9,0.0
2026-05-12,nimbut,Baramati,0.0,31.7,52,6.9,0.0
2026-05-12,songaon,Baramati,0.0,31.7,52,6.9,0.0
2026-05-12,gunawadi,Baramati,0.0,31.7,52,6.9,0.0
2026-05-12,pandare,Baramati,0.0,31.7,52,6.9,0.0
2026-05-12,korhale,Baramati,0.0,31.7,52,6.9,0.0
2026-05-12,lasalgaon,Niphad,0.0,31.6,46,13.4,0.0
2026-05-12,pimpalgaon,Niphad,0.0,31.6,46,13.4,0.0
2026-05-12,vinchur,Niphad,0.0,31.6,46,13.4,0.0
2026-05-12,ozar,Niphad,0.0,31.6,46,13.4,0.0
2026-05-12,shendurni,Jamner,0.0,31.7,56,11.0,0.0
2026-05-12,pahur,Jamner,0.0,31.7,56,11.0,0.0
2026-05-12,neri,Jamner,0.0,31.7,56,11.0,0.0
2026-05-12,lohara,Jamner,0.0,31.7,56,11.0,0.0
2026-05-13,kanheri,Baramati,0.0,33.1,47,9.3,0.0
2026-05-13,jalochi,Baramati,0.0,33.1,47,9.3,0.0
2026-05-13,medad,Baramati,0.0,33.1,47,9.3,0.0
2026-05-13,nimbut,Baramati,0.0,33.1,47,9.3,0.0
2026-05-13,songaon,Baramati,0.0,33.1,47,9.3,0.0
2026-05-13,gunawadi,Baramati,0.0,33.1,47,9.3,0.0
2026-05-13,pandare,Baramati,0.0,33.1,47,9.3,0.0
2026-05-13,korhale,Baramati,0.0,33.1,47,9.3,0.0
2026-05-13,lasalgaon,Niphad,0.0,33.8,50,13.5,0.0
2026-05-13,pimpalgaon,Niphad,0.0,33.8,50,13.5,0.0
2026-05-13,vinchur,Niphad,0.0,33.8,50,13.5,0.0
2026-05-13,ozar,Niphad,0.0,33.8,50,13.5,0.0
2026-05-13,shendurni,Jamner,1.0,32.2,53,4.7,1.2
2026-05-13,pahur,Jamner,1.0,32.2,53,4.7,1.1
2026-05-13,neri,Jamner,1.0,32.2,53,4.7,0.9
2026-05-13,lohara,Jamner,1.0,32.2,53,4.7,0.7
2026-05-14,kanheri,Baramati,2.7,32.3,51,11.7,2.5
2026-05-14,jalochi,Baramati,2.7,32.3,51,11.7,2.5
2026-05-14,medad,Baramati,2.7,32.3,51,11.7,2.9
2026-05-14,nimbut,Baramati,2.7,32.3,51,11.7,2.6
2026-05-14,songaon,Baramati,2.7,32.3,51,11.7,1.7
2026-05-14,gunawadi,Baramati,2.7,32.3,51,11.7,2.6
2026-05-14,pandare,Baramati,2.7,32.3,51,11.7,1.8
2026-05-14,korhale,Baramati,2.7,32.3,51,11.7,3.0
2026-05-14,lasalgaon,Niphad,0.0,34.3,51,8.0,0.0
2026-05-14,pimpalgaon,Niphad,0.0,34.3,51,8.0,0.0
2026-05-14,vinchur,Niphad,0.0,34.3,51,8.0,0.0
2026-05-14,ozar,Niphad,0.0,34.3,51,8.0,0.0
2026-05-14,shendurni,Jamner,0.0,32.7,49,5.7,0.0
2026-05-14,pahur,Jamner,0.0,32.7,49,5.7,0.0
2026-05-14,neri,Jamner,0.0,32.7,49,5.7,0.0
2026-05-14,lohara,Jamner,0.0,32.7,49,5.7,0.0
2026-05-15,kanheri,Baramati,0.0,35.0,53,12.8,0.0
2026-05-15,jalochi,Baramati,0.0,35.0,53,12.8,0.0
2026-05-15,medad,Baramati,0.0,35.0,53,12.8,0.0
2026-05-15,nimbut,Baramati,0.0,35.0,53,12.8,0.0
2026-05-15,songaon,Baramati,0.0,35.0,53,12.8,0.0
2026-05-15,gunawadi,Baramati,0.0,35.0,53,12.8,0.0
2026-05-15,pandare,Baramati,0.0,35.0,53,12.8,0.0
2026-05-15,korhale,Baramati,0.0,35.0,53,12.8,0.0
2026-05-15,lasalgaon,Niphad,0.0,31.9,51,11.2,0.0
2026-05-15,pimpalgaon,Niphad,0.0,31.9,51,11.2,0.0
2026-05-15,vinchur,Niphad,0.0,31.9,51,11.2,0.0
2026-05-15,ozar,Niphad,0.0,31.9,51,11.2,0.0
2026-05-15,shendurni,Jamner,0.0,32.7,56,10.7,0.0
2026-05-15,pahur,Jamner,0.0,32.7,56,10.7,0.0
2026-05-15,neri,Jamner,0.0,32.7,56,10.7,0.0
2026-05-15,lohara,Jamner,0.0,32.7,56,10.7,0.0
2026-05-16,kanheri,Baramati,0.0,34.1,48,9.5,0.0
2026-05-16,jalochi,Baramati,0.0,34.1,48,9.5,0.0
2026-05-16,medad,Baramati,0.0,34.1,48,9.5,0.0
2026-05-16,nimbut,Baramati,0.0,34.1,48,9.5,0.0
2026-05-16,songaon,Baramati,0.0,34.1,48,9.5,0.0
2026-05-16,gunawadi,Baramati,0.0,34.1,48,9.5,0.0
2026-05-16,pandare,Baramati,0.0,34.1,48,9.5,0.0
2026-05-16,korhale,Baramati,0.0,34.1,48,9.5,0.0
2026-05-16,lasalgaon,Niphad,0.0,32.5,51,12.6,0.0
2026-05-16,pimpalgaon,Niphad,0.0,32.5,51,12.6,0.0
2026-05-16,vinchur,Niphad,0.0,32.5,51,12.6,0.0
2026-05-16,ozar,Niphad,0.0,32.5,51,12.6,0.0
2026-05-16,shendurni,Jamner,0.0,35.9,47,10.7,0.0
2026-05-16,pahur,Jamner,0.0,35.9,47,10.7,0.0
2026-05-16,neri,Jamner,0.0,35.9,47,10.7,0.0
2026-05-16,lohara,Jamner,0.0,35.9,47,10.7,0.0
2026-05-17,kanheri,Baramati,0.0,32.8,43,10.2,0.0
2026-05-17,jalochi,Baramati,0.0,32.8,43,10.2,0.0
2026-05-17,medad,Baramati,0.0,32.8,43,10.2,0.0
2026-05-17,nimbut,Baramati,0.0,32.8,43,10.2,0.0
2026-05-17,songaon,Baramati,0.0,32.8,43,10.2,0.0
2026-05-17,gunawadi,Baramati,0.0,32.8,43,10.2,0.0
2026-05-17,pandare,Baramati,0.0,32.8,43,10.2,0.0
2026-05-17,korhale,Baramati,0.0,32.8,43,10.2,0.0
2026-05-17,lasalgaon,Niphad,0.0,33.5,42,6.9,0.0
2026-05-17,pimpalgaon,Niphad,0.0,33.5,42,6.9,0.0
2026-05-17,vinchur,Niphad,0.0,33.5,42,6.9,0.0
2026-05-17,ozar,Niphad,0.0,33.5,42,6.9,0.0
2026-05-17,shendurni,Jamner,0.0,31.3,46,9.0,0.0
2026-05-17,pahur,Jamner,0.0,31.3,46,9.0,0.0
2026-05-17,neri,Jamner,0.0,31.3,46,9.0,0.0
2026-05-17,lohara,Jamner,0.0,31.3,46,9.0,0.0
2026-05-18,kanheri,Baramati,0.0,31.4,47,10.4,0.0
2026-05-18,jalochi,Baramati,0.0,31.4,47,10.4,0.0
2026-05-18,medad,Baramati,0.0,31.4,47,10.4,0.0
2026-05-18,nimbut,Baramati,0.0,31.4,47,10.4,0.0
2026-05-18,songaon,Baramati,0.0,31.4,47,10.4,0.0
2026-05-18,gunawadi,Baramati,0.0,31.4,47,10.4,0.0
2026-05-18,pandare,Baramati,0.0,31.4,47,10.4,0.0
2026-05-18,korhale,Baramati,0.0,31.4,47,10.4,0.0
2026-05-18,lasalgaon,Niphad,0.0,32.6,45,11.8,0.0
2026-05-18,pimpalgaon,Niphad,0.0,32.6,45,11.8,0.0
2026-05-18,vinchur,Niphad,0.0,32.6,45,11.8,0.0
2026-05-18,ozar,Niphad,0.0,32.6,45,11.8,0.0
2026-05-18,shendurni,Jamner,0.0,31.9,51,14.3,0.0
2026-05-18,pahur,Jamner,0.0,31.9,51,14.3,0.0
2026-05-18,neri,Jamner,0.0,31.9,51,14.3,0.0
2026-05-18,lohara,Jamner,0.0,31.9,51,14.3,0.0
2026-05-19,kanheri,Baramati,0.0,33.1,54,2.0,0.0
2026-05-19,jalochi,Baramati,0.0,33.1,54,2.0,0.0
2026-05-19,medad,Baramati,0.0,33.1,54,2.0,0.0
2026-05-19,nimbut,Baramati,0.0,33.1,54,2.0,0.0
2026-05-19,songaon,Baramati,0.0,33.1,54,2.0,0.0
2026-05-19,gunawadi,Baramati,0.0,33.1,54,2.0,0.0
2026-05-19,pandare,Baramati,0.0,33.1,54,2.0,0.0
2026-05-19,korhale,Baramati,0.0,33.1,54,2.0,0.0
2026-05-19,lasalgaon,Niphad,0.0,34.0,46,8.2,0.0
2026-05-19,pimpalgaon,Niphad,0.0,34.0,46,8.2,0.0
2026-05-19,vinchur,Niphad,0.0,34.0,46,8.2,0.0
2026-05-19,ozar,Niphad,0.0,34.0,46,8.2,0.0
2026-05-19,shendurni,Jamner,0.0,34.1,46,12.5,0.0
2026-05-19,pahur,Jamner,0.0,34.1,46,12.5,0.0
2026-05-19,neri,Jamner,0.0,34.1,46,12.5,0.0
2026-05-19,lohara,Jamner,0.0,34.1,46,12.5,0.0
2026-05-20,kanheri,Baramati,0.0,35.2,45,8.2,0.0
2026-05-20,jalochi,Baramati,0.0,35.2,45,8.2,0.0
2026-05-20,medad,Baramati,0.0,35.2,45,8.2,0.0
2026-05-20,nimbut,Baramati,0.0,35.2,45,8.2,0.0
2026-05-20,songaon,Baramati,0.0,35.2,45,8.2,0.0
2026-05-20,gunawadi,Baramati,0.0,35.2,45,8.2,0.0
2026-05-20,pandare,Baramati,0.0,35.2,45,8.2,0.0
2026-05-20,korhale,Baramati,0.0,35.2,45,8.2,0.0
2026-05-20,lasalgaon,Niphad,4.1,32.5,53,9.9,3.4
2026-05-20,pimpalgaon,Niphad,4.1,32.5,53,9.9,3.2
2026-05-20,vinchur,Niphad,4.1,32.5,53,9.9,3.9
2026-05-20,ozar,Niphad,4.1,32.5,53,9.9,4.8
2026-05-20,shendurni,Jamner,0.0,33.1,50,6.9,0.0
2026-05-20,pahur,Jamner,0.0,33.1,50,6.9,0.0
2026-05-20,neri,Jamner,0.0,33.1,50,6.9,0.0
2026-05-20,lohara,Jamner,0.0,33.1,50,6.9,0.0
2026-05-21,kanheri,Baramati,0.0,32.1,54,9.2,0.0
2026-05-21,jalochi,Baramati,0.0,32.1,54,9.2,0.0
2026-05-21,medad,Baramati,0.0,32.1,54,9.2,0.0
2026-05-21,nimbut,Baramati,0.0,32.1,54,9.2,0.0
2026-05-21,songaon,Baramati,0.0,32.1,54,9.2,0.0
2026-05-21,gunawadi,Baramati,0.0,32.1,54,9.2,0.0
2026-05-21,pandare,Baramati,0.0,32.1,54,9.2,0.0
2026-05-21,korhale,Baramati,0.0,32.1,54,9.2,0.0
2026-05-21,lasalgaon,Niphad,0.0,33.3,52,7.1,0.0
2026-05-21,pimpalgaon,Niphad,0.0,33.3,52,7.1,0.0
2026-05-21,vinchur,Niphad,0.0,33.3,52,7.1,0.0
2026-05-21,ozar,Niphad,0.0,33.3,52,7.1,0.0
2026-05-21,shendurni,Jamner,10.1,32.3,56,11.2,15.1
2026-05-21,pahur,Jamner,10.1,32.3,56,11.2,8.8
2026-05-21,neri,Jamner,10.1,32.3,56,11.2,6.6
2026-05-21,lohara,Jamner,10.1,32.3,56,11.2,5.9
2026-05-22,kanheri,Baramati,2.7,31.7,44,9.2,2.5
2026-05-22,jalochi,Baramati,2.7,31.7,44,9.2,2.6
2026-05-22,medad,Baramati,2.7,31.7,44,9.2,3.9
2026-05-22,nimbut,Baramati,2.7,31.7,44,9.2,2.6
2026-05-22,songaon,Baramati,2.7,31.7,44,9.2,2.2
2026-05-22,gunawadi,Baramati,2.7,31.7,44,9.2,2.8
2026-05-22,pandare,Baramati,2.7,31.7,44,9.2,2.4
2026-05-22,korhale,Baramati,2.7,31.7,44,9.2,3.9
2026-05-22,lasalgaon,Niphad,0.0,32.9,49,6.8,0.0
2026-05-22,pimpalgaon,Niphad,0.0,32.9,49,6.8,0.0
2026-05-22,vinchur,Niphad,0.0,32.9,49,6.8,0.0
2026-05-22,ozar,Niphad,0.0,32.9,49,6.8,0.0
2026-05-22,shendurni,Jamner,2.8,30.3,49,4.1,3.6
2026-05-22,pahur,Jamner,2.8,30.3,49,4.1,2.5
2026-05-22,neri,Jamner,2.8,30.3,49,4.1,3.0
2026-05-22,lohara,Jamner,2.8,30.3,49,4.1,2.2
2026-05-23,kanheri,Baramati,0.0,31.4,50,7.4,0.0
2026-05-23,jalochi,Baramati,0.0,31.4,50,7.4,0.0
2026-05-23,medad,Baramati,0.0,31.4,50,7.4,0.0
2026-05-23,nimbut,Baramati,0.0,31.4,50,7.4,0.0
2026-05-23,songaon,Baramati,0.0,31.4,50,7.4,0.0
2026-05-23,gunawadi,Baramati,0.0,31.4,50,7.4,0.0
2026-05-23,pandare,Baramati,0.0,31.4,50,7.4,0.0
2026-05-23,korhale,Baramati,0.0,31.4,50,7.4,0.0
2026-05-23,lasalgaon,Niphad,0.0,32.8,46,6.5,0.0
2026-05-23,pimpalgaon,Niphad,0.0,32.8,46,6.5,0.0
2026-05-23,vinchur,Niphad,0.0,32.8,46,6.5,0.0
2026-05-23,ozar,Niphad,0.0,32.8,46,6.5,0.0
2026-05-23,shendurni,Jamner,0.0,31.7,56,11.9,0.0
2026-05-23,pahur,Jamner,0.0,31.7,56,11.9,0.0
2026-05-23,neri,Jamner,0.0,31.7,56,11.9,0.0
2026-05-23,lohara,Jamner,0.0,31.7,56,11.9,0.0
2026-05-24,kanheri,Baramati,0.0,31.7,51,2.0,0.0
2026-05-24,jalochi,Baramati,0.0,31.7,51,2.0,0.0
2026-05-24,medad,Baramati,0.0,31.7,51,2.0,0.0
2026-05-24,nimbut,Baramati,0.0,31.7,51,2.0,0.0
2026-05-24,songaon,Baramati,0.0,31.7,51,2.0,0.0
2026-05-24,gunawadi,Baramati,0.0,31.7,51,2.0,0.0
2026-05-24,pandare,Baramati,0.0,31.7,51,2.0,0.0
2026-05-24,korhale,Baramati,0.0,31.7,51,2.0,0.0
2026-05-24,lasalgaon,Niphad,0.0,32.1,45,5.4,0.0
2026-05-24,pimpalgaon,Niphad,0.0,32.1,45,5.4,0.0
2026-05-24,vinchur,Niphad,0.0,32.1,45,5.4,0.0
2026-05-24,ozar,Niphad,0.0,32.1,45,5.4,0.0
2026-05-24,shendurni,Jamner,0.0,34.6,60,11.2,0.0
2026-05-24,pahur,Jamner,0.0,34.6,60,11.2,0.0
2026-05-24,neri,Jamner,0.0,34.6,60,11.2,0.0
2026-05-24,lohara,Jamner,0.0,34.6,60,11.2,0.0
2026-05-25,kanheri,Baramati,0.0,32.8,41,8.8,0.0
2026-05-25,jalochi,Baramati,0.0,32.8,41,8.8,0.0
2026-05-25,medad,Baramati,0.0,32.8,41,8.8,0.0
2026-05-25,nimbut,Baramati,0.0,32.8,41,8.8,0.0
2026-05-25,songaon,Baramati,0.0,32.8,41,8.8,0.0
2026-05-25,gunawadi,Baramati,0.0,32.8,41,8.8,0.0
2026-05-25,pandare,Baramati,0.0,32.8,41,8.8,0.0
2026-05-25,korhale,Baramati,0.0,32.8,41,8.8,0.0
2026-05-25,lasalgaon,Niphad,0.0,31.4,44,3.3,0.0
2026-05-25,pimpalgaon,Niphad,0.0,31.4,44,3.3,0.0
2026-05-25,vinchur,Niphad,0.0,31.4,44,3.3,0.0
2026-05-25,ozar,Niphad,0.0,31.4,44,3.3,0.0
2026-05-25,shendurni,Jamner,0.0,34.2,45,16.8,0.0
2026-05-25,pahur,Jamner,0.0,34.2,45,16.8,0.0
2026-05-25,neri,Jamner,0.0,34.2,45,16.8,0.0
2026-05-25,lohara,Jamner,0.0,34.2,45,16.8,0.0
2026-05-26,kanheri,Baramati,0.0,31.2,53,8.0,0.0
2026-05-26,jalochi,Baramati,0.0,31.2,53,8.0,0.0
2026-05-26,medad,Baramati,0.0,31.2,53,8.0,0.0
2026-05-26,nimbut,Baramati,0.0,31.2,53,8.0,0.0
2026-05-26,songaon,Baramati,0.0,31.2,53,8.0,0.0
2026-05-26,gunawadi,Baramati,0.0,31.2,53,8.0,0.0
2026-05-26,pandare,Baramati,0.0,31.2,53,8.0,0.0
2026-05-26,korhale,Baramati,0.0,31.2,53,8.0,0.0
2026-05-26,lasalgaon,Niphad,0.0,32.9,42,3.8,0.0
2026-05-26,pimpalgaon,Niphad,0.0,32.9,42,3.8,0.0
2026-05-26,vinchur,Niphad,0.0,32.9,42,3.8,0.0
2026-05-26,ozar,Niphad,0.0,32.9,42,3.8,0.0
2026-05-26,shendurni,Jamner,0.0,32.9,48,12.7,0.0
2026-05-26,pahur,Jamner,0.0,32.9,48,12.7,0.0
2026-05-26,neri,Jamner,0.0,32.9,48,12.7,0.0
2026-05-26,lohara,Jamner,0.0,32.9,48,12.7,0.0
2026-05-27,kanheri,Baramati,0.0,33.3,46,9.5,0.0
2026-05-27,jalochi,Baramati,0.0,33.3,46,9.5,0.0
2026-05-27,medad,Baramati,0.0,33.3,46,9.5,0.0
2026-05-27,nimbut,Baramati,0.0,33.3,46,9.5,0.0
2026-05-27,songaon,Baramati,0.0,33.3,46,9.5,0.0
2026-05-27,gunawadi,Baramati,0.0,33.3,46,9.5,0.0
2026-05-27,pandare,Baramati,0.0,33.3,46,9.5,0.0
2026-05-27,korhale,Baramati,0.0,33.3,46,9.5,0.0
2026-05-27,lasalgaon,Niphad,0.0,31.7,52,9.7,0.0
2026-05-27,pimpalgaon,Niphad,0.0,31.7,52,9.7,0.0
2026-05-27,vinchur,Niphad,0.0,31.7,52,9.7,0.0
2026-05-27,ozar,Niphad,0.0,31.7,52,9.7,0.0
2026-05-27,shendurni,Jamner,0.0,33.7,55,9.6,0.0
2026-05-27,pahur,Jamner,0.0,33.7,55,9.6,0.0
2026-05-27,neri,Jamner,0.0,33.7,55,9.6,0.0
2026-05-27,lohara,Jamner,0.0,33.7,55,9.6,0.0
2026-05-28,kanheri,Baramati,0.0,34.0,56,12.9,0.0
2026-05-28,jalochi,Baramati,0.0,34.0,56,12.9,0.0
2026-05-28,medad,Baramati,0.0,34.0,56,12.9,0.0
2026-05-28,nimbut,Baramati,0.0,34.0,56,12.9,0.0
2026-05-28,songaon,Baramati,0.0,34.0,56,12.9,0.0
2026-05-28,gunawadi,Baramati,0.0,34.0,56,12.9,0.0
2026-05-28,pandare,Baramati,0.0,34.0,56,12.9,0.0
2026-05-28,korhale,Baramati,0.0,34.0,56,12.9,0.0
2026-05-28,lasalgaon,Niphad,0.0,31.2,53,6.4,0.0
2026-05-28,pimpalgaon,Niphad,0.0,31.2,53,6.4,0.0
2026-05-28,vinchur,Niphad,0.0,31.2,53,6.4,0.0
2026-05-28,ozar,Niphad,0.0,31.2,53,6.4,0.0
2026-05-28,shendurni,Jamner,0.0,31.1,53,7.3,0.0
2026-05-28,pahur,Jamner,0.0,31.1,53,7.3,0.0
2026-05-28,neri,Jamner,0.0,31.1,53,7.3,0.0
2026-05-28,lohara,Jamner,0.0,31.1,53,7.3,0.0
2026-05-29,kanheri,Baramati,0.0,32.1,52,15.7,0.0
2026-05-29,jalochi,Baramati,0.0,32.1,52,15.7,0.0
2026-05-29,medad,Baramati,0.0,32.1,52,15.7,0.0
2026-05-29,nimbut,Baramati,0.0,32.1,52,15.7,0.0
2026-05-29,songaon,Baramati,0.0,32.1,52,15.7,0.0
2026-05-29,gunawadi,Baramati,0.0,32.1,52,15.7,0.0
2026-05-29,pandare,Baramati,0.0,32.1,52,15.7,0.0
2026-05-29,korhale,Baramati,0.0,32.1,52,15.7,0.0
2026-05-29,lasalgaon,Niphad,0.0,31.4,48,8.8,0.0
2026-05-29,pimpalgaon,Niphad,0.0,31.4,48,8.8,0.0
2026-05-29,vinchur,Niphad,0.0,31.4,48,8.8,0.0
2026-05-29,ozar,Niphad,0.0,31.4,48,8.8,0.0
2026-05-29,shendurni,Jamner,0.0,32.7,46,10.3,0.0
2026-05-29,pahur,Jamner,0.0,32.7,46,10.3,0.0
2026-05-29,neri,Jamner,0.0,32.7,46,10.3,0.0
2026-05-29,lohara,Jamner,0.0,32.7,46,10.3,0.0
2026-05-30,kanheri,Baramati,0.0,33.0,44,14.2,0.0
2026-05-30,jalochi,Baramati,0.0,33.0,44,14.2,0.0
2026-05-30,medad,Baramati,0.0,33.0,44,14.2,0.0
2026-05-30,nimbut,Baramati,0.0,33.0,44,14.2,0.0
2026-05-30,songaon,Baramati,0.0,33.0,44,14.2,0.0
2026-05-30,gunawadi,Baramati,0.0,33.0,44,14.2,0.0
2026-05-30,pandare,Baramati,0.0,33.0,44,14.2,0.0
2026-05-30,korhale,Baramati,0.0,33.0,44,14.2,0.0
2026-05-30,lasalgaon,Niphad,0.0,33.4,53,2.0,0.0
2026-05-30,pimpalgaon,Niphad,0.0,33.4,53,2.0,0.0
2026-05-30,vinchur,Niphad,0.0,33.4,53,2.0,0.0
2026-05-30,ozar,Niphad,0.0,33.4,53,2.0,0.0
2026-05-30,shendurni,Jamner,0.0,32.2,53,10.1,0.0
2026-05-30,pahur,Jamner,0.0,32.2,53,10.1,0.0
2026-05-30,neri,Jamner,0.0,32.2,53,10.1,0.0
2026-05-30,lohara,Jamner,0.0,32.2,53,10.1,0.0
2026-05-31,kanheri,Baramati,0.0,32.7,48,7.8,0.0
2026-05-31,jalochi,Baramati,0.0,32.7,48,7.8,0.0
2026-05-31,medad,Baramati,0.0,32.7,48,7.8,0.0
2026-05-31,nimbut,Baramati,0.0,32.7,48,7.8,0.0
2026-05-31,songaon,Baramati,0.0,32.7,48,7.8,0.0
2026-05-31,gunawadi,Baramati,0.0,32.7,48,7.8,0.0
2026-05-31,pandare,Baramati,0.0,32.7,48,7.8,0.0
2026-05-31,korhale,Baramati,0.0,32.7,48,7.8,0.0
2026-05-31,lasalgaon,Niphad,0.0,32.8,46,3.7,0.0
2026-05-31,pimpalgaon,Niphad,0.0,32.8,46,3.7,0.0
2026-05-31,vinchur,Niphad,0.0,32.8,46,3.7,0.0
2026-05-31,ozar,Niphad,0.0,32.8,46,3.7,0.0
2026-05-31,shendurni,Jamner,0.0,32.5,45,4.5,0.0
2026-05-31,pahur,Jamner,0.0,32.5,45,4.5,0.0
2026-05-31,neri,Jamner,0.0,32.5,45,4.5,0.0
2026-05-31,lohara,Jamner,0.0,32.5,45,4.5,0.0
2026-06-01,kanheri,Baramati,9.6,26.6,74,15.8,9.1
2026-06-01,jalochi,Baramati,9.6,26.6,74,15.8,9.0
2026-06-01,medad,Baramati,9.6,26.6,74,15.8,11.2
2026-06-01,nimbut,Baramati,9.6,26.6,74,15.8,10.4
2026-06-01,songaon,Baramati,9.6,26.6,74,15.8,7.8
2026-06-01,gunawadi,Baramati,9.6,26.6,74,15.8,7.4
2026-06-01,pandare,Baramati,9.6,26.6,74,15.8,8.0
2026-06-01,korhale,Baramati,9.6,26.6,74,15.8,10.8
2026-06-01,lasalgaon,Niphad,19.3,26.2,82,10.7,15.0
2026-06-01,pimpalgaon,Niphad,19.3,26.2,82,10.7,23.9
2026-06-01,vinchur,Niphad,19.3,26.2,82,10.7,15.9
2026-06-01,ozar,Niphad,19.3,26.2,82,10.7,25.7
2026-06-01,shendurni,Jamner,25.9,26.2,87,14.3,28.0
2026-06-01,pahur,Jamner,25.9,26.2,87,14.3,27.7
2026-06-01,neri,Jamner,25.9,26.2,87,14.3,23.7
2026-06-01,lohara,Jamner,25.9,26.2,87,14.3,23.1
2026-06-02,kanheri,Baramati,8.0,25.3,78,4.8,7.6
2026-06-02,jalochi,Baramati,8.0,25.3,78,4.8,7.1
2026-06-02,medad,Baramati,8.0,25.3,78,4.8,11.5
2026-06-02,nimbut,Baramati,8.0,25.3,78,4.8,9.2
2026-06-02,songaon,Baramati,8.0,25.3,78,4.8,6.2
2026-06-02,gunawadi,Baramati,8.0,25.3,78,4.8,8.0
2026-06-02,pandare,Baramati,8.0,25.3,78,4.8,5.8
2026-06-02,korhale,Baramati,8.0,25.3,78,4.8,8.6
2026-06-02,lasalgaon,Niphad,18.0,25.3,79,12.2,12.4
2026-06-02,pimpalgaon,Niphad,18.0,25.3,79,12.2,13.6
2026-06-02,vinchur,Niphad,18.0,25.3,79,12.2,21.1
2026-06-02,ozar,Niphad,18.0,25.3,79,12.2,19.0
2026-06-02,shendurni,Jamner,0.0,26.8,77,12.4,0.0
2026-06-02,pahur,Jamner,0.0,26.8,77,12.4,0.0
2026-06-02,neri,Jamner,0.0,26.8,77,12.4,0.0
2026-06-02,lohara,Jamner,0.0,26.8,77,12.4,0.0
2026-06-03,kanheri,Baramati,13.9,27.0,84,10.8,14.3
2026-06-03,jalochi,Baramati,13.9,27.0,84,10.8,13.8
2026-06-03,medad,Baramati,13.9,27.0,84,10.8,17.8
2026-06-03,nimbut,Baramati,13.9,27.0,84,10.8,13.7
2026-06-03,songaon,Baramati,13.9,27.0,84,10.8,14.4
2026-06-03,gunawadi,Baramati,13.9,27.0,84,10.8,10.5
2026-06-03,pandare,Baramati,13.9,27.0,84,10.8,13.1
2026-06-03,korhale,Baramati,13.9,27.0,84,10.8,16.6
2026-06-03,lasalgaon,Niphad,0.0,29.1,71,21.4,0.0
2026-06-03,pimpalgaon,Niphad,0.0,29.1,71,21.4,0.0
2026-06-03,vinchur,Niphad,0.0,29.1,71,21.4,0.0
2026-06-03,ozar,Niphad,0.0,29.1,71,21.4,0.0
2026-06-03,shendurni,Jamner,0.0,26.9,74,13.5,0.0
2026-06-03,pahur,Jamner,0.0,26.9,74,13.5,0.0
2026-06-03,neri,Jamner,0.0,26.9,74,13.5,0.0
2026-06-03,lohara,Jamner,0.0,26.9,74,13.5,0.0
2026-06-04,kanheri,Baramati,32.8,24.3,95,8.8,31.0
2026-06-04,jalochi,Baramati,32.8,24.3,95,8.8,24.5
2026-06-04,medad,Baramati,32.8,24.3,95,8.8,31.8
2026-06-04,nimbut,Baramati,32.8,24.3,95,8.8,28.2
2026-06-04,songaon,Baramati,32.8,24.3,95,8.8,25.3
2026-06-04,gunawadi,Baramati,32.8,24.3,95,8.8,20.4
2026-06-04,pandare,Baramati,32.8,24.3,95,8.8,27.6
2026-06-04,korhale,Baramati,32.8,24.3,95,8.8,42.9
2026-06-04,lasalgaon,Niphad,38.3,24.1,90,19.8,35.4
2026-06-04,pimpalgaon,Niphad,38.3,24.1,90,19.8,39.1
2026-06-04,vinchur,Niphad,38.3,24.1,90,19.8,38.4
2026-06-04,ozar,Niphad,38.3,24.1,90,19.8,38.1
2026-06-04,shendurni,Jamner,28.2,25.0,83,9.2,29.5
2026-06-04,pahur,Jamner,28.2,25.0,83,9.2,29.7
2026-06-04,neri,Jamner,28.2,25.0,83,9.2,22.8
2026-06-04,lohara,Jamner,28.2,25.0,83,9.2,25.1
2026-06-05,kanheri,Baramati,96.4,21.5,95,13.2,114.3
2026-06-05,jalochi,Baramati,96.4,21.5,95,13.2,111.2
2026-06-05,medad,Baramati,96.4,21.5,95,13.2,96.6
2026-06-05,nimbut,Baramati,96.4,21.5,95,13.2,101.6
2026-06-05,songaon,Baramati,96.4,21.5,95,13.2,93.2
2026-06-05,gunawadi,Baramati,96.4,21.5,95,13.2,99.3
2026-06-05,pandare,Baramati,96.4,21.5,95,13.2,80.0
2026-06-05,korhale,Baramati,96.4,21.5,95,13.2,121.2
2026-06-05,lasalgaon,Niphad,0.0,29.0,75,15.9,0.0
2026-06-05,pimpalgaon,Niphad,0.0,29.0,75,15.9,0.0
2026-06-05,vinchur,Niphad,0.0,29.0,75,15.9,0.0
2026-06-05,ozar,Niphad,0.0,29.0,75,15.9,0.0
2026-06-05,shendurni,Jamner,83.0,24.8,99,6.3,114.9
2026-06-05,pahur,Jamner,83.0,24.8,99,6.3,78.3
2026-06-05,neri,Jamner,83.0,24.8,99,6.3,66.7
2026-06-05,lohara,Jamner,83.0,24.8,99,6.3,58.3
2026-06-06,kanheri,Baramati,34.6,23.1,90,10.6,28.2
2026-06-06,jalochi,Baramati,34.6,23.1,90,10.6,28.9
2026-06-06,medad,Baramati,34.6,23.1,90,10.6,47.8
2026-06-06,nimbut,Baramati,34.6,23.1,90,10.6,52.1
2026-06-06,songaon,Baramati,34.6,23.1,90,10.6,30.6
2026-06-06,gunawadi,Baramati,34.6,23.1,90,10.6,34.2
2026-06-06,pandare,Baramati,34.6,23.1,90,10.6,30.3
2026-06-06,korhale,Baramati,34.6,23.1,90,10.6,43.1
2026-06-06,lasalgaon,Niphad,29.4,26.5,82,16.3,22.5
2026-06-06,pimpalgaon,Niphad,29.4,26.5,82,16.3,28.6
2026-06-06,vinchur,Niphad,29.4,26.5,82,16.3,40.5
2026-06-06,ozar,Niphad,29.4,26.5,82,16.3,32.6
2026-06-06,shendurni,Jamner,6.3,28.6,72,21.2,7.2
2026-06-06,pahur,Jamner,6.3,28.6,72,21.2,5.7
2026-06-06,neri,Jamner,6.3,28.6,72,21.2,6.6
2026-06-06,lohara,Jamner,6.3,28.6,72,21.2,4.8
2026-06-07,kanheri,Baramati,28.9,23.0,80,17.2,26.4
2026-06-07,jalochi,Baramati,28.9,23.0,80,17.2,30.4
2026-06-07,medad,Baramati,28.9,23.0,80,17.2,41.5
2026-06-07,nimbut,Baramati,28.9,23.0,80,17.2,30.0
2026-06-07,songaon,Baramati,28.9,23.0,80,17.2,22.9
2026-06-07,gunawadi,Baramati,28.9,23.0,80,17.2,29.7
2026-06-07,pandare,Baramati,28.9,23.0,80,17.2,19.5
2026-06-07,korhale,Baramati,28.9,23.0,80,17.2,37.1
2026-06-07,lasalgaon,Niphad,7.5,27.4,77,16.5,7.3
2026-06-07,pimpalgaon,Niphad,7.5,27.4,77,16.5,9.1
2026-06-07,vinchur,Niphad,7.5,27.4,77,16.5,7.5
2026-06-07,ozar,Niphad,7.5,27.4,77,16.5,7.6
2026-06-07,shendurni,Jamner,21.4,23.5,84,17.0,23.4
2026-06-07,pahur,Jamner,21.4,23.5,84,17.0,28.0
2026-06-07,neri,Jamner,21.4,23.5,84,17.0,16.5
2026-06-07,lohara,Jamner,21.4,23.5,84,17.0,14.1
2026-06-08,kanheri,Baramati,27.5,24.9,80,15.3,22.3
2026-06-08,jalochi,Baramati,27.5,24.9,80,15.3,33.9
2026-06-08,medad,Baramati,27.5,24.9,80,15.3,28.5
2026-06-08,nimbut,Baramati,27.5,24.9,80,15.3,28.6
2026-06-08,songaon,Baramati,27.5,24.9,80,15.3,20.6
2026-06-08,gunawadi,Baramati,27.5,24.9,80,15.3,21.9
2026-06-08,pandare,Baramati,27.5,24.9,80,15.3,27.5
2026-06-08,korhale,Baramati,27.5,24.9,80,15.3,31.9
2026-06-08,lasalgaon,Niphad,32.8,24.6,89,7.3,33.8
2026-06-08,pimpalgaon,Niphad,32.8,24.6,89,7.3,26.5
2026-06-08,vinchur,Niphad,32.8,24.6,89,7.3,33.3
2026-06-08,ozar,Niphad,32.8,24.6,89,7.3,39.3
2026-06-08,shendurni,Jamner,54.2,24.0,93,14.3,50.1
2026-06-08,pahur,Jamner,54.2,24.0,93,14.3,59.0
2026-06-08,neri,Jamner,54.2,24.0,93,14.3,37.0
2026-06-08,lohara,Jamner,54.2,24.0,93,14.3,35.3
2026-06-09,kanheri,Baramati,0.0,26.3,71,12.9,0.0
2026-06-09,jalochi,Baramati,0.0,26.3,71,12.9,0.0
2026-06-09,medad,Baramati,0.0,26.3,71,12.9,0.0
2026-06-09,nimbut,Baramati,0.0,26.3,71,12.9,0.0
2026-06-09,songaon,Baramati,0.0,26.3,71,12.9,0.0
2026-06-09,gunawadi,Baramati,0.0,26.3,71,12.9,0.0
2026-06-09,pandare,Baramati,0.0,26.3,71,12.9,0.0
2026-06-09,korhale,Baramati,0.0,26.3,71,12.9,0.0
2026-06-09,lasalgaon,Niphad,22.5,28.8,87,19.9,24.1
2026-06-09,pimpalgaon,Niphad,22.5,28.8,87,19.9,26.3
2026-06-09,vinchur,Niphad,22.5,28.8,87,19.9,23.2
2026-06-09,ozar,Niphad,22.5,28.8,87,19.9,26.6
2026-06-09,shendurni,Jamner,29.2,25.7,91,18.2,34.3
2026-06-09,pahur,Jamner,29.2,25.7,91,18.2,25.1
2026-06-09,neri,Jamner,29.2,25.7,91,18.2,25.2
2026-06-09,lohara,Jamner,29.2,25.7,91,18.2,27.9
2026-06-10,kanheri,Baramati,15.9,24.2,81,16.6,18.8
2026-06-10,jalochi,Baramati,15.9,24.2,81,16.6,16.2
2026-06-10,medad,Baramati,15.9,24.2,81,16.6,20.2
2026-06-10,nimbut,Baramati,15.9,24.2,81,16.6,19.7
2026-06-10,songaon,Baramati,15.9,24.2,81,16.6,13.7
2026-06-10,gunawadi,Baramati,15.9,24.2,81,16.6,14.8
2026-06-10,pandare,Baramati,15.9,24.2,81,16.6,12.0
2026-06-10,korhale,Baramati,15.9,24.2,81,16.6,14.8
2026-06-10,lasalgaon,Niphad,46.8,24.4,94,7.0,39.2
2026-06-10,pimpalgaon,Niphad,46.8,24.4,94,7.0,44.8
2026-06-10,vinchur,Niphad,46.8,24.4,94,7.0,39.1
2026-06-10,ozar,Niphad,46.8,24.4,94,7.0,53.9
2026-06-10,shendurni,Jamner,52.8,25.0,92,16.7,41.3
2026-06-10,pahur,Jamner,52.8,25.0,92,16.7,49.3
2026-06-10,neri,Jamner,52.8,25.0,92,16.7,56.0
2026-06-10,lohara,Jamner,52.8,25.0,92,16.7,40.4
2026-06-11,kanheri,Baramati,0.0,26.3,78,15.2,0.0
2026-06-11,jalochi,Baramati,0.0,26.3,78,15.2,0.0
2026-06-11,medad,Baramati,0.0,26.3,78,15.2,0.0
2026-06-11,nimbut,Baramati,0.0,26.3,78,15.2,0.0
2026-06-11,songaon,Baramati,0.0,26.3,78,15.2,0.0
2026-06-11,gunawadi,Baramati,0.0,26.3,78,15.2,0.0
2026-06-11,pandare,Baramati,0.0,26.3,78,15.2,0.0
2026-06-11,korhale,Baramati,0.0,26.3,78,15.2,0.0
2026-06-11,lasalgaon,Niphad,20.4,26.3,87,18.0,19.9
2026-06-11,pimpalgaon,Niphad,20.4,26.3,87,18.0,20.1
2026-06-11,vinchur,Niphad,20.4,26.3,87,18.0,19.1
2026-06-11,ozar,Niphad,20.4,26.3,87,18.0,26.3
2026-06-11,shendurni,Jamner,41.4,25.2,94,10.8,49.5
2026-06-11,pahur,Jamner,41.4,25.2,94,10.8,47.2
2026-06-11,neri,Jamner,41.4,25.2,94,10.8,39.9
2026-06-11,lohara,Jamner,41.4,25.2,94,10.8,29.2
2026-06-12,kanheri,Baramati,0.0,28.6,78,10.8,0.0
2026-06-12,jalochi,Baramati,0.0,28.6,78,10.8,0.0
2026-06-12,medad,Baramati,0.0,28.6,78,10.8,0.0
2026-06-12,nimbut,Baramati,0.0,28.6,78,10.8,0.0
2026-06-12,songaon,Baramati,0.0,28.6,78,10.8,0.0
2026-06-12,gunawadi,Baramati,0.0,28.6,78,10.8,0.0
2026-06-12,pandare,Baramati,0.0,28.6,78,10.8,0.0
2026-06-12,korhale,Baramati,0.0,28.6,78,10.8,0.0
2026-06-12,lasalgaon,Niphad,30.2,24.3,89,11.1,32.4
2026-06-12,pimpalgaon,Niphad,30.2,24.3,89,11.1,17.5
2026-06-12,vinchur,Niphad,30.2,24.3,89,11.1,30.8
2026-06-12,ozar,Niphad,30.2,24.3,89,11.1,42.7
2026-06-12,shendurni,Jamner,8.7,29.4,76,19.0,9.7
2026-06-12,pahur,Jamner,8.7,29.4,76,19.0,9.4
2026-06-12,neri,Jamner,8.7,29.4,76,19.0,6.6
2026-06-12,lohara,Jamner,8.7,29.4,76,19.0,7.0
2026-06-13,kanheri,Baramati,18.9,26.1,77,13.1,26.2
2026-06-13,jalochi,Baramati,18.9,26.1,77,13.1,20.0
2026-06-13,medad,Baramati,18.9,26.1,77,13.1,24.6
2026-06-13,nimbut,Baramati,18.9,26.1,77,13.1,22.6
2026-06-13,songaon,Baramati,18.9,26.1,77,13.1,17.3
2026-06-13,gunawadi,Baramati,18.9,26.1,77,13.1,19.1
2026-06-13,pandare,Baramati,18.9,26.1,77,13.1,17.8
2026-06-13,korhale,Baramati,18.9,26.1,77,13.1,22.7
2026-06-13,lasalgaon,Niphad,55.8,25.2,99,23.1,41.9
2026-06-13,pimpalgaon,Niphad,55.8,25.2,99,23.1,54.5
2026-06-13,vinchur,Niphad,55.8,25.2,99,23.1,73.8
2026-06-13,ozar,Niphad,55.8,25.2,99,23.1,71.3
2026-06-13,shendurni,Jamner,80.1,26.0,98,13.6,100.6
2026-06-13,pahur,Jamner,80.1,26.0,98,13.6,66.0
2026-06-13,neri,Jamner,80.1,26.0,98,13.6,76.2
2026-06-13,lohara,Jamner,80.1,26.0,98,13.6,51.2
2026-06-14,kanheri,Baramati,39.4,25.1,87,12.9,48.9
2026-06-14,jalochi,Baramati,39.4,25.1,87,12.9,41.8
2026-06-14,medad,Baramati,39.4,25.1,87,12.9,40.8
2026-06-14,nimbut,Baramati,39.4,25.1,87,12.9,39.4
2026-06-14,songaon,Baramati,39.4,25.1,87,12.9,49.3
2026-06-14,gunawadi,Baramati,39.4,25.1,87,12.9,28.6
2026-06-14,pandare,Baramati,39.4,25.1,87,12.9,38.7
2026-06-14,korhale,Baramati,39.4,25.1,87,12.9,30.6
2026-06-14,lasalgaon,Niphad,29.3,27.0,83,6.6,23.4
2026-06-14,pimpalgaon,Niphad,29.3,27.0,83,6.6,22.7
2026-06-14,vinchur,Niphad,29.3,27.0,83,6.6,23.8
2026-06-14,ozar,Niphad,29.3,27.0,83,6.6,25.7
2026-06-14,shendurni,Jamner,48.2,24.5,92,11.8,43.0
2026-06-14,pahur,Jamner,48.2,24.5,92,11.8,46.2
2026-06-14,neri,Jamner,48.2,24.5,92,11.8,47.5
2026-06-14,lohara,Jamner,48.2,24.5,92,11.8,31.0
2026-06-15,kanheri,Baramati,27.9,26.3,85,11.3,34.8
2026-06-15,jalochi,Baramati,27.9,26.3,85,11.3,29.2
2026-06-15,medad,Baramati,27.9,26.3,85,11.3,27.2
2026-06-15,nimbut,Baramati,27.9,26.3,85,11.3,36.8
2026-06-15,songaon,Baramati,27.9,26.3,85,11.3,21.7
2026-06-15,gunawadi,Baramati,27.9,26.3,85,11.3,25.4
2026-06-15,pandare,Baramati,27.9,26.3,85,11.3,21.5
2026-06-15,korhale,Baramati,27.9,26.3,85,11.3,26.5
2026-06-15,lasalgaon,Niphad,0.0,28.2,71,12.1,0.0
2026-06-15,pimpalgaon,Niphad,0.0,28.2,71,12.1,0.0
2026-06-15,vinchur,Niphad,0.0,28.2,71,12.1,0.0
2026-06-15,ozar,Niphad,0.0,28.2,71,12.1,0.0
2026-06-15,shendurni,Jamner,24.4,27.0,87,13.5,24.8
2026-06-15,pahur,Jamner,24.4,27.0,87,13.5,22.3
2026-06-15,neri,Jamner,24.4,27.0,87,13.5,23.0
2026-06-15,lohara,Jamner,24.4,27.0,87,13.5,19.9
2026-06-16,kanheri,Baramati,0.0,26.2,71,16.3,0.0
2026-06-16,jalochi,Baramati,0.0,26.2,71,16.3,0.0
2026-06-16,medad,Baramati,0.0,26.2,71,16.3,0.0
2026-06-16,nimbut,Baramati,0.0,26.2,71,16.3,0.0
2026-06-16,songaon,Baramati,0.0,26.2,71,16.3,0.0
2026-06-16,gunawadi,Baramati,0.0,26.2,71,16.3,0.0
2026-06-16,pandare,Baramati,0.0,26.2,71,16.3,0.0
2026-06-16,korhale,Baramati,0.0,26.2,71,16.3,0.0
2026-06-16,lasalgaon,Niphad,24.5,26.6,86,9.7,30.4
2026-06-16,pimpalgaon,Niphad,24.5,26.6,86,9.7,24.6
2026-06-16,vinchur,Niphad,24.5,26.6,86,9.7,28.6
2026-06-16,ozar,Niphad,24.5,26.6,86,9.7,23.8
2026-06-16,shendurni,Jamner,25.4,26.5,87,15.5,36.3
2026-06-16,pahur,Jamner,25.4,26.5,87,15.5,23.4
2026-06-16,neri,Jamner,25.4,26.5,87,15.5,17.4
2026-06-16,lohara,Jamner,25.4,26.5,87,15.5,15.6
2026-06-17,kanheri,Baramati,0.0,29.5,70,16.0,0.0
2026-06-17,jalochi,Baramati,0.0,29.5,70,16.0,0.0
2026-06-17,medad,Baramati,0.0,29.5,70,16.0,0.0
2026-06-17,nimbut,Baramati,0.0,29.5,70,16.0,0.0
2026-06-17,songaon,Baramati,0.0,29.5,70,16.0,0.0
2026-06-17,gunawadi,Baramati,0.0,29.5,70,16.0,0.0
2026-06-17,pandare,Baramati,0.0,29.5,70,16.0,0.0
2026-06-17,korhale,Baramati,0.0,29.5,70,16.0,0.0
2026-06-17,lasalgaon,Niphad,34.2,26.7,89,15.0,30.7
2026-06-17,pimpalgaon,Niphad,34.2,26.7,89,15.0,23.2
2026-06-17,vinchur,Niphad,34.2,26.7,89,15.0,31.0
2026-06-17,ozar,Niphad,34.2,26.7,89,15.0,35.3
2026-06-17,shendurni,Jamner,17.5,27.1,79,17.8,15.3
2026-06-17,pahur,Jamner,17.5,27.1,79,17.8,24.6
2026-06-17,neri,Jamner,17.5,27.1,79,17.8,17.9
2026-06-17,lohara,Jamner,17.5,27.1,79,17.8,14.7
2026-06-18,kanheri,Baramati,17.9,25.9,71,20.1,15.1
2026-06-18,jalochi,Baramati,17.9,25.9,71,20.1,17.9
2026-06-18,medad,Baramati,17.9,25.9,71,20.1,19.9
2026-06-18,nimbut,Baramati,17.9,25.9,71,20.1,23.7
2026-06-18,songaon,Baramati,17.9,25.9,71,20.1,14.8
2026-06-18,gunawadi,Baramati,17.9,25.9,71,20.1,19.7
2026-06-18,pandare,Baramati,17.9,25.9,71,20.1,12.4
2026-06-18,korhale,Baramati,17.9,25.9,71,20.1,19.6
2026-06-18,lasalgaon,Niphad,0.0,28.5,78,18.3,0.0
2026-06-18,pimpalgaon,Niphad,0.0,28.5,78,18.3,0.0
2026-06-18,vinchur,Niphad,0.0,28.5,78,18.3,0.0
2026-06-18,ozar,Niphad,0.0,28.5,78,18.3,0.0
2026-06-18,shendurni,Jamner,0.0,26.4,73,15.6,0.0
2026-06-18,pahur,Jamner,0.0,26.4,73,15.6,0.0
2026-06-18,neri,Jamner,0.0,26.4,73,15.6,0.0
2026-06-18,lohara,Jamner,0.0,26.4,73,15.6,0.0
2026-06-19,kanheri,Baramati,15.8,25.1,73,10.1,15.5
2026-06-19,jalochi,Baramati,15.8,25.1,73,10.1,19.5
2026-06-19,medad,Baramati,15.8,25.1,73,10.1,15.5
2026-06-19,nimbut,Baramati,15.8,25.1,73,10.1,19.3
2026-06-19,songaon,Baramati,15.8,25.1,73,10.1,11.1
2026-06-19,gunawadi,Baramati,15.8,25.1,73,10.1,14.8
2026-06-19,pandare,Baramati,15.8,25.1,73,10.1,14.8
2026-06-19,korhale,Baramati,15.8,25.1,73,10.1,17.8
2026-06-19,lasalgaon,Niphad,0.8,28.1,73,10.6,0.8
2026-06-19,pimpalgaon,Niphad,0.8,28.1,73,10.6,0.7
2026-06-19,vinchur,Niphad,0.8,28.1,73,10.6,0.9
2026-06-19,ozar,Niphad,0.8,28.1,73,10.6,1.1
2026-06-19,shendurni,Jamner,22.5,26.3,84,21.5,28.0
2026-06-19,pahur,Jamner,22.5,26.3,84,21.5,26.9
2026-06-19,neri,Jamner,22.5,26.3,84,21.5,27.1
2026-06-19,lohara,Jamner,22.5,26.3,84,21.5,17.5
2026-06-20,kanheri,Baramati,1.3,26.5,83,11.5,1.2
2026-06-20,jalochi,Baramati,1.3,26.5,83,11.5,1.5
2026-06-20,medad,Baramati,1.3,26.5,83,11.5,1.5
2026-06-20,nimbut,Baramati,1.3,26.5,83,11.5,1.4
2026-06-20,songaon,Baramati,1.3,26.5,83,11.5,1.1
2026-06-20,gunawadi,Baramati,1.3,26.5,83,11.5,1.3
2026-06-20,pandare,Baramati,1.3,26.5,83,11.5,1.0
2026-06-20,korhale,Baramati,1.3,26.5,83,11.5,2.1
2026-06-20,lasalgaon,Niphad,54.9,25.6,97,27.4,55.4
2026-06-20,pimpalgaon,Niphad,54.9,25.6,97,27.4,60.0
2026-06-20,vinchur,Niphad,54.9,25.6,97,27.4,51.3
2026-06-20,ozar,Niphad,54.9,25.6,97,27.4,54.3
2026-06-20,shendurni,Jamner,0.0,27.8,74,20.8,0.0
2026-06-20,pahur,Jamner,0.0,27.8,74,20.8,0.0
2026-06-20,neri,Jamner,0.0,27.8,74,20.8,0.0
2026-06-20,lohara,Jamner,0.0,27.8,74,20.8,0.0
2026-06-21,kanheri,Baramati,5.5,27.4,76,17.6,5.3
2026-06-21,jalochi,Baramati,5.5,27.4,76,17.6,4.2
2026-06-21,medad,Baramati,5.5,27.4,76,17.6,5.4
2026-06-21,nimbut,Baramati,5.5,27.4,76,17.6,4.7
2026-06-21,songaon,Baramati,5.5,27.4,76,17.6,5.6
2026-06-21,gunawadi,Baramati,5.5,27.4,76,17.6,4.2
2026-06-21,pandare,Baramati,5.5,27.4,76,17.6,5.3
2026-06-21,korhale,Baramati,5.5,27.4,76,17.6,6.7
2026-06-21,lasalgaon,Niphad,8.0,26.4,77,21.9,6.2
2026-06-21,pimpalgaon,Niphad,8.0,26.4,77,21.9,8.2
2026-06-21,vinchur,Niphad,8.0,26.4,77,21.9,8.0
2026-06-21,ozar,Niphad,8.0,26.4,77,21.9,7.3
2026-06-21,shendurni,Jamner,75.7,25.2,99,15.7,91.7
2026-06-21,pahur,Jamner,75.7,25.2,99,15.7,76.1
2026-06-21,neri,Jamner,75.7,25.2,99,15.7,103.8
2026-06-21,lohara,Jamner,75.7,25.2,99,15.7,77.1
2026-06-22,kanheri,Baramati,3.0,29.5,78,15.2,2.8
2026-06-22,jalochi,Baramati,3.0,29.5,78,15.2,2.5
2026-06-22,medad,Baramati,3.0,29.5,78,15.2,3.3
2026-06-22,nimbut,Baramati,3.0,29.5,78,15.2,3.2
2026-06-22,songaon,Baramati,3.0,29.5,78,15.2,3.4
2026-06-22,gunawadi,Baramati,3.0,29.5,78,15.2,2.1
2026-06-22,pandare,Baramati,3.0,29.5,78,15.2,2.6
2026-06-22,korhale,Baramati,3.0,29.5,78,15.2,2.9
2026-06-22,lasalgaon,Niphad,0.0,29.1,76,10.2,0.0
2026-06-22,pimpalgaon,Niphad,0.0,29.1,76,10.2,0.0
2026-06-22,vinchur,Niphad,0.0,29.1,76,10.2,0.0
2026-06-22,ozar,Niphad,0.0,29.1,76,10.2,0.0
2026-06-22,shendurni,Jamner,23.9,27.5,83,12.8,29.6
2026-06-22,pahur,Jamner,23.9,27.5,83,12.8,24.1
2026-06-22,neri,Jamner,23.9,27.5,83,12.8,17.6
2026-06-22,lohara,Jamner,23.9,27.5,83,12.8,19.3
2026-06-23,kanheri,Baramati,37.0,25.1,92,16.8,34.8
2026-06-23,jalochi,Baramati,37.0,25.1,92,16.8,31.8
2026-06-23,medad,Baramati,37.0,25.1,92,16.8,39.2
2026-06-23,nimbut,Baramati,37.0,25.1,92,16.8,37.5
2026-06-23,songaon,Baramati,37.0,25.1,92,16.8,36.8
2026-06-23,gunawadi,Baramati,37.0,25.1,92,16.8,34.7
2026-06-23,pandare,Baramati,37.0,25.1,92,16.8,32.5
2026-06-23,korhale,Baramati,37.0,25.1,92,16.8,49.4
2026-06-23,lasalgaon,Niphad,20.9,27.3,86,10.2,23.9
2026-06-23,pimpalgaon,Niphad,20.9,27.3,86,10.2,23.2
2026-06-23,vinchur,Niphad,20.9,27.3,86,10.2,29.9
2026-06-23,ozar,Niphad,20.9,27.3,86,10.2,27.6
2026-06-23,shendurni,Jamner,0.0,28.5,75,13.6,0.0
2026-06-23,pahur,Jamner,0.0,28.5,75,13.6,0.0
2026-06-23,neri,Jamner,0.0,28.5,75,13.6,0.0
2026-06-23,lohara,Jamner,0.0,28.5,75,13.6,0.0
2026-06-24,kanheri,Baramati,39.7,26.0,93,11.9,36.6
2026-06-24,jalochi,Baramati,39.7,26.0,93,11.9,36.4
2026-06-24,medad,Baramati,39.7,26.0,93,11.9,47.0
2026-06-24,nimbut,Baramati,39.7,26.0,93,11.9,41.7
2026-06-24,songaon,Baramati,39.7,26.0,93,11.9,42.1
2026-06-24,gunawadi,Baramati,39.7,26.0,93,11.9,35.0
2026-06-24,pandare,Baramati,39.7,26.0,93,11.9,30.3
2026-06-24,korhale,Baramati,39.7,26.0,93,11.9,51.5
2026-06-24,lasalgaon,Niphad,0.0,25.8,74,15.4,0.0
2026-06-24,pimpalgaon,Niphad,0.0,25.8,74,15.4,0.0
2026-06-24,vinchur,Niphad,0.0,25.8,74,15.4,0.0
2026-06-24,ozar,Niphad,0.0,25.8,74,15.4,0.0
2026-06-24,shendurni,Jamner,0.0,26.8,77,17.0,0.0
2026-06-24,pahur,Jamner,0.0,26.8,77,17.0,0.0
2026-06-24,neri,Jamner,0.0,26.8,77,17.0,0.0
2026-06-24,lohara,Jamner,0.0,26.8,77,17.0,0.0
2026-06-25,kanheri,Baramati,26.7,27.2,84,16.1,22.2
2026-06-25,jalochi,Baramati,26.7,27.2,84,16.1,25.7
2026-06-25,medad,Baramati,26.7,27.2,84,16.1,30.3
2026-06-25,nimbut,Baramati,26.7,27.2,84,16.1,32.4
2026-06-25,songaon,Baramati,26.7,27.2,84,16.1,18.3
2026-06-25,gunawadi,Baramati,26.7,27.2,84,16.1,19.0
2026-06-25,pandare,Baramati,26.7,27.2,84,16.1,23.3
2026-06-25,korhale,Baramati,26.7,27.2,84,16.1,29.3
2026-06-25,lasalgaon,Niphad,36.6,22.8,91,12.5,30.4
2026-06-25,pimpalgaon,Niphad,36.6,22.8,91,12.5,25.0
2026-06-25,vinchur,Niphad,36.6,22.8,91,12.5,38.2
2026-06-25,ozar,Niphad,36.6,22.8,91,12.5,40.1
2026-06-25,shendurni,Jamner,17.0,27.2,82,14.8,21.9
2026-06-25,pahur,Jamner,17.0,27.2,82,14.8,16.1
2026-06-25,neri,Jamner,17.0,27.2,82,14.8,12.1
2026-06-25,lohara,Jamner,17.0,27.2,82,14.8,14.8
2026-06-26,kanheri,Baramati,14.8,27.6,80,9.0,19.0
2026-06-26,jalochi,Baramati,14.8,27.6,80,9.0,13.3
2026-06-26,medad,Baramati,14.8,27.6,80,9.0,13.6
2026-06-26,nimbut,Baramati,14.8,27.6,80,9.0,13.4
2026-06-26,songaon,Baramati,14.8,27.6,80,9.0,14.1
2026-06-26,gunawadi,Baramati,14.8,27.6,80,9.0,15.8
2026-06-26,pandare,Baramati,14.8,27.6,80,9.0,13.4
2026-06-26,korhale,Baramati,14.8,27.6,80,9.0,15.3
2026-06-26,lasalgaon,Niphad,21.5,27.2,81,11.1,19.7
2026-06-26,pimpalgaon,Niphad,21.5,27.2,81,11.1,22.2
2026-06-26,vinchur,Niphad,21.5,27.2,81,11.1,22.3
2026-06-26,ozar,Niphad,21.5,27.2,81,11.1,24.6
2026-06-26,shendurni,Jamner,31.9,26.0,92,14.6,40.1
2026-06-26,pahur,Jamner,31.9,26.0,92,14.6,34.7
2026-06-26,neri,Jamner,31.9,26.0,92,14.6,25.3
2026-06-26,lohara,Jamner,31.9,26.0,92,14.6,18.1
2026-06-27,kanheri,Baramati,0.0,27.1,75,11.1,0.0
2026-06-27,jalochi,Baramati,0.0,27.1,75,11.1,0.0
2026-06-27,medad,Baramati,0.0,27.1,75,11.1,0.0
2026-06-27,nimbut,Baramati,0.0,27.1,75,11.1,0.0
2026-06-27,songaon,Baramati,0.0,27.1,75,11.1,0.0
2026-06-27,gunawadi,Baramati,0.0,27.1,75,11.1,0.0
2026-06-27,pandare,Baramati,0.0,27.1,75,11.1,0.0
2026-06-27,korhale,Baramati,0.0,27.1,75,11.1,0.0
2026-06-27,lasalgaon,Niphad,8.1,26.9,78,12.9,7.1
2026-06-27,pimpalgaon,Niphad,8.1,26.9,78,12.9,7.0
2026-06-27,vinchur,Niphad,8.1,26.9,78,12.9,8.6
2026-06-27,ozar,Niphad,8.1,26.9,78,12.9,9.3
2026-06-27,shendurni,Jamner,38.1,23.5,95,19.6,44.0
2026-06-27,pahur,Jamner,38.1,23.5,95,19.6,40.3
2026-06-27,neri,Jamner,38.1,23.5,95,19.6,31.7
2026-06-27,lohara,Jamner,38.1,23.5,95,19.6,35.0
2026-06-28,kanheri,Baramati,13.7,25.8,76,14.7,12.9
2026-06-28,jalochi,Baramati,13.7,25.8,76,14.7,12.1
2026-06-28,medad,Baramati,13.7,25.8,76,14.7,17.1
2026-06-28,nimbut,Baramati,13.7,25.8,76,14.7,16.4
2026-06-28,songaon,Baramati,13.7,25.8,76,14.7,18.6
2026-06-28,gunawadi,Baramati,13.7,25.8,76,14.7,12.5
2026-06-28,pandare,Baramati,13.7,25.8,76,14.7,12.9
2026-06-28,korhale,Baramati,13.7,25.8,76,14.7,13.9
2026-06-28,lasalgaon,Niphad,0.0,28.6,79,12.8,0.0
2026-06-28,pimpalgaon,Niphad,0.0,28.6,79,12.8,0.0
2026-06-28,vinchur,Niphad,0.0,28.6,79,12.8,0.0
2026-06-28,ozar,Niphad,0.0,28.6,79,12.8,0.0
2026-06-28,shendurni,Jamner,33.8,23.3,84,17.2,40.9
2026-06-28,pahur,Jamner,33.8,23.3,84,17.2,31.4
2026-06-28,neri,Jamner,33.8,23.3,84,17.2,27.5
2026-06-28,lohara,Jamner,33.8,23.3,84,17.2,24.1
2026-06-29,kanheri,Baramati,83.4,23.6,95,15.0,94.3
2026-06-29,jalochi,Baramati,83.4,23.6,95,15.0,99.2
2026-06-29,medad,Baramati,83.4,23.6,95,15.0,94.5
2026-06-29,nimbut,Baramati,83.4,23.6,95,15.0,113.4
2026-06-29,songaon,Baramati,83.4,23.6,95,15.0,80.4
2026-06-29,gunawadi,Baramati,83.4,23.6,95,15.0,70.6
2026-06-29,pandare,Baramati,83.4,23.6,95,15.0,100.6
2026-06-29,korhale,Baramati,83.4,23.6,95,15.0,92.2
2026-06-29,lasalgaon,Niphad,8.1,26.1,81,20.1,7.5
2026-06-29,pimpalgaon,Niphad,8.1,26.1,81,20.1,10.3
2026-06-29,vinchur,Niphad,8.1,26.1,81,20.1,7.9
2026-06-29,ozar,Niphad,8.1,26.1,81,20.1,10.2
2026-06-29,shendurni,Jamner,19.7,25.7,79,18.5,20.5
2026-06-29,pahur,Jamner,19.7,25.7,79,18.5,22.8
2026-06-29,neri,Jamner,19.7,25.7,79,18.5,20.2
2026-06-29,lohara,Jamner,19.7,25.7,79,18.5,12.9
2026-06-30,kanheri,Baramati,67.7,23.5,96,11.4,86.2
2026-06-30,jalochi,Baramati,67.7,23.5,96,11.4,61.2
2026-06-30,medad,Baramati,67.7,23.5,96,11.4,76.0
2026-06-30,nimbut,Baramati,67.7,23.5,96,11.4,72.6
2026-06-30,songaon,Baramati,67.7,23.5,96,11.4,65.5
2026-06-30,gunawadi,Baramati,67.7,23.5,96,11.4,57.2
2026-06-30,pandare,Baramati,67.7,23.5,96,11.4,54.6
2026-06-30,korhale,Baramati,67.7,23.5,96,11.4,73.9
2026-06-30,lasalgaon,Niphad,19.3,26.6,82,11.7,25.5
2026-06-30,pimpalgaon,Niphad,19.3,26.6,82,11.7,15.5
2026-06-30,vinchur,Niphad,19.3,26.6,82,11.7,19.5
2026-06-30,ozar,Niphad,19.3,26.6,82,11.7,28.5
2026-06-30,shendurni,Jamner,39.7,26.9,83,18.7,51.8
2026-06-30,pahur,Jamner,39.7,26.9,83,18.7,37.8
2026-06-30,neri,Jamner,39.7,26.9,83,18.7,28.6
2026-06-30,lohara,Jamner,39.7,26.9,83,18.7,30.1
2026-07-01,kanheri,Baramati,50.1,26.5,96,8.3,48.2
2026-07-01,jalochi,Baramati,50.1,26.5,96,8.3,44.1
2026-07-01,medad,Baramati,50.1,26.5,96,8.3,58.8
2026-07-01,nimbut,Baramati,50.1,26.5,96,8.3,52.0
2026-07-01,songaon,Baramati,50.1,26.5,96,8.3,54.7
2026-07-01,gunawadi,Baramati,50.1,26.5,96,8.3,56.3
2026-07-01,pandare,Baramati,50.1,26.5,96,8.3,33.7
2026-07-01,korhale,Baramati,50.1,26.5,96,8.3,59.7
2026-07-01,lasalgaon,Niphad,25.5,26.3,88,11.6,21.6
2026-07-01,pimpalgaon,Niphad,25.5,26.3,88,11.6,21.7
2026-07-01,vinchur,Niphad,25.5,26.3,88,11.6,32.8
2026-07-01,ozar,Niphad,25.5,26.3,88,11.6,32.3
2026-07-01,shendurni,Jamner,33.4,24.4,95,16.1,29.8
2026-07-01,pahur,Jamner,33.4,24.4,95,16.1,29.8
2026-07-01,neri,Jamner,33.4,24.4,95,16.1,22.9
2026-07-01,lohara,Jamner,33.4,24.4,95,16.1,23.2
2026-07-02,kanheri,Baramati,0.0,28.1,78,13.4,0.0
2026-07-02,jalochi,Baramati,0.0,28.1,78,13.4,0.0
2026-07-02,medad,Baramati,0.0,28.1,78,13.4,0.0
2026-07-02,nimbut,Baramati,0.0,28.1,78,13.4,0.0
2026-07-02,songaon,Baramati,0.0,28.1,78,13.4,0.0
2026-07-02,gunawadi,Baramati,0.0,28.1,78,13.4,0.0
2026-07-02,pandare,Baramati,0.0,28.1,78,13.4,0.0
2026-07-02,korhale,Baramati,0.0,28.1,78,13.4,0.0
2026-07-02,lasalgaon,Niphad,0.0,26.7,75,13.9,0.0
2026-07-02,pimpalgaon,Niphad,0.0,26.7,75,13.9,0.0
2026-07-02,vinchur,Niphad,0.0,26.7,75,13.9,0.0
2026-07-02,ozar,Niphad,0.0,26.7,75,13.9,0.0
2026-07-02,shendurni,Jamner,45.4,25.9,96,10.1,58.2
2026-07-02,pahur,Jamner,45.4,25.9,96,10.1,44.7
2026-07-02,neri,Jamner,45.4,25.9,96,10.1,38.5
2026-07-02,lohara,Jamner,45.4,25.9,96,10.1,35.9
2026-07-03,kanheri,Baramati,48.5,21.2,96,16.2,45.0
2026-07-03,jalochi,Baramati,48.5,21.2,96,16.2,49.5
2026-07-03,medad,Baramati,48.5,21.2,96,16.2,39.4
2026-07-03,nimbut,Baramati,48.5,21.2,96,16.2,60.0
2026-07-03,songaon,Baramati,48.5,21.2,96,16.2,38.6
2026-07-03,gunawadi,Baramati,48.5,21.2,96,16.2,44.0
2026-07-03,pandare,Baramati,48.5,21.2,96,16.2,31.0
2026-07-03,korhale,Baramati,48.5,21.2,96,16.2,36.8
2026-07-03,lasalgaon,Niphad,31.0,25.1,83,12.6,28.1
2026-07-03,pimpalgaon,Niphad,31.0,25.1,83,12.6,29.1
2026-07-03,vinchur,Niphad,31.0,25.1,83,12.6,36.1
2026-07-03,ozar,Niphad,31.0,25.1,83,12.6,43.0
2026-07-03,shendurni,Jamner,17.4,26.2,89,11.8,20.4
2026-07-03,pahur,Jamner,17.4,26.2,89,11.8,17.5
2026-07-03,neri,Jamner,17.4,26.2,89,11.8,12.1
2026-07-03,lohara,Jamner,17.4,26.2,89,11.8,12.5
2026-07-04,kanheri,Baramati,16.5,27.6,88,18.1,14.6
2026-07-04,jalochi,Baramati,16.5,27.6,88,18.1,17.6
2026-07-04,medad,Baramati,16.5,27.6,88,18.1,21.6
2026-07-04,nimbut,Baramati,16.5,27.6,88,18.1,16.7
2026-07-04,songaon,Baramati,16.5,27.6,88,18.1,13.1
2026-07-04,gunawadi,Baramati,16.5,27.6,88,18.1,13.6
2026-07-04,pandare,Baramati,16.5,27.6,88,18.1,16.1
2026-07-04,korhale,Baramati,16.5,27.6,88,18.1,20.1
2026-07-04,lasalgaon,Niphad,4.1,28.5,75,9.7,4.7
2026-07-04,pimpalgaon,Niphad,4.1,28.5,75,9.7,3.7
2026-07-04,vinchur,Niphad,4.1,28.5,75,9.7,3.2
2026-07-04,ozar,Niphad,4.1,28.5,75,9.7,5.9
2026-07-04,shendurni,Jamner,13.4,25.7,83,18.2,17.4
2026-07-04,pahur,Jamner,13.4,25.7,83,18.2,13.8
2026-07-04,neri,Jamner,13.4,25.7,83,18.2,12.1
2026-07-04,lohara,Jamner,13.4,25.7,83,18.2,11.0
2026-07-05,kanheri,Baramati,0.0,27.0,72,12.4,0.0
2026-07-05,jalochi,Baramati,0.0,27.0,72,12.4,0.0
2026-07-05,medad,Baramati,0.0,27.0,72,12.4,0.0
2026-07-05,nimbut,Baramati,0.0,27.0,72,12.4,0.0
2026-07-05,songaon,Baramati,0.0,27.0,72,12.4,0.0
2026-07-05,gunawadi,Baramati,0.0,27.0,72,12.4,0.0
2026-07-05,pandare,Baramati,0.0,27.0,72,12.4,0.0
2026-07-05,korhale,Baramati,0.0,27.0,72,12.4,0.0
2026-07-05,lasalgaon,Niphad,55.6,26.8,92,9.8,49.2
2026-07-05,pimpalgaon,Niphad,55.6,26.8,92,9.8,51.6
2026-07-05,vinchur,Niphad,55.6,26.8,92,9.8,62.5
2026-07-05,ozar,Niphad,55.6,26.8,92,9.8,71.7
2026-07-05,shendurni,Jamner,22.1,25.8,85,14.2,21.5
2026-07-05,pahur,Jamner,22.1,25.8,85,14.2,23.1
2026-07-05,neri,Jamner,22.1,25.8,85,14.2,24.5
2026-07-05,lohara,Jamner,22.1,25.8,85,14.2,21.8
2026-07-06,kanheri,Baramati,15.0,26.1,79,18.6,18.1
2026-07-06,jalochi,Baramati,15.0,26.1,79,18.6,14.7
2026-07-06,medad,Baramati,15.0,26.1,79,18.6,19.6
2026-07-06,nimbut,Baramati,15.0,26.1,79,18.6,14.9
2026-07-06,songaon,Baramati,15.0,26.1,79,18.6,13.1
2026-07-06,gunawadi,Baramati,15.0,26.1,79,18.6,13.5
2026-07-06,pandare,Baramati,15.0,26.1,79,18.6,11.8
2026-07-06,korhale,Baramati,15.0,26.1,79,18.6,22.5
2026-07-06,lasalgaon,Niphad,50.2,22.7,99,18.2,50.1
2026-07-06,pimpalgaon,Niphad,50.2,22.7,99,18.2,41.9
2026-07-06,vinchur,Niphad,50.2,22.7,99,18.2,53.8
2026-07-06,ozar,Niphad,50.2,22.7,99,18.2,61.9
2026-07-06,shendurni,Jamner,13.2,26.0,72,7.5,12.3
2026-07-06,pahur,Jamner,13.2,26.0,72,7.5,14.4
2026-07-06,neri,Jamner,13.2,26.0,72,7.5,10.4
2026-07-06,lohara,Jamner,13.2,26.0,72,7.5,9.2
2026-07-07,kanheri,Baramati,88.9,24.2,96,12.1,121.5
2026-07-07,jalochi,Baramati,88.9,24.2,96,12.1,95.1
2026-07-07,medad,Baramati,88.9,24.2,96,12.1,85.5
2026-07-07,nimbut,Baramati,88.9,24.2,96,12.1,73.0
2026-07-07,songaon,Baramati,88.9,24.2,96,12.1,83.2
2026-07-07,gunawadi,Baramati,88.9,24.2,96,12.1,78.6
2026-07-07,pandare,Baramati,88.9,24.2,96,12.1,73.9
2026-07-07,korhale,Baramati,88.9,24.2,96,12.1,96.2
2026-07-07,lasalgaon,Niphad,16.4,27.3,78,13.4,16.8
2026-07-07,pimpalgaon,Niphad,16.4,27.3,78,13.4,16.5
2026-07-07,vinchur,Niphad,16.4,27.3,78,13.4,16.4
2026-07-07,ozar,Niphad,16.4,27.3,78,13.4,16.4
2026-07-07,shendurni,Jamner,0.0,27.2,78,10.9,0.0
2026-07-07,pahur,Jamner,0.0,27.2,78,10.9,0.0
2026-07-07,neri,Jamner,0.0,27.2,78,10.9,0.0
2026-07-07,lohara,Jamner,0.0,27.2,78,10.9,0.0
2026-07-08,kanheri,Baramati,13.2,27.6,77,17.3,14.3
2026-07-08,jalochi,Baramati,13.2,27.6,77,17.3,14.6
2026-07-08,medad,Baramati,13.2,27.6,77,17.3,13.2
2026-07-08,nimbut,Baramati,13.2,27.6,77,17.3,12.9
2026-07-08,songaon,Baramati,13.2,27.6,77,17.3,11.3
2026-07-08,gunawadi,Baramati,13.2,27.6,77,17.3,15.3
2026-07-08,pandare,Baramati,13.2,27.6,77,17.3,9.5
2026-07-08,korhale,Baramati,13.2,27.6,77,17.3,16.2
2026-07-08,lasalgaon,Niphad,18.5,26.3,89,16.2,15.7
2026-07-08,pimpalgaon,Niphad,18.5,26.3,89,16.2,16.8
2026-07-08,vinchur,Niphad,18.5,26.3,89,16.2,19.3
2026-07-08,ozar,Niphad,18.5,26.3,89,16.2,19.7
2026-07-08,shendurni,Jamner,0.0,26.1,62,10.3,0.0
2026-07-08,pahur,Jamner,0.0,26.1,62,10.3,0.0
2026-07-08,neri,Jamner,0.0,26.1,62,10.3,0.0
2026-07-08,lohara,Jamner,0.0,26.1,62,10.3,0.0
2026-07-09,kanheri,Baramati,24.7,26.3,85,8.1,23.6
2026-07-09,jalochi,Baramati,24.7,26.3,85,8.1,23.9
2026-07-09,medad,Baramati,24.7,26.3,85,8.1,28.5
2026-07-09,nimbut,Baramati,24.7,26.3,85,8.1,29.0
2026-07-09,songaon,Baramati,24.7,26.3,85,8.1,19.8
2026-07-09,gunawadi,Baramati,24.7,26.3,85,8.1,28.4
2026-07-09,pandare,Baramati,24.7,26.3,85,8.1,22.7
2026-07-09,korhale,Baramati,24.7,26.3,85,8.1,33.1
2026-07-09,lasalgaon,Niphad,0.0,29.7,67,13.1,0.0
2026-07-09,pimpalgaon,Niphad,0.0,29.7,67,13.1,0.0
2026-07-09,vinchur,Niphad,0.0,29.7,67,13.1,0.0
2026-07-09,ozar,Niphad,0.0,29.7,67,13.1,0.0
2026-07-09,shendurni,Jamner,65.3,25.8,97,12.9,53.3
2026-07-09,pahur,Jamner,65.3,25.8,97,12.9,66.3
2026-07-09,neri,Jamner,65.3,25.8,97,12.9,61.0
2026-07-09,lohara,Jamner,65.3,25.8,97,12.9,52.4
2026-07-10,kanheri,Baramati,11.6,26.0,78,8.9,11.6
2026-07-10,jalochi,Baramati,11.6,26.0,78,8.9,10.7
2026-07-10,medad,Baramati,11.6,26.0,78,8.9,12.6
2026-07-10,nimbut,Baramati,11.6,26.0,78,8.9,15.2
2026-07-10,songaon,Baramati,11.6,26.0,78,8.9,8.9
2026-07-10,gunawadi,Baramati,11.6,26.0,78,8.9,11.7
2026-07-10,pandare,Baramati,11.6,26.0,78,8.9,10.5
2026-07-10,korhale,Baramati,11.6,26.0,78,8.9,13.3
2026-07-10,lasalgaon,Niphad,0.0,29.5,70,12.2,0.0
2026-07-10,pimpalgaon,Niphad,0.0,29.5,70,12.2,0.0
2026-07-10,vinchur,Niphad,0.0,29.5,70,12.2,0.0
2026-07-10,ozar,Niphad,0.0,29.5,70,12.2,0.0
2026-07-10,shendurni,Jamner,36.2,25.5,95,17.7,39.4
2026-07-10,pahur,Jamner,36.2,25.5,95,17.7,47.7
2026-07-10,neri,Jamner,36.2,25.5,95,17.7,32.1
2026-07-10,lohara,Jamner,36.2,25.5,95,17.7,22.9
2026-07-11,kanheri,Baramati,25.8,25.2,88,15.3,24.6
2026-07-11,jalochi,Baramati,25.8,25.2,88,15.3,22.2
2026-07-11,medad,Baramati,25.8,25.2,88,15.3,31.4
2026-07-11,nimbut,Baramati,25.8,25.2,88,15.3,29.1
2026-07-11,songaon,Baramati,25.8,25.2,88,15.3,23.3
2026-07-11,gunawadi,Baramati,25.8,25.2,88,15.3,32.0
2026-07-11,pandare,Baramati,25.8,25.2,88,15.3,21.3
2026-07-11,korhale,Baramati,25.8,25.2,88,15.3,33.0
2026-07-11,lasalgaon,Niphad,5.7,30.5,78,15.2,4.6
2026-07-11,pimpalgaon,Niphad,5.7,30.5,78,15.2,5.0
2026-07-11,vinchur,Niphad,5.7,30.5,78,15.2,6.2
2026-07-11,ozar,Niphad,5.7,30.5,78,15.2,8.1
2026-07-11,shendurni,Jamner,15.9,26.8,86,15.3,16.9
2026-07-11,pahur,Jamner,15.9,26.8,86,15.3,15.8
2026-07-11,neri,Jamner,15.9,26.8,86,15.3,11.9
2026-07-11,lohara,Jamner,15.9,26.8,86,15.3,9.8
2026-07-12,kanheri,Baramati,34.5,23.2,79,12.8,30.4
2026-07-12,jalochi,Baramati,34.5,23.2,79,12.8,22.5
2026-07-12,medad,Baramati,34.5,23.2,79,12.8,34.7
2026-07-12,nimbut,Baramati,34.5,23.2,79,12.8,34.6
2026-07-12,songaon,Baramati,34.5,23.2,79,12.8,32.4
2026-07-12,gunawadi,Baramati,34.5,23.2,79,12.8,41.8
2026-07-12,pandare,Baramati,34.5,23.2,79,12.8,38.1
2026-07-12,korhale,Baramati,34.5,23.2,79,12.8,41.1
2026-07-12,lasalgaon,Niphad,44.8,23.7,95,10.9,33.6
2026-07-12,pimpalgaon,Niphad,44.8,23.7,95,10.9,33.8
2026-07-12,vinchur,Niphad,44.8,23.7,95,10.9,44.1
2026-07-12,ozar,Niphad,44.8,23.7,95,10.9,67.0
2026-07-12,shendurni,Jamner,45.3,23.4,98,11.6,46.8
2026-07-12,pahur,Jamner,45.3,23.4,98,11.6,48.5
2026-07-12,neri,Jamner,45.3,23.4,98,11.6,33.7
2026-07-12,lohara,Jamner,45.3,23.4,98,11.6,41.1
2026-07-13,kanheri,Baramati,0.0,29.2,71,21.0,0.0
2026-07-13,jalochi,Baramati,0.0,29.2,71,21.0,0.0
2026-07-13,medad,Baramati,0.0,29.2,71,21.0,0.0
2026-07-13,nimbut,Baramati,0.0,29.2,71,21.0,0.0
2026-07-13,songaon,Baramati,0.0,29.2,71,21.0,0.0
2026-07-13,gunawadi,Baramati,0.0,29.2,71,21.0,0.0
2026-07-13,pandare,Baramati,0.0,29.2,71,21.0,0.0
2026-07-13,korhale,Baramati,0.0,29.2,71,21.0,0.0
2026-07-13,lasalgaon,Niphad,3.6,28.5,72,13.7,3.8
2026-07-13,pimpalgaon,Niphad,3.6,28.5,72,13.7,2.9
2026-07-13,vinchur,Niphad,3.6,28.5,72,13.7,4.4
2026-07-13,ozar,Niphad,3.6,28.5,72,13.7,4.7
2026-07-13,shendurni,Jamner,31.4,24.9,89,12.5,27.8
2026-07-13,pahur,Jamner,31.4,24.9,89,12.5,20.9
2026-07-13,neri,Jamner,31.4,24.9,89,12.5,28.8
2026-07-13,lohara,Jamner,31.4,24.9,89,12.5,27.0
2026-07-14,kanheri,Baramati,5.9,25.5,79,10.6,6.9
2026-07-14,jalochi,Baramati,5.9,25.5,79,10.6,4.1
2026-07-14,medad,Baramati,5.9,25.5,79,10.6,7.0
2026-07-14,nimbut,Baramati,5.9,25.5,79,10.6,5.2
2026-07-14,songaon,Baramati,5.9,25.5,79,10.6,3.9
2026-07-14,gunawadi,Baramati,5.9,25.5,79,10.6,5.7
2026-07-14,pandare,Baramati,5.9,25.5,79,10.6,5.0
2026-07-14,korhale,Baramati,5.9,25.5,79,10.6,6.7
2026-07-14,lasalgaon,Niphad,0.0,26.5,73,11.8,0.0
2026-07-14,pimpalgaon,Niphad,0.0,26.5,73,11.8,0.0
2026-07-14,vinchur,Niphad,0.0,26.5,73,11.8,0.0
2026-07-14,ozar,Niphad,0.0,26.5,73,11.8,0.0
2026-07-14,shendurni,Jamner,5.2,27.2,75,21.0,7.1
2026-07-14,pahur,Jamner,5.2,27.2,75,21.0,4.8
2026-07-14,neri,Jamner,5.2,27.2,75,21.0,5.3
2026-07-14,lohara,Jamner,5.2,27.2,75,21.0,5.5
2026-07-15,kanheri,Baramati,35.6,24.8,83,12.1,32.8
2026-07-15,jalochi,Baramati,35.6,24.8,83,12.1,26.3
2026-07-15,medad,Baramati,35.6,24.8,83,12.1,45.6
2026-07-15,nimbut,Baramati,35.6,24.8,83,12.1,31.8
2026-07-15,songaon,Baramati,35.6,24.8,83,12.1,26.5
2026-07-15,gunawadi,Baramati,35.6,24.8,83,12.1,31.5
2026-07-15,pandare,Baramati,35.6,24.8,83,12.1,33.7
2026-07-15,korhale,Baramati,35.6,24.8,83,12.1,37.1
2026-07-15,lasalgaon,Niphad,34.2,24.5,83,18.0,31.3
2026-07-15,pimpalgaon,Niphad,34.2,24.5,83,18.0,32.9
2026-07-15,vinchur,Niphad,34.2,24.5,83,18.0,27.8
2026-07-15,ozar,Niphad,34.2,24.5,83,18.0,38.3
2026-07-15,shendurni,Jamner,0.0,27.3,76,15.9,0.0
2026-07-15,pahur,Jamner,0.0,27.3,76,15.9,0.0
2026-07-15,neri,Jamner,0.0,27.3,76,15.9,0.0
2026-07-15,lohara,Jamner,0.0,27.3,76,15.9,0.0
2026-07-16,kanheri,Baramati,11.9,26.4,82,14.9,11.7
2026-07-16,jalochi,Baramati,11.9,26.4,82,14.9,8.6
2026-07-16,medad,Baramati,11.9,26.4,82,14.9,14.0
2026-07-16,nimbut,Baramati,11.9,26.4,82,14.9,11.7
2026-07-16,songaon,Baramati,11.9,26.4,82,14.9,9.3
2026-07-16,gunawadi,Baramati,11.9,26.4,82,14.9,10.9
2026-07-16,pandare,Baramati,11.9,26.4,82,14.9,10.7
2026-07-16,korhale,Baramati,11.9,26.4,82,14.9,12.3
2026-07-16,lasalgaon,Niphad,6.9,28.5,75,11.7,5.5
2026-07-16,pimpalgaon,Niphad,6.9,28.5,75,11.7,5.2
2026-07-16,vinchur,Niphad,6.9,28.5,75,11.7,6.2
2026-07-16,ozar,Niphad,6.9,28.5,75,11.7,8.0
2026-07-16,shendurni,Jamner,11.4,26.3,81,13.2,13.6
2026-07-16,pahur,Jamner,11.4,26.3,81,13.2,11.1
2026-07-16,neri,Jamner,11.4,26.3,81,13.2,8.4
2026-07-16,lohara,Jamner,11.4,26.3,81,13.2,9.5
2026-07-17,kanheri,Baramati,74.6,25.6,98,21.2,88.3
2026-07-17,jalochi,Baramati,74.6,25.6,98,21.2,64.8
2026-07-17,medad,Baramati,74.6,25.6,98,21.2,85.9
2026-07-17,nimbut,Baramati,74.6,25.6,98,21.2,78.3
2026-07-17,songaon,Baramati,74.6,25.6,98,21.2,61.1
2026-07-17,gunawadi,Baramati,74.6,25.6,98,21.2,67.0
2026-07-17,pandare,Baramati,74.6,25.6,98,21.2,54.8
2026-07-17,korhale,Baramati,74.6,25.6,98,21.2,72.5
2026-07-17,lasalgaon,Niphad,6.6,28.7,83,13.4,5.8
2026-07-17,pimpalgaon,Niphad,6.6,28.7,83,13.4,6.9
2026-07-17,vinchur,Niphad,6.6,28.7,83,13.4,6.2
2026-07-17,ozar,Niphad,6.6,28.7,83,13.4,8.0
2026-07-17,shendurni,Jamner,0.0,29.1,72,13.4,0.0
2026-07-17,pahur,Jamner,0.0,29.1,72,13.4,0.0
2026-07-17,neri,Jamner,0.0,29.1,72,13.4,0.0
2026-07-17,lohara,Jamner,0.0,29.1,72,13.4,0.0
2026-07-18,kanheri,Baramati,1.4,27.5,74,13.0,1.1
2026-07-18,jalochi,Baramati,1.4,27.5,74,13.0,1.1
2026-07-18,medad,Baramati,1.4,27.5,74,13.0,1.8
2026-07-18,nimbut,Baramati,1.4,27.5,74,13.0,1.3
2026-07-18,songaon,Baramati,1.4,27.5,74,13.0,1.0
2026-07-18,gunawadi,Baramati,1.4,27.5,74,13.0,1.3
2026-07-18,pandare,Baramati,1.4,27.5,74,13.0,1.7
2026-07-18,korhale,Baramati,1.4,27.5,74,13.0,1.6
2026-07-18,lasalgaon,Niphad,0.0,28.0,78,20.5,0.0
2026-07-18,pimpalgaon,Niphad,0.0,28.0,78,20.5,0.0
2026-07-18,vinchur,Niphad,0.0,28.0,78,20.5,0.0
2026-07-18,ozar,Niphad,0.0,28.0,78,20.5,0.0
2026-07-18,shendurni,Jamner,28.5,25.5,86,11.0,30.0
2026-07-18,pahur,Jamner,28.5,25.5,86,11.0,37.7
2026-07-18,neri,Jamner,28.5,25.5,86,11.0,25.7
2026-07-18,lohara,Jamner,28.5,25.5,86,11.0,22.9
2026-07-19,kanheri,Baramati,23.7,24.0,76,11.0,32.3
2026-07-19,jalochi,Baramati,23.7,24.0,76,11.0,24.3
2026-07-19,medad,Baramati,23.7,24.0,76,11.0,30.4
2026-07-19,nimbut,Baramati,23.7,24.0,76,11.0,24.3
2026-07-19,songaon,Baramati,23.7,24.0,76,11.0,28.4
2026-07-19,gunawadi,Baramati,23.7,24.0,76,11.0,21.3
2026-07-19,pandare,Baramati,23.7,24.0,76,11.0,17.2
2026-07-19,korhale,Baramati,23.7,24.0,76,11.0,25.3
2026-07-19,lasalgaon,Niphad,41.0,24.6,92,17.7,36.0
2026-07-19,pimpalgaon,Niphad,41.0,24.6,92,17.7,38.2
2026-07-19,vinchur,Niphad,41.0,24.6,92,17.7,42.5
2026-07-19,ozar,Niphad,41.0,24.6,92,17.7,54.0
2026-07-19,shendurni,Jamner,41.4,24.4,82,15.1,40.4
2026-07-19,pahur,Jamner,41.4,24.4,82,15.1,42.6
2026-07-19,neri,Jamner,41.4,24.4,82,15.1,40.0
2026-07-19,lohara,Jamner,41.4,24.4,82,15.1,32.0
2026-07-20,kanheri,Baramati,0.0,29.2,79,17.6,0.0
2026-07-20,jalochi,Baramati,0.0,29.2,79,17.6,0.0
2026-07-20,medad,Baramati,0.0,29.2,79,17.6,0.0
2026-07-20,nimbut,Baramati,0.0,29.2,79,17.6,0.0
2026-07-20,songaon,Baramati,0.0,29.2,79,17.6,0.0
2026-07-20,gunawadi,Baramati,0.0,29.2,79,17.6,0.0
2026-07-20,pandare,Baramati,0.0,29.2,79,17.6,0.0
2026-07-20,korhale,Baramati,0.0,29.2,79,17.6,0.0
2026-07-20,lasalgaon,Niphad,22.3,25.1,83,19.6,21.1
2026-07-20,pimpalgaon,Niphad,22.3,25.1,83,19.6,22.6
2026-07-20,vinchur,Niphad,22.3,25.1,83,19.6,23.4
2026-07-20,ozar,Niphad,22.3,25.1,83,19.6,29.6
2026-07-20,shendurni,Jamner,38.0,25.0,88,15.1,31.5
2026-07-20,pahur,Jamner,38.0,25.0,88,15.1,40.2
2026-07-20,neri,Jamner,38.0,25.0,88,15.1,30.4
2026-07-20,lohara,Jamner,38.0,25.0,88,15.1,37.2
2026-07-21,kanheri,Baramati,31.1,25.2,89,9.6,28.9
2026-07-21,jalochi,Baramati,31.1,25.2,89,9.6,29.5
2026-07-21,medad,Baramati,31.1,25.2,89,9.6,32.4
2026-07-21,nimbut,Baramati,31.1,25.2,89,9.6,29.4
2026-07-21,songaon,Baramati,31.1,25.2,89,9.6,25.9
2026-07-21,gunawadi,Baramati,31.1,25.2,89,9.6,38.0
2026-07-21,pandare,Baramati,31.1,25.2,89,9.6,24.3
2026-07-21,korhale,Baramati,31.1,25.2,89,9.6,28.2
2026-07-21,lasalgaon,Niphad,37.3,25.7,92,17.3,35.1
2026-07-21,pimpalgaon,Niphad,37.3,25.7,92,17.3,43.0
2026-07-21,vinchur,Niphad,37.3,25.7,92,17.3,46.0
2026-07-21,ozar,Niphad,37.3,25.7,92,17.3,38.0
2026-07-21,shendurni,Jamner,49.7,24.4,94,15.3,60.2
2026-07-21,pahur,Jamner,49.7,24.4,94,15.3,58.2
2026-07-21,neri,Jamner,49.7,24.4,94,15.3,41.9
2026-07-21,lohara,Jamner,49.7,24.4,94,15.3,42.8
2026-07-22,kanheri,Baramati,36.4,24.9,91,15.4,37.1
2026-07-22,jalochi,Baramati,36.4,24.9,91,15.4,33.5
2026-07-22,medad,Baramati,36.4,24.9,91,15.4,46.2
2026-07-22,nimbut,Baramati,36.4,24.9,91,15.4,43.8
2026-07-22,songaon,Baramati,36.4,24.9,91,15.4,31.2
2026-07-22,gunawadi,Baramati,36.4,24.9,91,15.4,29.8
2026-07-22,pandare,Baramati,36.4,24.9,91,15.4,27.6
2026-07-22,korhale,Baramati,36.4,24.9,91,15.4,38.0
2026-07-22,lasalgaon,Niphad,14.3,28.0,83,13.4,12.7
2026-07-22,pimpalgaon,Niphad,14.3,28.0,83,13.4,11.1
2026-07-22,vinchur,Niphad,14.3,28.0,83,13.4,13.7
2026-07-22,ozar,Niphad,14.3,28.0,83,13.4,16.6
2026-07-22,shendurni,Jamner,7.5,29.3,80,14.7,8.0
2026-07-22,pahur,Jamner,7.5,29.3,80,14.7,8.4
2026-07-22,neri,Jamner,7.5,29.3,80,14.7,6.6
2026-07-22,lohara,Jamner,7.5,29.3,80,14.7,6.7
2026-07-23,kanheri,Baramati,44.1,24.3,93,13.1,38.7
2026-07-23,jalochi,Baramati,44.1,24.3,93,13.1,41.2
2026-07-23,medad,Baramati,44.1,24.3,93,13.1,54.7
2026-07-23,nimbut,Baramati,44.1,24.3,93,13.1,57.0
2026-07-23,songaon,Baramati,44.1,24.3,93,13.1,38.7
2026-07-23,gunawadi,Baramati,44.1,24.3,93,13.1,35.4
2026-07-23,pandare,Baramati,44.1,24.3,93,13.1,45.1
2026-07-23,korhale,Baramati,44.1,24.3,93,13.1,48.0
2026-07-23,lasalgaon,Niphad,24.6,25.5,86,15.0,21.9
2026-07-23,pimpalgaon,Niphad,24.6,25.5,86,15.0,25.4
2026-07-23,vinchur,Niphad,24.6,25.5,86,15.0,26.4
2026-07-23,ozar,Niphad,24.6,25.5,86,15.0,26.3
2026-07-23,shendurni,Jamner,21.0,27.2,74,12.0,18.9
2026-07-23,pahur,Jamner,21.0,27.2,74,12.0,22.9
2026-07-23,neri,Jamner,21.0,27.2,74,12.0,17.1
2026-07-23,lohara,Jamner,21.0,27.2,74,12.0,20.0
2026-07-24,kanheri,Baramati,23.1,26.9,86,12.7,21.5
2026-07-24,jalochi,Baramati,23.1,26.9,86,12.7,23.5
2026-07-24,medad,Baramati,23.1,26.9,86,12.7,18.6
2026-07-24,nimbut,Baramati,23.1,26.9,86,12.7,23.9
2026-07-24,songaon,Baramati,23.1,26.9,86,12.7,21.3
2026-07-24,gunawadi,Baramati,23.1,26.9,86,12.7,22.2
2026-07-24,pandare,Baramati,23.1,26.9,86,12.7,18.8
2026-07-24,korhale,Baramati,23.1,26.9,86,12.7,26.5
2026-07-24,lasalgaon,Niphad,0.0,30.1,73,18.8,0.0
2026-07-24,pimpalgaon,Niphad,0.0,30.1,73,18.8,0.0
2026-07-24,vinchur,Niphad,0.0,30.1,73,18.8,0.0
2026-07-24,ozar,Niphad,0.0,30.1,73,18.8,0.0
2026-07-24,shendurni,Jamner,19.4,27.1,84,7.0,27.9
2026-07-24,pahur,Jamner,19.4,27.1,84,7.0,17.7
2026-07-24,neri,Jamner,19.4,27.1,84,7.0,17.0
2026-07-24,lohara,Jamner,19.4,27.1,84,7.0,17.2
2026-07-25,kanheri,Baramati,0.0,27.2,83,17.2,0.0
2026-07-25,jalochi,Baramati,0.0,27.2,83,17.2,0.0
2026-07-25,medad,Baramati,0.0,27.2,83,17.2,0.0
2026-07-25,nimbut,Baramati,0.0,27.2,83,17.2,0.0
2026-07-25,songaon,Baramati,0.0,27.2,83,17.2,0.0
2026-07-25,gunawadi,Baramati,0.0,27.2,83,17.2,0.0
2026-07-25,pandare,Baramati,0.0,27.2,83,17.2,0.0
2026-07-25,korhale,Baramati,0.0,27.2,83,17.2,0.0
2026-07-25,lasalgaon,Niphad,3.4,27.5,73,13.0,3.2
2026-07-25,pimpalgaon,Niphad,3.4,27.5,73,13.0,2.3
2026-07-25,vinchur,Niphad,3.4,27.5,73,13.0,4.0
2026-07-25,ozar,Niphad,3.4,27.5,73,13.0,3.8
2026-07-25,shendurni,Jamner,11.5,28.2,80,11.9,12.0
2026-07-25,pahur,Jamner,11.5,28.2,80,11.9,13.1
2026-07-25,neri,Jamner,11.5,28.2,80,11.9,9.0
2026-07-25,lohara,Jamner,11.5,28.2,80,11.9,9.6
2026-07-26,kanheri,Baramati,14.4,29.5,81,14.4,11.3
2026-07-26,jalochi,Baramati,14.4,29.5,81,14.4,16.1
2026-07-26,medad,Baramati,14.4,29.5,81,14.4,17.7
2026-07-26,nimbut,Baramati,14.4,29.5,81,14.4,16.5
2026-07-26,songaon,Baramati,14.4,29.5,81,14.4,11.2
2026-07-26,gunawadi,Baramati,14.4,29.5,81,14.4,13.0
2026-07-26,pandare,Baramati,14.4,29.5,81,14.4,9.9
2026-07-26,korhale,Baramati,14.4,29.5,81,14.4,17.4
2026-07-26,lasalgaon,Niphad,0.0,29.1,72,13.9,0.0
2026-07-26,pimpalgaon,Niphad,0.0,29.1,72,13.9,0.0
2026-07-26,vinchur,Niphad,0.0,29.1,72,13.9,0.0
2026-07-26,ozar,Niphad,0.0,29.1,72,13.9,0.0
2026-07-26,shendurni,Jamner,0.0,27.8,78,12.6,0.0
2026-07-26,pahur,Jamner,0.0,27.8,78,12.6,0.0
2026-07-26,neri,Jamner,0.0,27.8,78,12.6,0.0
2026-07-26,lohara,Jamner,0.0,27.8,78,12.6,0.0
2026-07-27,kanheri,Baramati,9.0,27.4,75,17.6,7.5
2026-07-27,jalochi,Baramati,9.0,27.4,75,17.6,7.8
2026-07-27,medad,Baramati,9.0,27.4,75,17.6,10.8
2026-07-27,nimbut,Baramati,9.0,27.4,75,17.6,10.2
2026-07-27,songaon,Baramati,9.0,27.4,75,17.6,9.6
2026-07-27,gunawadi,Baramati,9.0,27.4,75,17.6,6.0
2026-07-27,pandare,Baramati,9.0,27.4,75,17.6,8.0
2026-07-27,korhale,Baramati,9.0,27.4,75,17.6,10.6
2026-07-27,lasalgaon,Niphad,0.0,28.4,68,14.9,0.0
2026-07-27,pimpalgaon,Niphad,0.0,28.4,68,14.9,0.0
2026-07-27,vinchur,Niphad,0.0,28.4,68,14.9,0.0
2026-07-27,ozar,Niphad,0.0,28.4,68,14.9,0.0
2026-07-27,shendurni,Jamner,0.0,29.5,78,17.0,0.0
2026-07-27,pahur,Jamner,0.0,29.5,78,17.0,0.0
2026-07-27,neri,Jamner,0.0,29.5,78,17.0,0.0
2026-07-27,lohara,Jamner,0.0,29.5,78,17.0,0.0
2026-07-28,kanheri,Baramati,0.0,29.3,71,12.2,0.0
2026-07-28,jalochi,Baramati,0.0,29.3,71,12.2,0.0
2026-07-28,medad,Baramati,0.0,29.3,71,12.2,0.0
2026-07-28,nimbut,Baramati,0.0,29.3,71,12.2,0.0
2026-07-28,songaon,Baramati,0.0,29.3,71,12.2,0.0
2026-07-28,gunawadi,Baramati,0.0,29.3,71,12.2,0.0
2026-07-28,pandare,Baramati,0.0,29.3,71,12.2,0.0
2026-07-28,korhale,Baramati,0.0,29.3,71,12.2,0.0
2026-07-28,lasalgaon,Niphad,3.3,27.3,81,15.2,3.4
2026-07-28,pimpalgaon,Niphad,3.3,27.3,81,15.2,3.0
2026-07-28,vinchur,Niphad,3.3,27.3,81,15.2,2.6
2026-07-28,ozar,Niphad,3.3,27.3,81,15.2,3.6
2026-07-28,shendurni,Jamner,59.4,23.3,99,16.7,81.2
2026-07-28,pahur,Jamner,59.4,23.3,99,16.7,58.3
2026-07-28,neri,Jamner,59.4,23.3,99,16.7,62.6
2026-07-28,lohara,Jamner,59.4,23.3,99,16.7,37.5
2026-07-29,kanheri,Baramati,29.5,26.7,91,9.1,28.8
2026-07-29,jalochi,Baramati,29.5,26.7,91,9.1,24.3
2026-07-29,medad,Baramati,29.5,26.7,91,9.1,42.9
2026-07-29,nimbut,Baramati,29.5,26.7,91,9.1,25.5
2026-07-29,songaon,Baramati,29.5,26.7,91,9.1,24.5
2026-07-29,gunawadi,Baramati,29.5,26.7,91,9.1,23.2
2026-07-29,pandare,Baramati,29.5,26.7,91,9.1,27.8
2026-07-29,korhale,Baramati,29.5,26.7,91,9.1,29.2
2026-07-29,lasalgaon,Niphad,2.6,28.1,78,18.7,2.3
2026-07-29,pimpalgaon,Niphad,2.6,28.1,78,18.7,2.0
2026-07-29,vinchur,Niphad,2.6,28.1,78,18.7,2.7
2026-07-29,ozar,Niphad,2.6,28.1,78,18.7,2.6
2026-07-29,shendurni,Jamner,0.0,25.7,77,17.6,0.0
2026-07-29,pahur,Jamner,0.0,25.7,77,17.6,0.0
2026-07-29,neri,Jamner,0.0,25.7,77,17.6,0.0
2026-07-29,lohara,Jamner,0.0,25.7,77,17.6,0.0
2026-07-30,kanheri,Baramati,8.7,26.0,84,22.4,9.5
2026-07-30,jalochi,Baramati,8.7,26.0,84,22.4,9.0
2026-07-30,medad,Baramati,8.7,26.0,84,22.4,10.2
2026-07-30,nimbut,Baramati,8.7,26.0,84,22.4,11.3
2026-07-30,songaon,Baramati,8.7,26.0,84,22.4,7.0
2026-07-30,gunawadi,Baramati,8.7,26.0,84,22.4,6.6
2026-07-30,pandare,Baramati,8.7,26.0,84,22.4,8.7
2026-07-30,korhale,Baramati,8.7,26.0,84,22.4,10.1
2026-07-30,lasalgaon,Niphad,0.0,25.4,76,14.4,0.0
2026-07-30,pimpalgaon,Niphad,0.0,25.4,76,14.4,0.0
2026-07-30,vinchur,Niphad,0.0,25.4,76,14.4,0.0
2026-07-30,ozar,Niphad,0.0,25.4,76,14.4,0.0
2026-07-30,shendurni,Jamner,2.3,26.7,73,20.2,2.1
2026-07-30,pahur,Jamner,2.3,26.7,73,20.2,2.6
2026-07-30,neri,Jamner,2.3,26.7,73,20.2,1.6
2026-07-30,lohara,Jamner,2.3,26.7,73,20.2,2.3
2026-07-31,kanheri,Baramati,82.8,23.9,99,16.3,75.5
2026-07-31,jalochi,Baramati,82.8,23.9,99,16.3,74.3
2026-07-31,medad,Baramati,82.8,23.9,99,16.3,108.7
2026-07-31,nimbut,Baramati,82.8,23.9,99,16.3,76.1
2026-07-31,songaon,Baramati,82.8,23.9,99,16.3,63.0
2026-07-31,gunawadi,Baramati,82.8,23.9,99,16.3,76.9
2026-07-31,pandare,Baramati,82.8,23.9,99,16.3,51.6
2026-07-31,korhale,Baramati,82.8,23.9,99,16.3,105.6
2026-07-31,lasalgaon,Niphad,7.1,28.6,81,9.3,5.3
2026-07-31,pimpalgaon,Niphad,7.1,28.6,81,9.3,8.1
2026-07-31,vinchur,Niphad,7.1,28.6,81,9.3,7.6
2026-07-31,ozar,Niphad,7.1,28.6,81,9.3,7.4
2026-07-31,shendurni,Jamner,48.5,25.3,96,9.6,46.0
2026-07-31,pahur,Jamner,48.5,25.3,96,9.6,43.6
2026-07-31,neri,Jamner,48.5,25.3,96,9.6,41.4
2026-07-31,lohara,Jamner,48.5,25.3,96,9.6,39.8
2026-08-01,kanheri,Baramati,0.0,28.0,74,15.1,0.0
2026-08-01,jalochi,Baramati,0.0,28.0,74,15.1,0.0
2026-08-01,medad,Baramati,0.0,28.0,74,15.1,0.0
2026-08-01,nimbut,Baramati,0.0,28.0,74,15.1,0.0
2026-08-01,songaon,Baramati,0.0,28.0,74,15.1,0.0
2026-08-01,gunawadi,Baramati,0.0,28.0,74,15.1,0.0
2026-08-01,pandare,Baramati,0.0,28.0,74,15.1,0.0
2026-08-01,korhale,Baramati,0.0,28.0,74,15.1,0.0
2026-08-01,lasalgaon,Niphad,56.1,23.4,99,17.8,67.5
2026-08-01,pimpalgaon,Niphad,56.1,23.4,99,17.8,39.4
2026-08-01,vinchur,Niphad,56.1,23.4,99,17.8,48.3
2026-08-01,ozar,Niphad,56.1,23.4,99,17.8,65.3
2026-08-01,shendurni,Jamner,0.0,26.5,77,16.1,0.0
2026-08-01,pahur,Jamner,0.0,26.5,77,16.1,0.0
2026-08-01,neri,Jamner,0.0,26.5,77,16.1,0.0
2026-08-01,lohara,Jamner,0.0,26.5,77,16.1,0.0
2026-08-02,kanheri,Baramati,15.9,26.1,76,9.7,13.6
2026-08-02,jalochi,Baramati,15.9,26.1,76,9.7,13.9
2026-08-02,medad,Baramati,15.9,26.1,76,9.7,20.6
2026-08-02,nimbut,Baramati,15.9,26.1,76,9.7,21.2
2026-08-02,songaon,Baramati,15.9,26.1,76,9.7,15.1
2026-08-02,gunawadi,Baramati,15.9,26.1,76,9.7,14.8
2026-08-02,pandare,Baramati,15.9,26.1,76,9.7,14.0
2026-08-02,korhale,Baramati,15.9,26.1,76,9.7,16.1
2026-08-02,lasalgaon,Niphad,4.6,26.4,74,11.0,4.4
2026-08-02,pimpalgaon,Niphad,4.6,26.4,74,11.0,4.2
2026-08-02,vinchur,Niphad,4.6,26.4,74,11.0,4.6
2026-08-02,ozar,Niphad,4.6,26.4,74,11.0,4.9
2026-08-02,shendurni,Jamner,13.1,26.4,82,18.5,12.4
2026-08-02,pahur,Jamner,13.1,26.4,82,18.5,13.9
2026-08-02,neri,Jamner,13.1,26.4,82,18.5,10.2
2026-08-02,lohara,Jamner,13.1,26.4,82,18.5,11.4
2026-08-03,kanheri,Baramati,0.0,28.4,78,15.5,0.0
2026-08-03,jalochi,Baramati,0.0,28.4,78,15.5,0.0
2026-08-03,medad,Baramati,0.0,28.4,78,15.5,0.0
2026-08-03,nimbut,Baramati,0.0,28.4,78,15.5,0.0
2026-08-03,songaon,Baramati,0.0,28.4,78,15.5,0.0
2026-08-03,gunawadi,Baramati,0.0,28.4,78,15.5,0.0
2026-08-03,pandare,Baramati,0.0,28.4,78,15.5,0.0
2026-08-03,korhale,Baramati,0.0,28.4,78,15.5,0.0
2026-08-03,lasalgaon,Niphad,25.4,23.5,81,11.5,22.4
2026-08-03,pimpalgaon,Niphad,25.4,23.5,81,11.5,36.0
2026-08-03,vinchur,Niphad,25.4,23.5,81,11.5,27.1
2026-08-03,ozar,Niphad,25.4,23.5,81,11.5,21.6
2026-08-03,shendurni,Jamner,12.2,27.1,80,8.1,13.5
2026-08-03,pahur,Jamner,12.2,27.1,80,8.1,11.3
2026-08-03,neri,Jamner,12.2,27.1,80,8.1,8.9
2026-08-03,lohara,Jamner,12.2,27.1,80,8.1,8.6
2026-08-04,kanheri,Baramati,16.0,26.9,77,18.5,13.7
2026-08-04,jalochi,Baramati,16.0,26.9,77,18.5,18.8
2026-08-04,medad,Baramati,16.0,26.9,77,18.5,18.9
2026-08-04,nimbut,Baramati,16.0,26.9,77,18.5,16.0
2026-08-04,songaon,Baramati,16.0,26.9,77,18.5,12.7
2026-08-04,gunawadi,Baramati,16.0,26.9,77,18.5,10.6
2026-08-04,pandare,Baramati,16.0,26.9,77,18.5,13.6
2026-08-04,korhale,Baramati,16.0,26.9,77,18.5,19.0
2026-08-04,lasalgaon,Niphad,0.0,29.7,73,17.2,0.0
2026-08-04,pimpalgaon,Niphad,0.0,29.7,73,17.2,0.0
2026-08-04,vinchur,Niphad,0.0,29.7,73,17.2,0.0
2026-08-04,ozar,Niphad,0.0,29.7,73,17.2,0.0
2026-08-04,shendurni,Jamner,0.0,27.6,80,19.3,0.0
2026-08-04,pahur,Jamner,0.0,27.6,80,19.3,0.0
2026-08-04,neri,Jamner,0.0,27.6,80,19.3,0.0
2026-08-04,lohara,Jamner,0.0,27.6,80,19.3,0.0
2026-08-05,kanheri,Baramati,15.6,25.9,79,16.6,14.2
2026-08-05,jalochi,Baramati,15.6,25.9,79,16.6,16.8
2026-08-05,medad,Baramati,15.6,25.9,79,16.6,14.6
2026-08-05,nimbut,Baramati,15.6,25.9,79,16.6,16.5
2026-08-05,songaon,Baramati,15.6,25.9,79,16.6,12.3
2026-08-05,gunawadi,Baramati,15.6,25.9,79,16.6,12.3
2026-08-05,pandare,Baramati,15.6,25.9,79,16.6,13.9
2026-08-05,korhale,Baramati,15.6,25.9,79,16.6,15.7
2026-08-05,lasalgaon,Niphad,28.3,25.3,85,16.8,22.5
2026-08-05,pimpalgaon,Niphad,28.3,25.3,85,16.8,27.9
2026-08-05,vinchur,Niphad,28.3,25.3,85,16.8,30.9
2026-08-05,ozar,Niphad,28.3,25.3,85,16.8,33.0
2026-08-05,shendurni,Jamner,27.0,24.8,85,15.0,27.9
2026-08-05,pahur,Jamner,27.0,24.8,85,15.0,30.4
2026-08-05,neri,Jamner,27.0,24.8,85,15.0,23.6
2026-08-05,lohara,Jamner,27.0,24.8,85,15.0,20.2
2026-08-06,kanheri,Baramati,24.9,26.2,89,12.4,20.0
2026-08-06,jalochi,Baramati,24.9,26.2,89,12.4,18.1
2026-08-06,medad,Baramati,24.9,26.2,89,12.4,35.6
2026-08-06,nimbut,Baramati,24.9,26.2,89,12.4,28.9
2026-08-06,songaon,Baramati,24.9,26.2,89,12.4,23.0
2026-08-06,gunawadi,Baramati,24.9,26.2,89,12.4,24.5
2026-08-06,pandare,Baramati,24.9,26.2,89,12.4,19.5
2026-08-06,korhale,Baramati,24.9,26.2,89,12.4,29.9
2026-08-06,lasalgaon,Niphad,63.4,24.2,99,5.1,50.0
2026-08-06,pimpalgaon,Niphad,63.4,24.2,99,5.1,57.2
2026-08-06,vinchur,Niphad,63.4,24.2,99,5.1,79.0
2026-08-06,ozar,Niphad,63.4,24.2,99,5.1,65.2
2026-08-06,shendurni,Jamner,0.0,27.2,72,12.2,0.0
2026-08-06,pahur,Jamner,0.0,27.2,72,12.2,0.0
2026-08-06,neri,Jamner,0.0,27.2,72,12.2,0.0
2026-08-06,lohara,Jamner,0.0,27.2,72,12.2,0.0
2026-08-07,kanheri,Baramati,0.6,28.8,71,15.5,0.6
2026-08-07,jalochi,Baramati,0.6,28.8,71,15.5,0.5
2026-08-07,medad,Baramati,0.6,28.8,71,15.5,0.7
2026-08-07,nimbut,Baramati,0.6,28.8,71,15.5,0.5
2026-08-07,songaon,Baramati,0.6,28.8,71,15.5,0.5
2026-08-07,gunawadi,Baramati,0.6,28.8,71,15.5,0.6
2026-08-07,pandare,Baramati,0.6,28.8,71,15.5,0.4
2026-08-07,korhale,Baramati,0.6,28.8,71,15.5,0.6
2026-08-07,lasalgaon,Niphad,8.4,26.2,75,14.2,5.8
2026-08-07,pimpalgaon,Niphad,8.4,26.2,75,14.2,9.9
2026-08-07,vinchur,Niphad,8.4,26.2,75,14.2,10.0
2026-08-07,ozar,Niphad,8.4,26.2,75,14.2,10.3
2026-08-07,shendurni,Jamner,0.0,26.0,82,12.8,0.0
2026-08-07,pahur,Jamner,0.0,26.0,82,12.8,0.0
2026-08-07,neri,Jamner,0.0,26.0,82,12.8,0.0
2026-08-07,lohara,Jamner,0.0,26.0,82,12.8,0.0
2026-08-08,kanheri,Baramati,26.7,27.1,86,14.3,24.4
2026-08-08,jalochi,Baramati,26.7,27.1,86,14.3,27.4
2026-08-08,medad,Baramati,26.7,27.1,86,14.3,30.9
2026-08-08,nimbut,Baramati,26.7,27.1,86,14.3,28.0
2026-08-08,songaon,Baramati,26.7,27.1,86,14.3,23.5
2026-08-08,gunawadi,Baramati,26.7,27.1,86,14.3,20.2
2026-08-08,pandare,Baramati,26.7,27.1,86,14.3,19.4
2026-08-08,korhale,Baramati,26.7,27.1,86,14.3,29.9
2026-08-08,lasalgaon,Niphad,162.2,22.4,99,12.6,142.7
2026-08-08,pimpalgaon,Niphad,162.2,22.4,99,12.6,167.2
2026-08-08,vinchur,Niphad,162.2,22.4,99,12.6,169.7
2026-08-08,ozar,Niphad,162.2,22.4,99,12.6,182.1
2026-08-08,shendurni,Jamner,63.0,25.0,96,12.2,71.8
2026-08-08,pahur,Jamner,63.0,25.0,96,12.2,70.3
2026-08-08,neri,Jamner,63.0,25.0,96,12.2,61.1
2026-08-08,lohara,Jamner,63.0,25.0,96,12.2,46.2
2026-08-09,kanheri,Baramati,14.6,27.0,83,9.2,12.8
2026-08-09,jalochi,Baramati,14.6,27.0,83,9.2,16.5
2026-08-09,medad,Baramati,14.6,27.0,83,9.2,17.8
2026-08-09,nimbut,Baramati,14.6,27.0,83,9.2,16.4
2026-08-09,songaon,Baramati,14.6,27.0,83,9.2,12.1
2026-08-09,gunawadi,Baramati,14.6,27.0,83,9.2,9.8
2026-08-09,pandare,Baramati,14.6,27.0,83,9.2,17.0
2026-08-09,korhale,Baramati,14.6,27.0,83,9.2,15.8
2026-08-09,lasalgaon,Niphad,21.0,24.1,85,11.7,18.0
2026-08-09,pimpalgaon,Niphad,21.0,24.1,85,11.7,19.9
2026-08-09,vinchur,Niphad,21.0,24.1,85,11.7,21.7
2026-08-09,ozar,Niphad,21.0,24.1,85,11.7,27.2
2026-08-09,shendurni,Jamner,9.0,26.8,81,17.1,10.0
2026-08-09,pahur,Jamner,9.0,26.8,81,17.1,12.2
2026-08-09,neri,Jamner,9.0,26.8,81,17.1,7.1
2026-08-09,lohara,Jamner,9.0,26.8,81,17.1,6.9
2026-08-10,kanheri,Baramati,8.8,27.1,87,12.1,7.7
2026-08-10,jalochi,Baramati,8.8,27.1,87,12.1,7.8
2026-08-10,medad,Baramati,8.8,27.1,87,12.1,10.9
2026-08-10,nimbut,Baramati,8.8,27.1,87,12.1,12.0
2026-08-10,songaon,Baramati,8.8,27.1,87,12.1,10.6
2026-08-10,gunawadi,Baramati,8.8,27.1,87,12.1,7.0
2026-08-10,pandare,Baramati,8.8,27.1,87,12.1,7.8
2026-08-10,korhale,Baramati,8.8,27.1,87,12.1,11.0
2026-08-10,lasalgaon,Niphad,34.8,24.5,95,12.8,27.6
2026-08-10,pimpalgaon,Niphad,34.8,24.5,95,12.8,37.4
2026-08-10,vinchur,Niphad,34.8,24.5,95,12.8,36.9
2026-08-10,ozar,Niphad,34.8,24.5,95,12.8,40.8
2026-08-10,shendurni,Jamner,76.4,24.7,94,15.0,72.7
2026-08-10,pahur,Jamner,76.4,24.7,94,15.0,63.9
2026-08-10,neri,Jamner,76.4,24.7,94,15.0,56.8
2026-08-10,lohara,Jamner,76.4,24.7,94,15.0,77.8
2026-08-11,kanheri,Baramati,0.0,28.9,75,17.0,0.0
2026-08-11,jalochi,Baramati,0.0,28.9,75,17.0,0.0
2026-08-11,medad,Baramati,0.0,28.9,75,17.0,0.0
2026-08-11,nimbut,Baramati,0.0,28.9,75,17.0,0.0
2026-08-11,songaon,Baramati,0.0,28.9,75,17.0,0.0
2026-08-11,gunawadi,Baramati,0.0,28.9,75,17.0,0.0
2026-08-11,pandare,Baramati,0.0,28.9,75,17.0,0.0
2026-08-11,korhale,Baramati,0.0,28.9,75,17.0,0.0
2026-08-11,lasalgaon,Niphad,23.1,26.0,79,10.1,22.9
2026-08-11,pimpalgaon,Niphad,23.1,26.0,79,10.1,24.1
2026-08-11,vinchur,Niphad,23.1,26.0,79,10.1,18.6
2026-08-11,ozar,Niphad,23.1,26.0,79,10.1,23.4
2026-08-11,shendurni,Jamner,0.0,28.4,73,15.5,0.0
2026-08-11,pahur,Jamner,0.0,28.4,73,15.5,0.0
2026-08-11,neri,Jamner,0.0,28.4,73,15.5,0.0
2026-08-11,lohara,Jamner,0.0,28.4,73,15.5,0.0
2026-08-12,kanheri,Baramati,0.0,29.1,78,9.5,0.0
2026-08-12,jalochi,Baramati,0.0,29.1,78,9.5,0.0
2026-08-12,medad,Baramati,0.0,29.1,78,9.5,0.0
2026-08-12,nimbut,Baramati,0.0,29.1,78,9.5,0.0
2026-08-12,songaon,Baramati,0.0,29.1,78,9.5,0.0
2026-08-12,gunawadi,Baramati,0.0,29.1,78,9.5,0.0
2026-08-12,pandare,Baramati,0.0,29.1,78,9.5,0.0
2026-08-12,korhale,Baramati,0.0,29.1,78,9.5,0.0
2026-08-12,lasalgaon,Niphad,7.9,25.7,82,10.6,6.7
2026-08-12,pimpalgaon,Niphad,7.9,25.7,82,10.6,7.1
2026-08-12,vinchur,Niphad,7.9,25.7,82,10.6,8.6
2026-08-12,ozar,Niphad,7.9,25.7,82,10.6,10.7
2026-08-12,shendurni,Jamner,13.1,27.1,77,17.0,13.2
2026-08-12,pahur,Jamner,13.1,27.1,77,17.0,10.9
2026-08-12,neri,Jamner,13.1,27.1,77,17.0,10.1
2026-08-12,lohara,Jamner,13.1,27.1,77,17.0,12.1
2026-08-13,kanheri,Baramati,38.8,27.1,91,20.5,40.1
2026-08-13,jalochi,Baramati,38.8,27.1,91,20.5,35.7
2026-08-13,medad,Baramati,38.8,27.1,91,20.5,37.6
2026-08-13,nimbut,Baramati,38.8,27.1,91,20.5,31.3
2026-08-13,songaon,Baramati,38.8,27.1,91,20.5,32.0
2026-08-13,gunawadi,Baramati,38.8,27.1,91,20.5,34.9
2026-08-13,pandare,Baramati,38.8,27.1,91,20.5,31.9
2026-08-13,korhale,Baramati,38.8,27.1,91,20.5,40.2
2026-08-13,lasalgaon,Niphad,0.0,27.3,73,7.5,0.0
2026-08-13,pimpalgaon,Niphad,0.0,27.3,73,7.5,0.0
2026-08-13,vinchur,Niphad,0.0,27.3,73,7.5,0.0
2026-08-13,ozar,Niphad,0.0,27.3,73,7.5,0.0
2026-08-13,shendurni,Jamner,4.4,25.8,73,10.3,4.8
2026-08-13,pahur,Jamner,4.4,25.8,73,10.3,4.6
2026-08-13,neri,Jamner,4.4,25.8,73,10.3,3.9
2026-08-13,lohara,Jamner,4.4,25.8,73,10.3,3.4
2026-08-14,kanheri,Baramati,23.9,25.9,87,20.8,16.2
2026-08-14,jalochi,Baramati,23.9,25.9,87,20.8,25.7
2026-08-14,medad,Baramati,23.9,25.9,87,20.8,27.7
2026-08-14,nimbut,Baramati,23.9,25.9,87,20.8,27.5
2026-08-14,songaon,Baramati,23.9,25.9,87,20.8,20.6
2026-08-14,gunawadi,Baramati,23.9,25.9,87,20.8,25.9
2026-08-14,pandare,Baramati,23.9,25.9,87,20.8,20.8
2026-08-14,korhale,Baramati,23.9,25.9,87,20.8,31.7
2026-08-14,lasalgaon,Niphad,151.6,24.6,99,13.7,126.8
2026-08-14,pimpalgaon,Niphad,151.6,24.6,99,13.7,134.6
2026-08-14,vinchur,Niphad,151.6,24.6,99,13.7,153.9
2026-08-14,ozar,Niphad,151.6,24.6,99,13.7,200.8
2026-08-14,shendurni,Jamner,19.7,27.2,84,7.9,25.3
2026-08-14,pahur,Jamner,19.7,27.2,84,7.9,26.5
2026-08-14,neri,Jamner,19.7,27.2,84,7.9,14.9
2026-08-14,lohara,Jamner,19.7,27.2,84,7.9,14.5
2026-08-15,kanheri,Baramati,0.0,28.8,83,10.0,0.0
2026-08-15,jalochi,Baramati,0.0,28.8,83,10.0,0.0
2026-08-15,medad,Baramati,0.0,28.8,83,10.0,0.0
2026-08-15,nimbut,Baramati,0.0,28.8,83,10.0,0.0
2026-08-15,songaon,Baramati,0.0,28.8,83,10.0,0.0
2026-08-15,gunawadi,Baramati,0.0,28.8,83,10.0,0.0
2026-08-15,pandare,Baramati,0.0,28.8,83,10.0,0.0
2026-08-15,korhale,Baramati,0.0,28.8,83,10.0,0.0
2026-08-15,lasalgaon,Niphad,0.0,28.0,78,11.8,0.0
2026-08-15,pimpalgaon,Niphad,0.0,28.0,78,11.8,0.0
2026-08-15,vinchur,Niphad,0.0,28.0,78,11.8,0.0
2026-08-15,ozar,Niphad,0.0,28.0,78,11.8,0.0
2026-08-15,shendurni,Jamner,5.0,28.8,75,19.7,5.8
2026-08-15,pahur,Jamner,5.0,28.8,75,19.7,5.3
2026-08-15,neri,Jamner,5.0,28.8,75,19.7,4.8
2026-08-15,lohara,Jamner,5.0,28.8,75,19.7,4.1
2026-08-16,kanheri,Baramati,0.8,25.5,75,14.1,0.6
2026-08-16,jalochi,Baramati,0.8,25.5,75,14.1,0.8
2026-08-16,medad,Baramati,0.8,25.5,75,14.1,0.6
2026-08-16,nimbut,Baramati,0.8,25.5,75,14.1,1.0
2026-08-16,songaon,Baramati,0.8,25.5,75,14.1,0.5
2026-08-16,gunawadi,Baramati,0.8,25.5,75,14.1,0.7
2026-08-16,pandare,Baramati,0.8,25.5,75,14.1,0.6
2026-08-16,korhale,Baramati,0.8,25.5,75,14.1,0.9
2026-08-16,lasalgaon,Niphad,0.0,27.6,65,14.9,0.0
2026-08-16,pimpalgaon,Niphad,0.0,27.6,65,14.9,0.0
2026-08-16,vinchur,Niphad,0.0,27.6,65,14.9,0.0
2026-08-16,ozar,Niphad,0.0,27.6,65,14.9,0.0
2026-08-16,shendurni,Jamner,34.5,22.9,89,15.3,31.8
2026-08-16,pahur,Jamner,34.5,22.9,89,15.3,29.4
2026-08-16,neri,Jamner,34.5,22.9,89,15.3,33.6
2026-08-16,lohara,Jamner,34.5,22.9,89,15.3,28.4
2026-08-17,kanheri,Baramati,63.7,23.9,99,18.6,66.0
2026-08-17,jalochi,Baramati,63.7,23.9,99,18.6,63.6
2026-08-17,medad,Baramati,63.7,23.9,99,18.6,77.2
2026-08-17,nimbut,Baramati,63.7,23.9,99,18.6,67.0
2026-08-17,songaon,Baramati,63.7,23.9,99,18.6,56.0
2026-08-17,gunawadi,Baramati,63.7,23.9,99,18.6,68.6
2026-08-17,pandare,Baramati,63.7,23.9,99,18.6,51.3
2026-08-17,korhale,Baramati,63.7,23.9,99,18.6,79.0
2026-08-17,lasalgaon,Niphad,0.0,29.0,72,14.1,0.0
2026-08-17,pimpalgaon,Niphad,0.0,29.0,72,14.1,0.0
2026-08-17,vinchur,Niphad,0.0,29.0,72,14.1,0.0
2026-08-17,ozar,Niphad,0.0,29.0,72,14.1,0.0
2026-08-17,shendurni,Jamner,24.9,24.7,85,12.7,26.6
2026-08-17,pahur,Jamner,24.9,24.7,85,12.7,27.3
2026-08-17,neri,Jamner,24.9,24.7,85,12.7,22.9
2026-08-17,lohara,Jamner,24.9,24.7,85,12.7,19.8
2026-08-18,kanheri,Baramati,0.0,27.7,71,19.5,0.0
2026-08-18,jalochi,Baramati,0.0,27.7,71,19.5,0.0
2026-08-18,medad,Baramati,0.0,27.7,71,19.5,0.0
2026-08-18,nimbut,Baramati,0.0,27.7,71,19.5,0.0
2026-08-18,songaon,Baramati,0.0,27.7,71,19.5,0.0
2026-08-18,gunawadi,Baramati,0.0,27.7,71,19.5,0.0
2026-08-18,pandare,Baramati,0.0,27.7,71,19.5,0.0
2026-08-18,korhale,Baramati,0.0,27.7,71,19.5,0.0
2026-08-18,lasalgaon,Niphad,64.3,24.1,99,2.0,55.5
2026-08-18,pimpalgaon,Niphad,64.3,24.1,99,2.0,60.5
2026-08-18,vinchur,Niphad,64.3,24.1,99,2.0,66.1
2026-08-18,ozar,Niphad,64.3,24.1,99,2.0,68.2
2026-08-18,shendurni,Jamner,16.3,25.8,84,13.1,20.4
2026-08-18,pahur,Jamner,16.3,25.8,84,13.1,18.4
2026-08-18,neri,Jamner,16.3,25.8,84,13.1,15.2
2026-08-18,lohara,Jamner,16.3,25.8,84,13.1,12.3
2026-08-19,kanheri,Baramati,5.9,27.9,80,10.7,6.7
2026-08-19,jalochi,Baramati,5.9,27.9,80,10.7,6.3
2026-08-19,medad,Baramati,5.9,27.9,80,10.7,6.4
2026-08-19,nimbut,Baramati,5.9,27.9,80,10.7,6.8
2026-08-19,songaon,Baramati,5.9,27.9,80,10.7,5.7
2026-08-19,gunawadi,Baramati,5.9,27.9,80,10.7,5.1
2026-08-19,pandare,Baramati,5.9,27.9,80,10.7,4.2
2026-08-19,korhale,Baramati,5.9,27.9,80,10.7,6.0
2026-08-19,lasalgaon,Niphad,20.5,27.8,90,13.6,18.9
2026-08-19,pimpalgaon,Niphad,20.5,27.8,90,13.6,11.7
2026-08-19,vinchur,Niphad,20.5,27.8,90,13.6,20.9
2026-08-19,ozar,Niphad,20.5,27.8,90,13.6,22.8
2026-08-19,shendurni,Jamner,0.0,29.4,71,8.4,0.0
2026-08-19,pahur,Jamner,0.0,29.4,71,8.4,0.0
2026-08-19,neri,Jamner,0.0,29.4,71,8.4,0.0
2026-08-19,lohara,Jamner,0.0,29.4,71,8.4,0.0
2026-08-20,kanheri,Baramati,0.0,30.7,79,11.5,0.0
2026-08-20,jalochi,Baramati,0.0,30.7,79,11.5,0.0
2026-08-20,medad,Baramati,0.0,30.7,79,11.5,0.0
2026-08-20,nimbut,Baramati,0.0,30.7,79,11.5,0.0
2026-08-20,songaon,Baramati,0.0,30.7,79,11.5,0.0
2026-08-20,gunawadi,Baramati,0.0,30.7,79,11.5,0.0
2026-08-20,pandare,Baramati,0.0,30.7,79,11.5,0.0
2026-08-20,korhale,Baramati,0.0,30.7,79,11.5,0.0
2026-08-20,lasalgaon,Niphad,17.1,25.3,82,20.7,14.1
2026-08-20,pimpalgaon,Niphad,17.1,25.3,82,20.7,11.6
2026-08-20,vinchur,Niphad,17.1,25.3,82,20.7,17.8
2026-08-20,ozar,Niphad,17.1,25.3,82,20.7,22.4
2026-08-20,shendurni,Jamner,10.7,26.4,84,8.2,12.5
2026-08-20,pahur,Jamner,10.7,26.4,84,8.2,13.3
2026-08-20,neri,Jamner,10.7,26.4,84,8.2,11.3
2026-08-20,lohara,Jamner,10.7,26.4,84,8.2,8.2
2026-08-21,kanheri,Baramati,16.4,26.9,82,16.7,11.6
2026-08-21,jalochi,Baramati,16.4,26.9,82,16.7,19.7
2026-08-21,medad,Baramati,16.4,26.9,82,16.7,17.4
2026-08-21,nimbut,Baramati,16.4,26.9,82,16.7,16.9
2026-08-21,songaon,Baramati,16.4,26.9,82,16.7,18.3
2026-08-21,gunawadi,Baramati,16.4,26.9,82,16.7,20.0
2026-08-21,pandare,Baramati,16.4,26.9,82,16.7,15.3
2026-08-21,korhale,Baramati,16.4,26.9,82,16.7,24.2
2026-08-21,lasalgaon,Niphad,0.0,28.5,75,12.5,0.0
2026-08-21,pimpalgaon,Niphad,0.0,28.5,75,12.5,0.0
2026-08-21,vinchur,Niphad,0.0,28.5,75,12.5,0.0
2026-08-21,ozar,Niphad,0.0,28.5,75,12.5,0.0
2026-08-21,shendurni,Jamner,0.0,29.2,80,13.2,0.0
2026-08-21,pahur,Jamner,0.0,29.2,80,13.2,0.0
2026-08-21,neri,Jamner,0.0,29.2,80,13.2,0.0
2026-08-21,lohara,Jamner,0.0,29.2,80,13.2,0.0
2026-08-22,kanheri,Baramati,0.0,29.8,66,10.1,0.0
2026-08-22,jalochi,Baramati,0.0,29.8,66,10.1,0.0
2026-08-22,medad,Baramati,0.0,29.8,66,10.1,0.0
2026-08-22,nimbut,Baramati,0.0,29.8,66,10.1,0.0
2026-08-22,songaon,Baramati,0.0,29.8,66,10.1,0.0
2026-08-22,gunawadi,Baramati,0.0,29.8,66,10.1,0.0
2026-08-22,pandare,Baramati,0.0,29.8,66,10.1,0.0
2026-08-22,korhale,Baramati,0.0,29.8,66,10.1,0.0
2026-08-22,lasalgaon,Niphad,33.7,25.0,87,9.0,26.8
2026-08-22,pimpalgaon,Niphad,33.7,25.0,87,9.0,31.5
2026-08-22,vinchur,Niphad,33.7,25.0,87,9.0,29.8
2026-08-22,ozar,Niphad,33.7,25.0,87,9.0,36.7
2026-08-22,shendurni,Jamner,32.7,24.9,82,16.7,46.4
2026-08-22,pahur,Jamner,32.7,24.9,82,16.7,43.6
2026-08-22,neri,Jamner,32.7,24.9,82,16.7,31.1
2026-08-22,lohara,Jamner,32.7,24.9,82,16.7,29.1
2026-08-23,kanheri,Baramati,29.5,26.3,91,12.6,31.5
2026-08-23,jalochi,Baramati,29.5,26.3,91,12.6,26.4
2026-08-23,medad,Baramati,29.5,26.3,91,12.6,37.5
2026-08-23,nimbut,Baramati,29.5,26.3,91,12.6,32.1
2026-08-23,songaon,Baramati,29.5,26.3,91,12.6,31.7
2026-08-23,gunawadi,Baramati,29.5,26.3,91,12.6,34.6
2026-08-23,pandare,Baramati,29.5,26.3,91,12.6,19.9
2026-08-23,korhale,Baramati,29.5,26.3,91,12.6,37.4
2026-08-23,lasalgaon,Niphad,58.6,23.6,99,6.3,56.9
2026-08-23,pimpalgaon,Niphad,58.6,23.6,99,6.3,59.3
2026-08-23,vinchur,Niphad,58.6,23.6,99,6.3,58.7
2026-08-23,ozar,Niphad,58.6,23.6,99,6.3,54.7
2026-08-23,shendurni,Jamner,21.6,27.9,83,14.8,22.6
2026-08-23,pahur,Jamner,21.6,27.9,83,14.8,23.5
2026-08-23,neri,Jamner,21.6,27.9,83,14.8,19.7
2026-08-23,lohara,Jamner,21.6,27.9,83,14.8,15.4
2026-08-24,kanheri,Baramati,15.1,25.9,79,7.9,14.8
2026-08-24,jalochi,Baramati,15.1,25.9,79,7.9,12.8
2026-08-24,medad,Baramati,15.1,25.9,79,7.9,18.3
2026-08-24,nimbut,Baramati,15.1,25.9,79,7.9,14.3
2026-08-24,songaon,Baramati,15.1,25.9,79,7.9,15.2
2026-08-24,gunawadi,Baramati,15.1,25.9,79,7.9,10.2
2026-08-24,pandare,Baramati,15.1,25.9,79,7.9,16.2
2026-08-24,korhale,Baramati,15.1,25.9,79,7.9,15.8
2026-08-24,lasalgaon,Niphad,17.3,25.6,82,17.4,17.9
2026-08-24,pimpalgaon,Niphad,17.3,25.6,82,17.4,9.9
2026-08-24,vinchur,Niphad,17.3,25.6,82,17.4,15.5
2026-08-24,ozar,Niphad,17.3,25.6,82,17.4,23.7
2026-08-24,shendurni,Jamner,99.1,24.5,99,18.8,103.4
2026-08-24,pahur,Jamner,99.1,24.5,99,18.8,119.7
2026-08-24,neri,Jamner,99.1,24.5,99,18.8,83.2
2026-08-24,lohara,Jamner,99.1,24.5,99,18.8,70.5
2026-08-25,kanheri,Baramati,58.2,23.9,96,18.2,60.1
2026-08-25,jalochi,Baramati,58.2,23.9,96,18.2,52.2
2026-08-25,medad,Baramati,58.2,23.9,96,18.2,69.6
2026-08-25,nimbut,Baramati,58.2,23.9,96,18.2,56.8
2026-08-25,songaon,Baramati,58.2,23.9,96,18.2,58.8
2026-08-25,gunawadi,Baramati,58.2,23.9,96,18.2,35.6
2026-08-25,pandare,Baramati,58.2,23.9,96,18.2,53.7
2026-08-25,korhale,Baramati,58.2,23.9,96,18.2,66.1
2026-08-25,lasalgaon,Niphad,73.8,25.3,93,16.2,64.8
2026-08-25,pimpalgaon,Niphad,73.8,25.3,93,16.2,53.3
2026-08-25,vinchur,Niphad,73.8,25.3,93,16.2,98.4
2026-08-25,ozar,Niphad,73.8,25.3,93,16.2,79.8
2026-08-25,shendurni,Jamner,0.0,27.5,83,18.2,0.0
2026-08-25,pahur,Jamner,0.0,27.5,83,18.2,0.0
2026-08-25,neri,Jamner,0.0,27.5,83,18.2,0.0
2026-08-25,lohara,Jamner,0.0,27.5,83,18.2,0.0
2026-08-26,kanheri,Baramati,0.0,27.9,74,12.4,0.0
2026-08-26,jalochi,Baramati,0.0,27.9,74,12.4,0.0
2026-08-26,medad,Baramati,0.0,27.9,74,12.4,0.0
2026-08-26,nimbut,Baramati,0.0,27.9,74,12.4,0.0
2026-08-26,songaon,Baramati,0.0,27.9,74,12.4,0.0
2026-08-26,gunawadi,Baramati,0.0,27.9,74,12.4,0.0
2026-08-26,pandare,Baramati,0.0,27.9,74,12.4,0.0
2026-08-26,korhale,Baramati,0.0,27.9,74,12.4,0.0
2026-08-26,lasalgaon,Niphad,23.9,26.7,84,15.7,17.9
2026-08-26,pimpalgaon,Niphad,23.9,26.7,84,15.7,24.3
2026-08-26,vinchur,Niphad,23.9,26.7,84,15.7,23.7
2026-08-26,ozar,Niphad,23.9,26.7,84,15.7,27.6
2026-08-26,shendurni,Jamner,33.3,25.4,83,5.5,41.8
2026-08-26,pahur,Jamner,33.3,25.4,83,5.5,29.6
2026-08-26,neri,Jamner,33.3,25.4,83,5.5,27.2
2026-08-26,lohara,Jamner,33.3,25.4,83,5.5,43.3
2026-08-27,kanheri,Baramati,60.9,26.3,99,15.9,62.9
2026-08-27,jalochi,Baramati,60.9,26.3,99,15.9,50.8
2026-08-27,medad,Baramati,60.9,26.3,99,15.9,82.1
2026-08-27,nimbut,Baramati,60.9,26.3,99,15.9,77.3
2026-08-27,songaon,Baramati,60.9,26.3,99,15.9,49.2
2026-08-27,gunawadi,Baramati,60.9,26.3,99,15.9,49.1
2026-08-27,pandare,Baramati,60.9,26.3,99,15.9,44.7
2026-08-27,korhale,Baramati,60.9,26.3,99,15.9,68.4
2026-08-27,lasalgaon,Niphad,0.0,25.8,68,15.7,0.0
2026-08-27,pimpalgaon,Niphad,0.0,25.8,68,15.7,0.0
2026-08-27,vinchur,Niphad,0.0,25.8,68,15.7,0.0
2026-08-27,ozar,Niphad,0.0,25.8,68,15.7,0.0
2026-08-27,shendurni,Jamner,0.0,27.7,75,17.0,0.0
2026-08-27,pahur,Jamner,0.0,27.7,75,17.0,0.0
2026-08-27,neri,Jamner,0.0,27.7,75,17.0,0.0
2026-08-27,lohara,Jamner,0.0,27.7,75,17.0,0.0
2026-08-28,kanheri,Baramati,98.3,25.3,99,18.0,94.4
2026-08-28,jalochi,Baramati,98.3,25.3,99,18.0,115.4
2026-08-28,medad,Baramati,98.3,25.3,99,18.0,141.5
2026-08-28,nimbut,Baramati,98.3,25.3,99,18.0,112.1
2026-08-28,songaon,Baramati,98.3,25.3,99,18.0,71.8
2026-08-28,gunawadi,Baramati,98.3,25.3,99,18.0,89.5
2026-08-28,pandare,Baramati,98.3,25.3,99,18.0,68.6
2026-08-28,korhale,Baramati,98.3,25.3,99,18.0,111.3
2026-08-28,lasalgaon,Niphad,51.7,22.5,98,21.0,37.3
2026-08-28,pimpalgaon,Niphad,51.7,22.5,98,21.0,69.5
2026-08-28,vinchur,Niphad,51.7,22.5,98,21.0,61.2
2026-08-28,ozar,Niphad,51.7,22.5,98,21.0,53.1
2026-08-28,shendurni,Jamner,17.6,25.4,82,4.6,17.8
2026-08-28,pahur,Jamner,17.6,25.4,82,4.6,23.1
2026-08-28,neri,Jamner,17.6,25.4,82,4.6,13.2
2026-08-28,lohara,Jamner,17.6,25.4,82,4.6,12.4
2026-08-29,kanheri,Baramati,5.0,29.1,78,15.5,4.8
2026-08-29,jalochi,Baramati,5.0,29.1,78,15.5,4.2
2026-08-29,medad,Baramati,5.0,29.1,78,15.5,5.0
2026-08-29,nimbut,Baramati,5.0,29.1,78,15.5,5.0
2026-08-29,songaon,Baramati,5.0,29.1,78,15.5,3.7
2026-08-29,gunawadi,Baramati,5.0,29.1,78,15.5,4.9
2026-08-29,pandare,Baramati,5.0,29.1,78,15.5,4.3
2026-08-29,korhale,Baramati,5.0,29.1,78,15.5,7.1
2026-08-29,lasalgaon,Niphad,0.0,29.0,81,15.3,0.0
2026-08-29,pimpalgaon,Niphad,0.0,29.0,81,15.3,0.0
2026-08-29,vinchur,Niphad,0.0,29.0,81,15.3,0.0
2026-08-29,ozar,Niphad,0.0,29.0,81,15.3,0.0
2026-08-29,shendurni,Jamner,29.1,24.8,85,11.2,43.2
2026-08-29,pahur,Jamner,29.1,24.8,85,11.2,29.4
2026-08-29,neri,Jamner,29.1,24.8,85,11.2,23.0
2026-08-29,lohara,Jamner,29.1,24.8,85,11.2,17.1
2026-08-30,kanheri,Baramati,11.9,27.3,72,11.7,10.6
2026-08-30,jalochi,Baramati,11.9,27.3,72,11.7,11.3
2026-08-30,medad,Baramati,11.9,27.3,72,11.7,15.9
2026-08-30,nimbut,Baramati,11.9,27.3,72,11.7,12.8
2026-08-30,songaon,Baramati,11.9,27.3,72,11.7,10.3
2026-08-30,gunawadi,Baramati,11.9,27.3,72,11.7,9.4
2026-08-30,pandare,Baramati,11.9,27.3,72,11.7,8.4
2026-08-30,korhale,Baramati,11.9,27.3,72,11.7,13.8
2026-08-30,lasalgaon,Niphad,34.9,23.8,86,18.4,32.3
2026-08-30,pimpalgaon,Niphad,34.9,23.8,86,18.4,33.5
2026-08-30,vinchur,Niphad,34.9,23.8,86,18.4,37.7
2026-08-30,ozar,Niphad,34.9,23.8,86,18.4,38.0
2026-08-30,shendurni,Jamner,16.5,25.8,81,15.4,13.4
2026-08-30,pahur,Jamner,16.5,25.8,81,15.4,15.3
2026-08-30,neri,Jamner,16.5,25.8,81,15.4,13.3
2026-08-30,lohara,Jamner,16.5,25.8,81,15.4,12.0
2026-08-31,kanheri,Baramati,44.8,25.2,97,12.8,32.1
2026-08-31,jalochi,Baramati,44.8,25.2,97,12.8,38.1
2026-08-31,medad,Baramati,44.8,25.2,97,12.8,61.6
2026-08-31,nimbut,Baramati,44.8,25.2,97,12.8,51.4
2026-08-31,songaon,Baramati,44.8,25.2,97,12.8,41.9
2026-08-31,gunawadi,Baramati,44.8,25.2,97,12.8,49.9
2026-08-31,pandare,Baramati,44.8,25.2,97,12.8,49.4
2026-08-31,korhale,Baramati,44.8,25.2,97,12.8,31.8
2026-08-31,lasalgaon,Niphad,4.6,26.9,80,8.5,3.7
2026-08-31,pimpalgaon,Niphad,4.6,26.9,80,8.5,3.6
2026-08-31,vinchur,Niphad,4.6,26.9,80,8.5,5.6
2026-08-31,ozar,Niphad,4.6,26.9,80,8.5,6.2
2026-08-31,shendurni,Jamner,38.4,25.1,94,17.9,38.7
2026-08-31,pahur,Jamner,38.4,25.1,94,17.9,52.0
2026-08-31,neri,Jamner,38.4,25.1,94,17.9,48.0
2026-08-31,lohara,Jamner,38.4,25.1,94,17.9,36.3
2026-09-01,kanheri,Baramati,50.1,23.6,98,14.4,50.8
2026-09-01,jalochi,Baramati,50.1,23.6,98,14.4,53.1
2026-09-01,medad,Baramati,50.1,23.6,98,14.4,58.2
2026-09-01,nimbut,Baramati,50.1,23.6,98,14.4,46.6
2026-09-01,songaon,Baramati,50.1,23.6,98,14.4,38.1
2026-09-01,gunawadi,Baramati,50.1,23.6,98,14.4,33.2
2026-09-01,pandare,Baramati,50.1,23.6,98,14.4,44.4
2026-09-01,korhale,Baramati,50.1,23.6,98,14.4,62.2
2026-09-01,lasalgaon,Niphad,0.0,28.6,79,15.4,0.0
2026-09-01,pimpalgaon,Niphad,0.0,28.6,79,15.4,0.0
2026-09-01,vinchur,Niphad,0.0,28.6,79,15.4,0.0
2026-09-01,ozar,Niphad,0.0,28.6,79,15.4,0.0
2026-09-01,shendurni,Jamner,42.5,27.0,93,6.7,50.3
2026-09-01,pahur,Jamner,42.5,27.0,93,6.7,43.8
2026-09-01,neri,Jamner,42.5,27.0,93,6.7,31.3
2026-09-01,lohara,Jamner,42.5,27.0,93,6.7,42.0
2026-09-02,kanheri,Baramati,30.2,24.8,87,13.3,31.8
2026-09-02,jalochi,Baramati,30.2,24.8,87,13.3,30.1
2026-09-02,medad,Baramati,30.2,24.8,87,13.3,28.6
2026-09-02,nimbut,Baramati,30.2,24.8,87,13.3,31.4
2026-09-02,songaon,Baramati,30.2,24.8,87,13.3,21.0
2026-09-02,gunawadi,Baramati,30.2,24.8,87,13.3,22.7
2026-09-02,pandare,Baramati,30.2,24.8,87,13.3,26.1
2026-09-02,korhale,Baramati,30.2,24.8,87,13.3,29.6
2026-09-02,lasalgaon,Niphad,0.0,28.3,73,6.6,0.0
2026-09-02,pimpalgaon,Niphad,0.0,28.3,73,6.6,0.0
2026-09-02,vinchur,Niphad,0.0,28.3,73,6.6,0.0
2026-09-02,ozar,Niphad,0.0,28.3,73,6.6,0.0
2026-09-02,shendurni,Jamner,78.8,25.8,99,5.5,79.2
2026-09-02,pahur,Jamner,78.8,25.8,99,5.5,93.4
2026-09-02,neri,Jamner,78.8,25.8,99,5.5,69.2
2026-09-02,lohara,Jamner,78.8,25.8,99,5.5,56.6
2026-09-03,kanheri,Baramati,0.0,27.6,69,11.6,0.0
2026-09-03,jalochi,Baramati,0.0,27.6,69,11.6,0.0
2026-09-03,medad,Baramati,0.0,27.6,69,11.6,0.0
2026-09-03,nimbut,Baramati,0.0,27.6,69,11.6,0.0
2026-09-03,songaon,Baramati,0.0,27.6,69,11.6,0.0
2026-09-03,gunawadi,Baramati,0.0,27.6,69,11.6,0.0
2026-09-03,pandare,Baramati,0.0,27.6,69,11.6,0.0
2026-09-03,korhale,Baramati,0.0,27.6,69,11.6,0.0
2026-09-03,lasalgaon,Niphad,33.1,25.5,93,11.8,30.3
2026-09-03,pimpalgaon,Niphad,33.1,25.5,93,11.8,26.0
2026-09-03,vinchur,Niphad,33.1,25.5,93,11.8,35.0
2026-09-03,ozar,Niphad,33.1,25.5,93,11.8,32.5
2026-09-03,shendurni,Jamner,12.5,28.0,85,15.7,14.9
2026-09-03,pahur,Jamner,12.5,28.0,85,15.7,13.9
2026-09-03,neri,Jamner,12.5,28.0,85,15.7,9.7
2026-09-03,lohara,Jamner,12.5,28.0,85,15.7,12.1
2026-09-04,kanheri,Baramati,17.9,26.7,80,8.4,21.5
2026-09-04,jalochi,Baramati,17.9,26.7,80,8.4,15.5
2026-09-04,medad,Baramati,17.9,26.7,80,8.4,21.0
2026-09-04,nimbut,Baramati,17.9,26.7,80,8.4,18.8
2026-09-04,songaon,Baramati,17.9,26.7,80,8.4,19.4
2026-09-04,gunawadi,Baramati,17.9,26.7,80,8.4,13.9
2026-09-04,pandare,Baramati,17.9,26.7,80,8.4,12.6
2026-09-04,korhale,Baramati,17.9,26.7,80,8.4,26.1
2026-09-04,lasalgaon,Niphad,52.0,24.7,93,16.9,44.7
2026-09-04,pimpalgaon,Niphad,52.0,24.7,93,16.9,43.2
2026-09-04,vinchur,Niphad,52.0,24.7,93,16.9,60.6
2026-09-04,ozar,Niphad,52.0,24.7,93,16.9,65.3
2026-09-04,shendurni,Jamner,67.1,25.5,98,11.0,66.7
2026-09-04,pahur,Jamner,67.1,25.5,98,11.0,62.9
2026-09-04,neri,Jamner,67.1,25.5,98,11.0,61.9
2026-09-04,lohara,Jamner,67.1,25.5,98,11.0,42.8
2026-09-05,kanheri,Baramati,21.1,24.2,83,13.2,20.1
2026-09-05,jalochi,Baramati,21.1,24.2,83,13.2,22.3
2026-09-05,medad,Baramati,21.1,24.2,83,13.2,23.1
2026-09-05,nimbut,Baramati,21.1,24.2,83,13.2,25.1
2026-09-05,songaon,Baramati,21.1,24.2,83,13.2,19.8
2026-09-05,gunawadi,Baramati,21.1,24.2,83,13.2,18.2
2026-09-05,pandare,Baramati,21.1,24.2,83,13.2,21.1
2026-09-05,korhale,Baramati,21.1,24.2,83,13.2,20.9
2026-09-05,lasalgaon,Niphad,0.0,27.9,68,14.6,0.0
2026-09-05,pimpalgaon,Niphad,0.0,27.9,68,14.6,0.0
2026-09-05,vinchur,Niphad,0.0,27.9,68,14.6,0.0
2026-09-05,ozar,Niphad,0.0,27.9,68,14.6,0.0
2026-09-05,shendurni,Jamner,44.7,25.5,88,14.7,48.5
2026-09-05,pahur,Jamner,44.7,25.5,88,14.7,50.4
2026-09-05,neri,Jamner,44.7,25.5,88,14.7,35.9
2026-09-05,lohara,Jamner,44.7,25.5,88,14.7,37.0
2026-09-06,kanheri,Baramati,3.7,28.3,74,18.3,2.4
2026-09-06,jalochi,Baramati,3.7,28.3,74,18.3,4.0
2026-09-06,medad,Baramati,3.7,28.3,74,18.3,4.9
2026-09-06,nimbut,Baramati,3.7,28.3,74,18.3,3.5
2026-09-06,songaon,Baramati,3.7,28.3,74,18.3,3.6
2026-09-06,gunawadi,Baramati,3.7,28.3,74,18.3,3.5
2026-09-06,pandare,Baramati,3.7,28.3,74,18.3,1.9
2026-09-06,korhale,Baramati,3.7,28.3,74,18.3,5.0
2026-09-06,lasalgaon,Niphad,0.0,28.5,81,16.8,0.0
2026-09-06,pimpalgaon,Niphad,0.0,28.5,81,16.8,0.0
2026-09-06,vinchur,Niphad,0.0,28.5,81,16.8,0.0
2026-09-06,ozar,Niphad,0.0,28.5,81,16.8,0.0
2026-09-06,shendurni,Jamner,37.3,23.1,86,14.0,38.8
2026-09-06,pahur,Jamner,37.3,23.1,86,14.0,34.3
2026-09-06,neri,Jamner,37.3,23.1,86,14.0,22.1
2026-09-06,lohara,Jamner,37.3,23.1,86,14.0,23.8
2026-09-07,kanheri,Baramati,28.7,25.1,89,12.8,31.7
2026-09-07,jalochi,Baramati,28.7,25.1,89,12.8,34.3
2026-09-07,medad,Baramati,28.7,25.1,89,12.8,31.1
2026-09-07,nimbut,Baramati,28.7,25.1,89,12.8,33.8
2026-09-07,songaon,Baramati,28.7,25.1,89,12.8,29.5
2026-09-07,gunawadi,Baramati,28.7,25.1,89,12.8,24.8
2026-09-07,pandare,Baramati,28.7,25.1,89,12.8,22.7
2026-09-07,korhale,Baramati,28.7,25.1,89,12.8,26.8
2026-09-07,lasalgaon,Niphad,34.7,24.7,87,18.7,30.6
2026-09-07,pimpalgaon,Niphad,34.7,24.7,87,18.7,31.0
2026-09-07,vinchur,Niphad,34.7,24.7,87,18.7,35.2
2026-09-07,ozar,Niphad,34.7,24.7,87,18.7,42.0
2026-09-07,shendurni,Jamner,27.4,23.9,81,13.1,29.0
2026-09-07,pahur,Jamner,27.4,23.9,81,13.1,31.4
2026-09-07,neri,Jamner,27.4,23.9,81,13.1,18.6
2026-09-07,lohara,Jamner,27.4,23.9,81,13.1,23.5
2026-09-08,kanheri,Baramati,29.7,25.0,83,20.1,27.0
2026-09-08,jalochi,Baramati,29.7,25.0,83,20.1,26.0
2026-09-08,medad,Baramati,29.7,25.0,83,20.1,29.2
2026-09-08,nimbut,Baramati,29.7,25.0,83,20.1,41.9
2026-09-08,songaon,Baramati,29.7,25.0,83,20.1,33.5
2026-09-08,gunawadi,Baramati,29.7,25.0,83,20.1,29.2
2026-09-08,pandare,Baramati,29.7,25.0,83,20.1,24.7
2026-09-08,korhale,Baramati,29.7,25.0,83,20.1,36.7
2026-09-08,lasalgaon,Niphad,44.3,26.1,99,8.9,42.7
2026-09-08,pimpalgaon,Niphad,44.3,26.1,99,8.9,39.0
2026-09-08,vinchur,Niphad,44.3,26.1,99,8.9,53.3
2026-09-08,ozar,Niphad,44.3,26.1,99,8.9,51.0
2026-09-08,shendurni,Jamner,3.8,26.6,77,9.1,3.5
2026-09-08,pahur,Jamner,3.8,26.6,77,9.1,3.7
2026-09-08,neri,Jamner,3.8,26.6,77,9.1,3.3
2026-09-08,lohara,Jamner,3.8,26.6,77,9.1,2.7
2026-09-09,kanheri,Baramati,78.3,24.9,97,15.1,76.4
2026-09-09,jalochi,Baramati,78.3,24.9,97,15.1,72.1
2026-09-09,medad,Baramati,78.3,24.9,97,15.1,96.7
2026-09-09,nimbut,Baramati,78.3,24.9,97,15.1,100.8
2026-09-09,songaon,Baramati,78.3,24.9,97,15.1,78.3
2026-09-09,gunawadi,Baramati,78.3,24.9,97,15.1,57.0
2026-09-09,pandare,Baramati,78.3,24.9,97,15.1,70.8
2026-09-09,korhale,Baramati,78.3,24.9,97,15.1,103.8
2026-09-09,lasalgaon,Niphad,75.4,24.6,98,11.4,54.4
2026-09-09,pimpalgaon,Niphad,75.4,24.6,98,11.4,80.3
2026-09-09,vinchur,Niphad,75.4,24.6,98,11.4,74.3
2026-09-09,ozar,Niphad,75.4,24.6,98,11.4,84.6
2026-09-09,shendurni,Jamner,7.0,27.3,75,15.9,7.2
2026-09-09,pahur,Jamner,7.0,27.3,75,15.9,8.1
2026-09-09,neri,Jamner,7.0,27.3,75,15.9,4.9
2026-09-09,lohara,Jamner,7.0,27.3,75,15.9,5.1
2026-09-10,kanheri,Baramati,3.3,25.9,76,14.2,3.3
2026-09-10,jalochi,Baramati,3.3,25.9,76,14.2,2.4
2026-09-10,medad,Baramati,3.3,25.9,76,14.2,3.4
2026-09-10,nimbut,Baramati,3.3,25.9,76,14.2,3.1
2026-09-10,songaon,Baramati,3.3,25.9,76,14.2,4.1
2026-09-10,gunawadi,Baramati,3.3,25.9,76,14.2,2.7
2026-09-10,pandare,Baramati,3.3,25.9,76,14.2,3.3
2026-09-10,korhale,Baramati,3.3,25.9,76,14.2,4.7
2026-09-10,lasalgaon,Niphad,98.0,25.1,91,17.2,77.2
2026-09-10,pimpalgaon,Niphad,98.0,25.1,91,17.2,93.1
2026-09-10,vinchur,Niphad,98.0,25.1,91,17.2,104.6
2026-09-10,ozar,Niphad,98.0,25.1,91,17.2,121.9
2026-09-10,shendurni,Jamner,8.2,26.0,71,27.7,8.3
2026-09-10,pahur,Jamner,8.2,26.0,71,27.7,9.1
2026-09-10,neri,Jamner,8.2,26.0,71,27.7,9.3
2026-09-10,lohara,Jamner,8.2,26.0,71,27.7,7.8
2026-09-11,kanheri,Baramati,63.4,26.1,99,20.2,48.3
2026-09-11,jalochi,Baramati,63.4,26.1,99,20.2,51.6
2026-09-11,medad,Baramati,63.4,26.1,99,20.2,84.4
2026-09-11,nimbut,Baramati,63.4,26.1,99,20.2,71.1
2026-09-11,songaon,Baramati,63.4,26.1,99,20.2,60.7
2026-09-11,gunawadi,Baramati,63.4,26.1,99,20.2,67.6
2026-09-11,pandare,Baramati,63.4,26.1,99,20.2,48.0
2026-09-11,korhale,Baramati,63.4,26.1,99,20.2,76.9
2026-09-11,lasalgaon,Niphad,81.8,24.7,99,14.9,103.2
2026-09-11,pimpalgaon,Niphad,81.8,24.7,99,14.9,60.6
2026-09-11,vinchur,Niphad,81.8,24.7,99,14.9,76.7
2026-09-11,ozar,Niphad,81.8,24.7,99,14.9,93.3
2026-09-11,shendurni,Jamner,15.2,27.2,86,10.1,16.7
2026-09-11,pahur,Jamner,15.2,27.2,86,10.1,18.6
2026-09-11,neri,Jamner,15.2,27.2,86,10.1,16.4
2026-09-11,lohara,Jamner,15.2,27.2,86,10.1,11.6
2026-09-12,kanheri,Baramati,0.0,29.7,82,5.9,0.0
2026-09-12,jalochi,Baramati,0.0,29.7,82,5.9,0.0
2026-09-12,medad,Baramati,0.0,29.7,82,5.9,0.0
2026-09-12,nimbut,Baramati,0.0,29.7,82,5.9,0.0
2026-09-12,songaon,Baramati,0.0,29.7,82,5.9,0.0
2026-09-12,gunawadi,Baramati,0.0,29.7,82,5.9,0.0
2026-09-12,pandare,Baramati,0.0,29.7,82,5.9,0.0
2026-09-12,korhale,Baramati,0.0,29.7,82,5.9,0.0
2026-09-12,lasalgaon,Niphad,44.6,25.7,95,5.0,40.9
2026-09-12,pimpalgaon,Niphad,44.6,25.7,95,5.0,56.5
2026-09-12,vinchur,Niphad,44.6,25.7,95,5.0,48.6
2026-09-12,ozar,Niphad,44.6,25.7,95,5.0,58.7
2026-09-12,shendurni,Jamner,0.0,27.0,70,22.0,0.0
2026-09-12,pahur,Jamner,0.0,27.0,70,22.0,0.0
2026-09-12,neri,Jamner,0.0,27.0,70,22.0,0.0
2026-09-12,lohara,Jamner,0.0,27.0,70,22.0,0.0
2026-09-13,kanheri,Baramati,0.0,26.7,80,13.1,0.0
2026-09-13,jalochi,Baramati,0.0,26.7,80,13.1,0.0
2026-09-13,medad,Baramati,0.0,26.7,80,13.1,0.0
2026-09-13,nimbut,Baramati,0.0,26.7,80,13.1,0.0
2026-09-13,songaon,Baramati,0.0,26.7,80,13.1,0.0
2026-09-13,gunawadi,Baramati,0.0,26.7,80,13.1,0.0
2026-09-13,pandare,Baramati,0.0,26.7,80,13.1,0.0
2026-09-13,korhale,Baramati,0.0,26.7,80,13.1,0.0
2026-09-13,lasalgaon,Niphad,0.0,27.5,76,12.3,0.0
2026-09-13,pimpalgaon,Niphad,0.0,27.5,76,12.3,0.0
2026-09-13,vinchur,Niphad,0.0,27.5,76,12.3,0.0
2026-09-13,ozar,Niphad,0.0,27.5,76,12.3,0.0
2026-09-13,shendurni,Jamner,0.0,25.7,76,12.9,0.0
2026-09-13,pahur,Jamner,0.0,25.7,76,12.9,0.0
2026-09-13,neri,Jamner,0.0,25.7,76,12.9,0.0
2026-09-13,lohara,Jamner,0.0,25.7,76,12.9,0.0
2026-09-14,kanheri,Baramati,31.8,28.3,90,10.0,33.1
2026-09-14,jalochi,Baramati,31.8,28.3,90,10.0,36.1
2026-09-14,medad,Baramati,31.8,28.3,90,10.0,23.3
2026-09-14,nimbut,Baramati,31.8,28.3,90,10.0,24.2
2026-09-14,songaon,Baramati,31.8,28.3,90,10.0,25.2
2026-09-14,gunawadi,Baramati,31.8,28.3,90,10.0,31.0
2026-09-14,pandare,Baramati,31.8,28.3,90,10.0,30.0
2026-09-14,korhale,Baramati,31.8,28.3,90,10.0,37.0
2026-09-14,lasalgaon,Niphad,0.0,29.0,70,6.5,0.0
2026-09-14,pimpalgaon,Niphad,0.0,29.0,70,6.5,0.0
2026-09-14,vinchur,Niphad,0.0,29.0,70,6.5,0.0
2026-09-14,ozar,Niphad,0.0,29.0,70,6.5,0.0
2026-09-14,shendurni,Jamner,0.0,29.3,74,14.0,0.0
2026-09-14,pahur,Jamner,0.0,29.3,74,14.0,0.0
2026-09-14,neri,Jamner,0.0,29.3,74,14.0,0.0
2026-09-14,lohara,Jamner,0.0,29.3,74,14.0,0.0
2026-09-15,kanheri,Baramati,14.9,25.2,84,16.5,14.3
2026-09-15,jalochi,Baramati,14.9,25.2,84,16.5,15.4
2026-09-15,medad,Baramati,14.9,25.2,84,16.5,16.3
2026-09-15,nimbut,Baramati,14.9,25.2,84,16.5,19.6
2026-09-15,songaon,Baramati,14.9,25.2,84,16.5,12.8
2026-09-15,gunawadi,Baramati,14.9,25.2,84,16.5,15.8
2026-09-15,pandare,Baramati,14.9,25.2,84,16.5,15.1
2026-09-15,korhale,Baramati,14.9,25.2,84,16.5,17.8
2026-09-15,lasalgaon,Niphad,0.0,26.7,72,10.1,0.0
2026-09-15,pimpalgaon,Niphad,0.0,26.7,72,10.1,0.0
2026-09-15,vinchur,Niphad,0.0,26.7,72,10.1,0.0
2026-09-15,ozar,Niphad,0.0,26.7,72,10.1,0.0
2026-09-15,shendurni,Jamner,46.9,23.9,96,15.5,44.6
2026-09-15,pahur,Jamner,46.9,23.9,96,15.5,50.3
2026-09-15,neri,Jamner,46.9,23.9,96,15.5,35.0
2026-09-15,lohara,Jamner,46.9,23.9,96,15.5,32.0
2026-09-16,kanheri,Baramati,0.0,27.0,77,14.8,0.0
2026-09-16,jalochi,Baramati,0.0,27.0,77,14.8,0.0
2026-09-16,medad,Baramati,0.0,27.0,77,14.8,0.0
2026-09-16,nimbut,Baramati,0.0,27.0,77,14.8,0.0
2026-09-16,songaon,Baramati,0.0,27.0,77,14.8,0.0
2026-09-16,gunawadi,Baramati,0.0,27.0,77,14.8,0.0
2026-09-16,pandare,Baramati,0.0,27.0,77,14.8,0.0
2026-09-16,korhale,Baramati,0.0,27.0,77,14.8,0.0
2026-09-16,lasalgaon,Niphad,0.0,28.4,73,19.8,0.0
2026-09-16,pimpalgaon,Niphad,0.0,28.4,73,19.8,0.0
2026-09-16,vinchur,Niphad,0.0,28.4,73,19.8,0.0
2026-09-16,ozar,Niphad,0.0,28.4,73,19.8,0.0
2026-09-16,shendurni,Jamner,28.8,26.8,90,17.0,25.8
2026-09-16,pahur,Jamner,28.8,26.8,90,17.0,27.9
2026-09-16,neri,Jamner,28.8,26.8,90,17.0,30.6
2026-09-16,lohara,Jamner,28.8,26.8,90,17.0,28.9
2026-09-17,kanheri,Baramati,50.1,24.0,98,19.4,37.3
2026-09-17,jalochi,Baramati,50.1,24.0,98,19.4,56.0
2026-09-17,medad,Baramati,50.1,24.0,98,19.4,51.0
2026-09-17,nimbut,Baramati,50.1,24.0,98,19.4,58.8
2026-09-17,songaon,Baramati,50.1,24.0,98,19.4,37.9
2026-09-17,gunawadi,Baramati,50.1,24.0,98,19.4,35.4
2026-09-17,pandare,Baramati,50.1,24.0,98,19.4,38.1
2026-09-17,korhale,Baramati,50.1,24.0,98,19.4,52.0
2026-09-17,lasalgaon,Niphad,40.2,24.6,95,14.9,38.2
2026-09-17,pimpalgaon,Niphad,40.2,24.6,95,14.9,36.9
2026-09-17,vinchur,Niphad,40.2,24.6,95,14.9,38.7
2026-09-17,ozar,Niphad,40.2,24.6,95,14.9,45.4
2026-09-17,shendurni,Jamner,48.9,25.9,92,13.6,47.7
2026-09-17,pahur,Jamner,48.9,25.9,92,13.6,53.4
2026-09-17,neri,Jamner,48.9,25.9,92,13.6,47.2
2026-09-17,lohara,Jamner,48.9,25.9,92,13.6,47.3
2026-09-18,kanheri,Baramati,0.2,29.3,77,15.4,0.1
2026-09-18,jalochi,Baramati,0.2,29.3,77,15.4,0.2
2026-09-18,medad,Baramati,0.2,29.3,77,15.4,0.2
2026-09-18,nimbut,Baramati,0.2,29.3,77,15.4,0.2
2026-09-18,songaon,Baramati,0.2,29.3,77,15.4,0.2
2026-09-18,gunawadi,Baramati,0.2,29.3,77,15.4,0.1
2026-09-18,pandare,Baramati,0.2,29.3,77,15.4,0.2
2026-09-18,korhale,Baramati,0.2,29.3,77,15.4,0.2
2026-09-18,lasalgaon,Niphad,31.7,24.8,90,15.6,24.6
2026-09-18,pimpalgaon,Niphad,31.7,24.8,90,15.6,27.2
2026-09-18,vinchur,Niphad,31.7,24.8,90,15.6,35.8
2026-09-18,ozar,Niphad,31.7,24.8,90,15.6,43.2
2026-09-18,shendurni,Jamner,6.5,28.8,79,13.3,7.3
2026-09-18,pahur,Jamner,6.5,28.8,79,13.3,8.2
2026-09-18,neri,Jamner,6.5,28.8,79,13.3,5.6
2026-09-18,lohara,Jamner,6.5,28.8,79,13.3,6.0
2026-09-19,kanheri,Baramati,65.8,25.7,99,12.2,71.8
2026-09-19,jalochi,Baramati,65.8,25.7,99,12.2,60.3
2026-09-19,medad,Baramati,65.8,25.7,99,12.2,88.5
2026-09-19,nimbut,Baramati,65.8,25.7,99,12.2,70.5
2026-09-19,songaon,Baramati,65.8,25.7,99,12.2,63.5
2026-09-19,gunawadi,Baramati,65.8,25.7,99,12.2,81.8
2026-09-19,pandare,Baramati,65.8,25.7,99,12.2,76.4
2026-09-19,korhale,Baramati,65.8,25.7,99,12.2,63.9
2026-09-19,lasalgaon,Niphad,54.0,26.6,94,17.0,46.3
2026-09-19,pimpalgaon,Niphad,54.0,26.6,94,17.0,38.7
2026-09-19,vinchur,Niphad,54.0,26.6,94,17.0,45.6
2026-09-19,ozar,Niphad,54.0,26.6,94,17.0,61.0
2026-09-19,shendurni,Jamner,16.0,26.4,92,12.4,16.8
2026-09-19,pahur,Jamner,16.0,26.4,92,12.4,16.1
2026-09-19,neri,Jamner,16.0,26.4,92,12.4,10.7
2026-09-19,lohara,Jamner,16.0,26.4,92,12.4,13.0
2026-09-20,kanheri,Baramati,6.7,26.0,79,13.5,9.2
2026-09-20,jalochi,Baramati,6.7,26.0,79,13.5,6.5
2026-09-20,medad,Baramati,6.7,26.0,79,13.5,7.6
2026-09-20,nimbut,Baramati,6.7,26.0,79,13.5,10.1
2026-09-20,songaon,Baramati,6.7,26.0,79,13.5,5.0
2026-09-20,gunawadi,Baramati,6.7,26.0,79,13.5,5.8
2026-09-20,pandare,Baramati,6.7,26.0,79,13.5,5.0
2026-09-20,korhale,Baramati,6.7,26.0,79,13.5,8.0
2026-09-20,lasalgaon,Niphad,0.0,26.9,68,19.9,0.0
2026-09-20,pimpalgaon,Niphad,0.0,26.9,68,19.9,0.0
2026-09-20,vinchur,Niphad,0.0,26.9,68,19.9,0.0
2026-09-20,ozar,Niphad,0.0,26.9,68,19.9,0.0
2026-09-20,shendurni,Jamner,0.0,27.1,78,10.6,0.0
2026-09-20,pahur,Jamner,0.0,27.1,78,10.6,0.0
2026-09-20,neri,Jamner,0.0,27.1,78,10.6,0.0
2026-09-20,lohara,Jamner,0.0,27.1,78,10.6,0.0
2026-09-21,kanheri,Baramati,0.0,28.9,74,6.9,0.0
2026-09-21,jalochi,Baramati,0.0,28.9,74,6.9,0.0
2026-09-21,medad,Baramati,0.0,28.9,74,6.9,0.0
2026-09-21,nimbut,Baramati,0.0,28.9,74,6.9,0.0
2026-09-21,songaon,Baramati,0.0,28.9,74,6.9,0.0
2026-09-21,gunawadi,Baramati,0.0,28.9,74,6.9,0.0
2026-09-21,pandare,Baramati,0.0,28.9,74,6.9,0.0
2026-09-21,korhale,Baramati,0.0,28.9,74,6.9,0.0
2026-09-21,lasalgaon,Niphad,20.0,26.1,82,15.8,15.4
2026-09-21,pimpalgaon,Niphad,20.0,26.1,82,15.8,20.6
2026-09-21,vinchur,Niphad,20.0,26.1,82,15.8,22.6
2026-09-21,ozar,Niphad,20.0,26.1,82,15.8,24.4
2026-09-21,shendurni,Jamner,1.2,28.8,76,17.1,1.1
2026-09-21,pahur,Jamner,1.2,28.8,76,17.1,1.1
2026-09-21,neri,Jamner,1.2,28.8,76,17.1,1.0
2026-09-21,lohara,Jamner,1.2,28.8,76,17.1,0.8
2026-09-22,kanheri,Baramati,0.0,29.5,78,10.8,0.0
2026-09-22,jalochi,Baramati,0.0,29.5,78,10.8,0.0
2026-09-22,medad,Baramati,0.0,29.5,78,10.8,0.0
2026-09-22,nimbut,Baramati,0.0,29.5,78,10.8,0.0
2026-09-22,songaon,Baramati,0.0,29.5,78,10.8,0.0
2026-09-22,gunawadi,Baramati,0.0,29.5,78,10.8,0.0
2026-09-22,pandare,Baramati,0.0,29.5,78,10.8,0.0
2026-09-22,korhale,Baramati,0.0,29.5,78,10.8,0.0
2026-09-22,lasalgaon,Niphad,12.6,27.0,81,7.0,11.4
2026-09-22,pimpalgaon,Niphad,12.6,27.0,81,7.0,10.4
2026-09-22,vinchur,Niphad,12.6,27.0,81,7.0,13.0
2026-09-22,ozar,Niphad,12.6,27.0,81,7.0,15.3
2026-09-22,shendurni,Jamner,47.0,26.4,89,9.4,44.3
2026-09-22,pahur,Jamner,47.0,26.4,89,9.4,53.7
2026-09-22,neri,Jamner,47.0,26.4,89,9.4,40.2
2026-09-22,lohara,Jamner,47.0,26.4,89,9.4,47.2
2026-09-23,kanheri,Baramati,0.0,27.9,78,13.8,0.0
2026-09-23,jalochi,Baramati,0.0,27.9,78,13.8,0.0
2026-09-23,medad,Baramati,0.0,27.9,78,13.8,0.0
2026-09-23,nimbut,Baramati,0.0,27.9,78,13.8,0.0
2026-09-23,songaon,Baramati,0.0,27.9,78,13.8,0.0
2026-09-23,gunawadi,Baramati,0.0,27.9,78,13.8,0.0
2026-09-23,pandare,Baramati,0.0,27.9,78,13.8,0.0
2026-09-23,korhale,Baramati,0.0,27.9,78,13.8,0.0
2026-09-23,lasalgaon,Niphad,23.0,25.8,77,16.8,19.4
2026-09-23,pimpalgaon,Niphad,23.0,25.8,77,16.8,16.7
2026-09-23,vinchur,Niphad,23.0,25.8,77,16.8,30.5
2026-09-23,ozar,Niphad,23.0,25.8,77,16.8,24.6
2026-09-23,shendurni,Jamner,9.4,27.9,80,10.7,9.4
2026-09-23,pahur,Jamner,9.4,27.9,80,10.7,11.8
2026-09-23,neri,Jamner,9.4,27.9,80,10.7,7.8
2026-09-23,lohara,Jamner,9.4,27.9,80,10.7,7.1
2026-09-24,kanheri,Baramati,28.3,26.1,91,3.4,23.0
2026-09-24,jalochi,Baramati,28.3,26.1,91,3.4,23.2
2026-09-24,medad,Baramati,28.3,26.1,91,3.4,37.2
2026-09-24,nimbut,Baramati,28.3,26.1,91,3.4,25.0
2026-09-24,songaon,Baramati,28.3,26.1,91,3.4,29.2
2026-09-24,gunawadi,Baramati,28.3,26.1,91,3.4,23.9
2026-09-24,pandare,Baramati,28.3,26.1,91,3.4,22.3
2026-09-24,korhale,Baramati,28.3,26.1,91,3.4,36.7
2026-09-24,lasalgaon,Niphad,41.1,22.7,96,7.1,42.4
2026-09-24,pimpalgaon,Niphad,41.1,22.7,96,7.1,34.3
2026-09-24,vinchur,Niphad,41.1,22.7,96,7.1,39.7
2026-09-24,ozar,Niphad,41.1,22.7,96,7.1,54.2
2026-09-24,shendurni,Jamner,8.6,25.5,70,13.6,12.7
2026-09-24,pahur,Jamner,8.6,25.5,70,13.6,6.4
2026-09-24,neri,Jamner,8.6,25.5,70,13.6,8.6
2026-09-24,lohara,Jamner,8.6,25.5,70,13.6,7.1
2026-09-25,kanheri,Baramati,51.2,24.9,95,11.7,42.5
2026-09-25,jalochi,Baramati,51.2,24.9,95,11.7,56.6
2026-09-25,medad,Baramati,51.2,24.9,95,11.7,76.0
2026-09-25,nimbut,Baramati,51.2,24.9,95,11.7,62.8
2026-09-25,songaon,Baramati,51.2,24.9,95,11.7,43.9
2026-09-25,gunawadi,Baramati,51.2,24.9,95,11.7,40.4
2026-09-25,pandare,Baramati,51.2,24.9,95,11.7,42.1
2026-09-25,korhale,Baramati,51.2,24.9,95,11.7,63.7
2026-09-25,lasalgaon,Niphad,33.5,25.9,92,18.9,26.6
2026-09-25,pimpalgaon,Niphad,33.5,25.9,92,18.9,37.9
2026-09-25,vinchur,Niphad,33.5,25.9,92,18.9,40.9
2026-09-25,ozar,Niphad,33.5,25.9,92,18.9,40.7
2026-09-25,shendurni,Jamner,0.0,28.9,78,10.9,0.0
2026-09-25,pahur,Jamner,0.0,28.9,78,10.9,0.0
2026-09-25,neri,Jamner,0.0,28.9,78,10.9,0.0
2026-09-25,lohara,Jamner,0.0,28.9,78,10.9,0.0
2026-09-26,kanheri,Baramati,15.8,25.8,90,15.5,22.1
2026-09-26,jalochi,Baramati,15.8,25.8,90,15.5,15.5
2026-09-26,medad,Baramati,15.8,25.8,90,15.5,24.5
2026-09-26,nimbut,Baramati,15.8,25.8,90,15.5,23.0
2026-09-26,songaon,Baramati,15.8,25.8,90,15.5,10.9
2026-09-26,gunawadi,Baramati,15.8,25.8,90,15.5,13.2
2026-09-26,pandare,Baramati,15.8,25.8,90,15.5,16.7
2026-09-26,korhale,Baramati,15.8,25.8,90,15.5,14.7
2026-09-26,lasalgaon,Niphad,0.0,26.1,75,9.2,0.0
2026-09-26,pimpalgaon,Niphad,0.0,26.1,75,9.2,0.0
2026-09-26,vinchur,Niphad,0.0,26.1,75,9.2,0.0
2026-09-26,ozar,Niphad,0.0,26.1,75,9.2,0.0
2026-09-26,shendurni,Jamner,47.4,23.3,99,24.1,55.7
2026-09-26,pahur,Jamner,47.4,23.3,99,24.1,38.3
2026-09-26,neri,Jamner,47.4,23.3,99,24.1,48.0
2026-09-26,lohara,Jamner,47.4,23.3,99,24.1,39.9
2026-09-27,kanheri,Baramati,84.1,23.8,99,14.9,72.4
2026-09-27,jalochi,Baramati,84.1,23.8,99,14.9,72.5
2026-09-27,medad,Baramati,84.1,23.8,99,14.9,116.4
2026-09-27,nimbut,Baramati,84.1,23.8,99,14.9,78.9
2026-09-27,songaon,Baramati,84.1,23.8,99,14.9,78.6
2026-09-27,gunawadi,Baramati,84.1,23.8,99,14.9,64.2
2026-09-27,pandare,Baramati,84.1,23.8,99,14.9,93.4
2026-09-27,korhale,Baramati,84.1,23.8,99,14.9,87.1
2026-09-27,lasalgaon,Niphad,57.8,23.9,99,14.0,43.8
2026-09-27,pimpalgaon,Niphad,57.8,23.9,99,14.0,45.1
2026-09-27,vinchur,Niphad,57.8,23.9,99,14.0,57.4
2026-09-27,ozar,Niphad,57.8,23.9,99,14.0,70.6
2026-09-27,shendurni,Jamner,16.0,26.3,84,13.6,18.0
2026-09-27,pahur,Jamner,16.0,26.3,84,13.6,21.3
2026-09-27,neri,Jamner,16.0,26.3,84,13.6,16.9
2026-09-27,lohara,Jamner,16.0,26.3,84,13.6,14.5
2026-09-28,kanheri,Baramati,46.2,24.6,89,10.4,47.3
2026-09-28,jalochi,Baramati,46.2,24.6,89,10.4,40.4
2026-09-28,medad,Baramati,46.2,24.6,89,10.4,66.9
2026-09-28,nimbut,Baramati,46.2,24.6,89,10.4,51.9
2026-09-28,songaon,Baramati,46.2,24.6,89,10.4,52.8
2026-09-28,gunawadi,Baramati,46.2,24.6,89,10.4,63.2
2026-09-28,pandare,Baramati,46.2,24.6,89,10.4,53.5
2026-09-28,korhale,Baramati,46.2,24.6,89,10.4,59.7
2026-09-28,lasalgaon,Niphad,10.6,28.2,80,15.1,10.8
2026-09-28,pimpalgaon,Niphad,10.6,28.2,80,15.1,9.3
2026-09-28,vinchur,Niphad,10.6,28.2,80,15.1,9.4
2026-09-28,ozar,Niphad,10.6,28.2,80,15.1,10.3
2026-09-28,shendurni,Jamner,20.6,26.0,84,11.8,24.9
2026-09-28,pahur,Jamner,20.6,26.0,84,11.8,20.8
2026-09-28,neri,Jamner,20.6,26.0,84,11.8,13.1
2026-09-28,lohara,Jamner,20.6,26.0,84,11.8,13.9
2026-09-29,kanheri,Baramati,0.0,28.3,75,17.7,0.0
2026-09-29,jalochi,Baramati,0.0,28.3,75,17.7,0.0
2026-09-29,medad,Baramati,0.0,28.3,75,17.7,0.0
2026-09-29,nimbut,Baramati,0.0,28.3,75,17.7,0.0
2026-09-29,songaon,Baramati,0.0,28.3,75,17.7,0.0
2026-09-29,gunawadi,Baramati,0.0,28.3,75,17.7,0.0
2026-09-29,pandare,Baramati,0.0,28.3,75,17.7,0.0
2026-09-29,korhale,Baramati,0.0,28.3,75,17.7,0.0
2026-09-29,lasalgaon,Niphad,18.3,25.7,75,20.4,13.5
2026-09-29,pimpalgaon,Niphad,18.3,25.7,75,20.4,18.8
2026-09-29,vinchur,Niphad,18.3,25.7,75,20.4,19.5
2026-09-29,ozar,Niphad,18.3,25.7,75,20.4,21.9
2026-09-29,shendurni,Jamner,0.0,28.9,67,7.9,0.0
2026-09-29,pahur,Jamner,0.0,28.9,67,7.9,0.0
2026-09-29,neri,Jamner,0.0,28.9,67,7.9,0.0
2026-09-29,lohara,Jamner,0.0,28.9,67,7.9,0.0
2026-09-30,kanheri,Baramati,36.2,24.9,92,4.2,38.3
2026-09-30,jalochi,Baramati,36.2,24.9,92,4.2,33.6
2026-09-30,medad,Baramati,36.2,24.9,92,4.2,43.5
2026-09-30,nimbut,Baramati,36.2,24.9,92,4.2,32.9
2026-09-30,songaon,Baramati,36.2,24.9,92,4.2,32.3
2026-09-30,gunawadi,Baramati,36.2,24.9,92,4.2,35.7
2026-09-30,pandare,Baramati,36.2,24.9,92,4.2,26.4
2026-09-30,korhale,Baramati,36.2,24.9,92,4.2,43.5
2026-09-30,lasalgaon,Niphad,0.0,28.1,77,20.0,0.0
2026-09-30,pimpalgaon,Niphad,0.0,28.1,77,20.0,0.0
2026-09-30,vinchur,Niphad,0.0,28.1,77,20.0,0.0
2026-09-30,ozar,Niphad,0.0,28.1,77,20.0,0.0
2026-09-30,shendurni,Jamner,0.0,27.9,83,10.8,0.0
2026-09-30,pahur,Jamner,0.0,27.9,83,10.8,0.0
2026-09-30,neri,Jamner,0.0,27.9,83,10.8,0.0
2026-09-30,lohara,Jamner,0.0,27.9,83,10.8,0.0
